{
  "output": "/home/cxr/verl-closeout/verl-pi/verlpi-smoke/round-policy.json",
  "policy_generation": "P0",
  "checksum": "749d7a9f0e47fc5ace0f0bd18d6285df58d38f97f8222c75a4d1adca69638578",
  "adapter_revision": "6db6a40c881b1896a061a0a51c36112a482f7dd8a659294c2471c248eb2458ae"
}
{
  "agent_loop_yaml": "/home/cxr/verl-closeout/verl-pi/verlpi-smoke/agent_loop.yaml",
  "policy_fingerprint": "749d7a9f0e47fc5ace0f0bd18d6285df58d38f97f8222c75a4d1adca69638578"
}
2026-09-10 22:49:53,510	INFO worker.py:1683 -- Using address local set in the environment variable RAY_ADDRESS
2026-09-10 22:49:56,781	INFO worker.py:2015 -- Started a local Ray instance. View the dashboard at http://127.0.0.1:8265 
ray init kwargs: {'num_cpus': None, 'object_store_memory': 2147483648, 'runtime_env': {'env_vars': {'TOKENIZERS_PARALLELISM': 'true', 'NCCL_DEBUG': 'WARN', 'VLLM_LOGGING_LEVEL': 'WARN', 'VLLM_ALLOW_RUNTIME_LORA_UPDATING': 'true', 'CUDA_DEVICE_MAX_CONNECTIONS': '1', 'VLLM_DISABLE_COMPILE_CACHE': '1', 'HCCL_HOST_SOCKET_PORT_RANGE': 'auto', 'HCCL_NPU_SOCKET_PORT_RANGE': 'auto'}, 'working_dir': None}}
(TaskRunner pid=3636680) TaskRunner hostname: server-desktop, PID: 3636680
(TaskRunner pid=3636680) {'actor_rollout_ref': {'actor': {'_target_': 'verl.workers.config.FSDPActorConfig',
(TaskRunner pid=3636680)                                  'calculate_entropy': False,
(TaskRunner pid=3636680)                                  'calculate_sum_pi_squared': False,
(TaskRunner pid=3636680)                                  'checkpoint': {'_target_': 'verl.trainer.config.CheckpointConfig',
(TaskRunner pid=3636680)                                                 'async_save': False,
(TaskRunner pid=3636680)                                                 'load_contents': ['model',
(TaskRunner pid=3636680)                                                                   'optimizer',
(TaskRunner pid=3636680)                                                                   'extra'],
(TaskRunner pid=3636680)                                                 'mbridge_config': {},
(TaskRunner pid=3636680)                                                 'save_contents': ['model',
(TaskRunner pid=3636680)                                                                   'optimizer',
(TaskRunner pid=3636680)                                                                   'extra']},
(TaskRunner pid=3636680)                                  'clip_ratio': 0.2,
(TaskRunner pid=3636680)                                  'clip_ratio_c': 3.0,
(TaskRunner pid=3636680)                                  'clip_ratio_high': 0.2,
(TaskRunner pid=3636680)                                  'clip_ratio_low': 0.2,
(TaskRunner pid=3636680)                                  'data_loader_seed': 42,
(TaskRunner pid=3636680)                                  'entropy_checkpointing': False,
(TaskRunner pid=3636680)                                  'entropy_coeff': 0,
(TaskRunner pid=3636680)                                  'entropy_from_logits_with_chunking': False,
(TaskRunner pid=3636680)                                  'freeze_vision_tower': False,
(TaskRunner pid=3636680)                                  'fsdp_config': {'_target_': 'verl.workers.config.FSDPEngineConfig',
(TaskRunner pid=3636680)                                                  'dtype': 'bfloat16',
(TaskRunner pid=3636680)                                                  'entropy_checkpointing': False,
(TaskRunner pid=3636680)                                                  'entropy_from_logits_with_chunking': False,
(TaskRunner pid=3636680)                                                  'forward_only': False,
(TaskRunner pid=3636680)                                                  'forward_prefetch': False,
(TaskRunner pid=3636680)                                                  'fsdp_size': -1,
(TaskRunner pid=3636680)                                                  'full_determinism': False,
(TaskRunner pid=3636680)                                                  'model_dtype': 'fp32',
(TaskRunner pid=3636680)                                                  'offload_policy': False,
(TaskRunner pid=3636680)                                                  'optimizer_offload': True,
(TaskRunner pid=3636680)                                                  'param_offload': False,
(TaskRunner pid=3636680)                                                  'qat': {'_target_': 'verl.workers.config.QATEngineConfig',
(TaskRunner pid=3636680)                                                          'activation_observer': 'static_minmax',
(TaskRunner pid=3636680)                                                          'enable': False,
(TaskRunner pid=3636680)                                                          'group_size': 16,
(TaskRunner pid=3636680)                                                          'ignore_patterns': ['lm_head',
(TaskRunner pid=3636680)                                                                              'embed_tokens',
(TaskRunner pid=3636680)                                                                              're:.*mlp.gate$'],
(TaskRunner pid=3636680)                                                          'mode': 'w4a16',
(TaskRunner pid=3636680)                                                          'quantization_config_path': None},
(TaskRunner pid=3636680)                                                  'reshard_after_forward': True,
(TaskRunner pid=3636680)                                                  'seed': 42,
(TaskRunner pid=3636680)                                                  'strategy': 'fsdp',
(TaskRunner pid=3636680)                                                  'ulysses_sequence_parallel_size': 1,
(TaskRunner pid=3636680)                                                  'use_orig_params': False,
(TaskRunner pid=3636680)                                                  'use_torch_compile': True,
(TaskRunner pid=3636680)                                                  'wrap_policy': {'min_num_params': 0,
(TaskRunner pid=3636680)                                                                  'transformer_layer_cls_to_wrap': ['Qwen2DecoderLayer']}},
(TaskRunner pid=3636680)                                  'grad_clip': 1.0,
(TaskRunner pid=3636680)                                  'kl_loss_coef': 0.001,
(TaskRunner pid=3636680)                                  'kl_loss_type': 'low_var_kl',
(TaskRunner pid=3636680)                                  'loss_agg_mode': 'token-mean',
(TaskRunner pid=3636680)                                  'loss_scale_factor': None,
(TaskRunner pid=3636680)                                  'optim': {'_target_': 'verl.workers.config.FSDPOptimizerConfig',
(TaskRunner pid=3636680)                                            'betas': [0.9, 0.999],
(TaskRunner pid=3636680)                                            'clip_grad': 1.0,
(TaskRunner pid=3636680)                                            'lr': 1e-06,
(TaskRunner pid=3636680)                                            'lr_scheduler_type': 'constant',
(TaskRunner pid=3636680)                                            'lr_warmup_steps': -1,
(TaskRunner pid=3636680)                                            'lr_warmup_steps_ratio': 0.0,
(TaskRunner pid=3636680)                                            'min_lr_ratio': 0.0,
(TaskRunner pid=3636680)                                            'num_cycles': 0.5,
(TaskRunner pid=3636680)                                            'optimizer': 'AdamW',
(TaskRunner pid=3636680)                                            'optimizer_impl': 'torch.optim',
(TaskRunner pid=3636680)                                            'override_optimizer_config': None,
(TaskRunner pid=3636680)                                            'total_training_steps': -1,
(TaskRunner pid=3636680)                                            'warmup_style': None,
(TaskRunner pid=3636680)                                            'weight_decay': 0.01,
(TaskRunner pid=3636680)                                            'zero_indexed_step': True},
(TaskRunner pid=3636680)                                  'policy_loss': {'_target_': 'verl.workers.config.PolicyLossConfig',
(TaskRunner pid=3636680)                                                  'clip_cov_lb': 1.0,
(TaskRunner pid=3636680)                                                  'clip_cov_ratio': 0.0002,
(TaskRunner pid=3636680)                                                  'clip_cov_ub': 5.0,
(TaskRunner pid=3636680)                                                  'kl_cov_ratio': 0.0002,
(TaskRunner pid=3636680)                                                  'loss_mode': 'vanilla',
(TaskRunner pid=3636680)                                                  'ppo_kl_coef': 0.1},
(TaskRunner pid=3636680)                                  'ppo_epochs': 1,
(TaskRunner pid=3636680)                                  'ppo_max_token_len_per_gpu': 16384,
(TaskRunner pid=3636680)                                  'ppo_micro_batch_size': None,
(TaskRunner pid=3636680)                                  'ppo_micro_batch_size_per_gpu': 1,
(TaskRunner pid=3636680)                                  'ppo_mini_batch_size': 1,
(TaskRunner pid=3636680)                                  'profiler': {'_target_': 'verl.utils.profiler.ProfilerConfig',
(TaskRunner pid=3636680)                                               'all_ranks': False,
(TaskRunner pid=3636680)                                               'enable': False,
(TaskRunner pid=3636680)                                               'ranks': [],
(TaskRunner pid=3636680)                                               'save_path': 'outputs/profile',
(TaskRunner pid=3636680)                                               'tool': None,
(TaskRunner pid=3636680)                                               'tool_config': {'npu': {'_target_': 'verl.utils.profiler.config.NPUToolConfig',
(TaskRunner pid=3636680)                                                                       'analysis': True,
(TaskRunner pid=3636680)                                                                       'contents': [],
(TaskRunner pid=3636680)                                                                       'discrete': False,
(TaskRunner pid=3636680)                                                                       'level': 'level0'},
(TaskRunner pid=3636680)                                                               'nsys': {'_target_': 'verl.utils.profiler.config.NsightToolConfig',
(TaskRunner pid=3636680)                                                                        'discrete': False},
(TaskRunner pid=3636680)                                                               'torch': {'_target_': 'verl.utils.profiler.config.TorchProfilerToolConfig',
(TaskRunner pid=3636680)                                                                         'contents': [],
(TaskRunner pid=3636680)                                                                         'discrete': False},
(TaskRunner pid=3636680)                                                               'torch_memory': {'_target_': 'verl.utils.profiler.config.TorchMemoryToolConfig',
(TaskRunner pid=3636680)                                                                                'stack_depth': 32,
(TaskRunner pid=3636680)                                                                                'trace_alloc_max_entries': 100000}}},
(TaskRunner pid=3636680)                                  'qat': {'activation_observer': 'static_minmax',
(TaskRunner pid=3636680)                                          'enable': False,
(TaskRunner pid=3636680)                                          'group_size': 16,
(TaskRunner pid=3636680)                                          'ignore_patterns': ['lm_head',
(TaskRunner pid=3636680)                                                              'embed_tokens',
(TaskRunner pid=3636680)                                                              're:.*mlp.gate$'],
(TaskRunner pid=3636680)                                          'mode': 'w4a16',
(TaskRunner pid=3636680)                                          'quantization_config_path': None},
(TaskRunner pid=3636680)                                  'rollout_n': 4,
(TaskRunner pid=3636680)                                  'router_replay': {'_target_': 'verl.workers.config.RouterReplayConfig',
(TaskRunner pid=3636680)                                                    'mode': 'disabled',
(TaskRunner pid=3636680)                                                    'record_file': None,
(TaskRunner pid=3636680)                                                    'replay_file': None},
(TaskRunner pid=3636680)                                  'shuffle': False,
(TaskRunner pid=3636680)                                  'strategy': 'fsdp2',
(TaskRunner pid=3636680)                                  'sum_pi_squared_checkpointing': False,
(TaskRunner pid=3636680)                                  'tau_neg': 1.05,
(TaskRunner pid=3636680)                                  'tau_pos': 1.0,
(TaskRunner pid=3636680)                                  'ulysses_sequence_parallel_size': 1,
(TaskRunner pid=3636680)                                  'use_dynamic_bsz': False,
(TaskRunner pid=3636680)                                  'use_fused_kernels': False,
(TaskRunner pid=3636680)                                  'use_kl_loss': False,
(TaskRunner pid=3636680)                                  'use_prefix_grouper': False,
(TaskRunner pid=3636680)                                  'use_remove_padding': False,
(TaskRunner pid=3636680)                                  'use_torch_compile': True},
(TaskRunner pid=3636680)                        'hybrid_engine': True,
(TaskRunner pid=3636680)                        'model': {'_target_': 'verl.workers.config.HFModelConfig',
(TaskRunner pid=3636680)                                  'custom_chat_template': None,
(TaskRunner pid=3636680)                                  'enable_activation_offload': False,
(TaskRunner pid=3636680)                                  'enable_gradient_checkpointing': True,
(TaskRunner pid=3636680)                                  'exclude_modules': None,
(TaskRunner pid=3636680)                                  'external_lib': None,
(TaskRunner pid=3636680)                                  'fused_kernel_options': {'impl_backend': 'torch'},
(TaskRunner pid=3636680)                                  'hf_config_path': None,
(TaskRunner pid=3636680)                                  'lora_adapter_path': '/home/cxr/agentic/checkpoints/sft-runs/qwen14b-base-apps-clean-v2/epoch1',
(TaskRunner pid=3636680)                                  'lora_alpha': 16,
(TaskRunner pid=3636680)                                  'lora_rank': 8,
(TaskRunner pid=3636680)                                  'mtp': {'_target_': 'verl.workers.config.MtpConfig',
(TaskRunner pid=3636680)                                          'detach_encoder': False,
(TaskRunner pid=3636680)                                          'enable': False,
(TaskRunner pid=3636680)                                          'enable_rollout': False,
(TaskRunner pid=3636680)                                          'enable_train': False,
(TaskRunner pid=3636680)                                          'method': 'mtp',
(TaskRunner pid=3636680)                                          'mtp_loss_scaling_factor': 0.1,
(TaskRunner pid=3636680)                                          'num_speculative_tokens': 1,
(TaskRunner pid=3636680)                                          'speculative_algorithm': 'EAGLE',
(TaskRunner pid=3636680)                                          'speculative_eagle_topk': 1,
(TaskRunner pid=3636680)                                          'speculative_num_draft_tokens': 4,
(TaskRunner pid=3636680)                                          'speculative_num_steps': 3},
(TaskRunner pid=3636680)                                  'override_config': {'attn_implementation': 'sdpa'},
(TaskRunner pid=3636680)                                  'path': '/home/cxr/agentic/models/qwen2.5-coder-14b-base',
(TaskRunner pid=3636680)                                  'target_modules': ['q_proj',
(TaskRunner pid=3636680)                                                     'k_proj',
(TaskRunner pid=3636680)                                                     'v_proj',
(TaskRunner pid=3636680)                                                     'o_proj',
(TaskRunner pid=3636680)                                                     'gate_proj',
(TaskRunner pid=3636680)                                                     'up_proj',
(TaskRunner pid=3636680)                                                     'down_proj'],
(TaskRunner pid=3636680)                                  'tiled_mlp': {'enabled': False,
(TaskRunner pid=3636680)                                                'num_shards': 4},
(TaskRunner pid=3636680)                                  'tokenizer_path': None,
(TaskRunner pid=3636680)                                  'trust_remote_code': False,
(TaskRunner pid=3636680)                                  'use_fused_kernels': False,
(TaskRunner pid=3636680)                                  'use_liger': False,
(TaskRunner pid=3636680)                                  'use_remove_padding': False,
(TaskRunner pid=3636680)                                  'use_shm': False},
(TaskRunner pid=3636680)                        'nccl_timeout': 600,
(TaskRunner pid=3636680)                        'ref': {'_target_': 'verl.workers.config.FSDPActorConfig',
(TaskRunner pid=3636680)                                'entropy_checkpointing': False,
(TaskRunner pid=3636680)                                'entropy_from_logits_with_chunking': False,
(TaskRunner pid=3636680)                                'fsdp_config': {'_target_': 'verl.workers.config.FSDPEngineConfig',
(TaskRunner pid=3636680)                                                'dtype': 'bfloat16',
(TaskRunner pid=3636680)                                                'entropy_checkpointing': False,
(TaskRunner pid=3636680)                                                'entropy_from_logits_with_chunking': False,
(TaskRunner pid=3636680)                                                'forward_only': True,
(TaskRunner pid=3636680)                                                'forward_prefetch': False,
(TaskRunner pid=3636680)                                                'fsdp_size': -1,
(TaskRunner pid=3636680)                                                'full_determinism': False,
(TaskRunner pid=3636680)                                                'model_dtype': 'fp32',
(TaskRunner pid=3636680)                                                'offload_policy': False,
(TaskRunner pid=3636680)                                                'optimizer_offload': False,
(TaskRunner pid=3636680)                                                'param_offload': False,
(TaskRunner pid=3636680)                                                'qat': {'_target_': 'verl.workers.config.QATEngineConfig',
(TaskRunner pid=3636680)                                                        'activation_observer': 'static_minmax',
(TaskRunner pid=3636680)                                                        'enable': False,
(TaskRunner pid=3636680)                                                        'group_size': 16,
(TaskRunner pid=3636680)                                                        'ignore_patterns': ['lm_head',
(TaskRunner pid=3636680)                                                                            'embed_tokens',
(TaskRunner pid=3636680)                                                                            're:.*mlp.gate$'],
(TaskRunner pid=3636680)                                                        'mode': 'w4a16',
(TaskRunner pid=3636680)                                                        'quantization_config_path': None},
(TaskRunner pid=3636680)                                                'reshard_after_forward': True,
(TaskRunner pid=3636680)                                                'seed': 42,
(TaskRunner pid=3636680)                                                'strategy': 'fsdp',
(TaskRunner pid=3636680)                                                'ulysses_sequence_parallel_size': 1,
(TaskRunner pid=3636680)                                                'use_orig_params': False,
(TaskRunner pid=3636680)                                                'use_torch_compile': True,
(TaskRunner pid=3636680)                                                'wrap_policy': {'min_num_params': 0}},
(TaskRunner pid=3636680)                                'log_prob_max_token_len_per_gpu': 16384,
(TaskRunner pid=3636680)                                'log_prob_micro_batch_size': None,
(TaskRunner pid=3636680)                                'log_prob_micro_batch_size_per_gpu': None,
(TaskRunner pid=3636680)                                'log_prob_use_dynamic_bsz': False,
(TaskRunner pid=3636680)                                'profiler': {'_target_': 'verl.utils.profiler.ProfilerConfig',
(TaskRunner pid=3636680)                                             'all_ranks': False,
(TaskRunner pid=3636680)                                             'enable': False,
(TaskRunner pid=3636680)                                             'ranks': [],
(TaskRunner pid=3636680)                                             'save_path': 'outputs/profile',
(TaskRunner pid=3636680)                                             'tool': None,
(TaskRunner pid=3636680)                                             'tool_config': {'npu': {'_target_': 'verl.utils.profiler.config.NPUToolConfig',
(TaskRunner pid=3636680)                                                                     'analysis': True,
(TaskRunner pid=3636680)                                                                     'contents': [],
(TaskRunner pid=3636680)                                                                     'discrete': False,
(TaskRunner pid=3636680)                                                                     'level': 'level0'},
(TaskRunner pid=3636680)                                                             'nsys': {'_target_': 'verl.utils.profiler.config.NsightToolConfig',
(TaskRunner pid=3636680)                                                                      'discrete': False},
(TaskRunner pid=3636680)                                                             'torch': {'_target_': 'verl.utils.profiler.config.TorchProfilerToolConfig',
(TaskRunner pid=3636680)                                                                       'contents': [],
(TaskRunner pid=3636680)                                                                       'discrete': False},
(TaskRunner pid=3636680)                                                             'torch_memory': {'_target_': 'verl.utils.profiler.config.TorchMemoryToolConfig',
(TaskRunner pid=3636680)                                                                              'stack_depth': 32,
(TaskRunner pid=3636680)                                                                              'trace_alloc_max_entries': 100000}}},
(TaskRunner pid=3636680)                                'rollout_n': 4,
(TaskRunner pid=3636680)                                'router_replay': {'_target_': 'verl.workers.config.RouterReplayConfig',
(TaskRunner pid=3636680)                                                  'mode': 'disabled',
(TaskRunner pid=3636680)                                                  'record_file': None,
(TaskRunner pid=3636680)                                                  'replay_file': None},
(TaskRunner pid=3636680)                                'strategy': 'fsdp2',
(TaskRunner pid=3636680)                                'ulysses_sequence_parallel_size': 1,
(TaskRunner pid=3636680)                                'use_torch_compile': True},
(TaskRunner pid=3636680)                        'rollout': {'_target_': 'verl.workers.config.RolloutConfig',
(TaskRunner pid=3636680)                                    'agent': {'_target_': 'verl.workers.config.AgentLoopConfig',
(TaskRunner pid=3636680)                                              'agent_loop_config_path': '/home/cxr/verl-closeout/verl-pi/verlpi-smoke/agent_loop.yaml',
(TaskRunner pid=3636680)                                              'agent_loop_manager_class': 'src.integrations.verl.verl_manager.CertifiedVerlAgentLoopManager',
(TaskRunner pid=3636680)                                              'custom_async_server': {'_target_': 'verl.workers.config.CustomAsyncServerConfig',
(TaskRunner pid=3636680)                                                                      'name': None,
(TaskRunner pid=3636680)                                                                      'path': None},
(TaskRunner pid=3636680)                                              'default_agent_loop': 'pi_agent',
(TaskRunner pid=3636680)                                              'num_workers': 4},
(TaskRunner pid=3636680)                                    'calculate_log_probs': True,
(TaskRunner pid=3636680)                                    'checkpoint_engine': {'_target_': 'verl.workers.config.CheckpointEngineConfig',
(TaskRunner pid=3636680)                                                          'backend': 'naive',
(TaskRunner pid=3636680)                                                          'engine_kwargs': {},
(TaskRunner pid=3636680)                                                          'update_weights_bucket_megabytes': 2048},
(TaskRunner pid=3636680)                                    'cudagraph_capture_sizes': None,
(TaskRunner pid=3636680)                                    'data_parallel_size': 1,
(TaskRunner pid=3636680)                                    'disable_log_stats': True,
(TaskRunner pid=3636680)                                    'do_sample': True,
(TaskRunner pid=3636680)                                    'dtype': 'bfloat16',
(TaskRunner pid=3636680)                                    'enable_chunked_prefill': True,
(TaskRunner pid=3636680)                                    'enable_prefix_caching': True,
(TaskRunner pid=3636680)                                    'enable_rollout_routing_replay': False,
(TaskRunner pid=3636680)                                    'enforce_eager': False,
(TaskRunner pid=3636680)                                    'engine_kwargs': {'sglang': {},
(TaskRunner pid=3636680)                                                      'trtllm': {},
(TaskRunner pid=3636680)                                                      'vllm': {}},
(TaskRunner pid=3636680)                                    'expert_parallel_size': 1,
(TaskRunner pid=3636680)                                    'free_cache_engine': True,
(TaskRunner pid=3636680)                                    'gpu_memory_utilization': 0.3,
(TaskRunner pid=3636680)                                    'ignore_eos': False,
(TaskRunner pid=3636680)                                    'layered_summon': False,
(TaskRunner pid=3636680)                                    'load_format': 'dummy',
(TaskRunner pid=3636680)                                    'log_prob_max_token_len_per_gpu': 16384,
(TaskRunner pid=3636680)                                    'log_prob_micro_batch_size': None,
(TaskRunner pid=3636680)                                    'log_prob_micro_batch_size_per_gpu': 1,
(TaskRunner pid=3636680)                                    'log_prob_use_dynamic_bsz': False,
(TaskRunner pid=3636680)                                    'logprobs_mode': 'processed_logprobs',
(TaskRunner pid=3636680)                                    'max_model_len': 6400,
(TaskRunner pid=3636680)                                    'max_num_batched_tokens': 8192,
(TaskRunner pid=3636680)                                    'max_num_seqs': 1024,
(TaskRunner pid=3636680)                                    'mode': 'async',
(TaskRunner pid=3636680)                                    'mtp': {'_target_': 'verl.workers.config.MtpConfig',
(TaskRunner pid=3636680)                                            'detach_encoder': False,
(TaskRunner pid=3636680)                                            'enable': False,
(TaskRunner pid=3636680)                                            'enable_rollout': False,
(TaskRunner pid=3636680)                                            'enable_train': False,
(TaskRunner pid=3636680)                                            'method': 'mtp',
(TaskRunner pid=3636680)                                            'mtp_loss_scaling_factor': 0.1,
(TaskRunner pid=3636680)                                            'num_speculative_tokens': 1,
(TaskRunner pid=3636680)                                            'speculative_algorithm': 'EAGLE',
(TaskRunner pid=3636680)                                            'speculative_eagle_topk': 1,
(TaskRunner pid=3636680)                                            'speculative_num_draft_tokens': 4,
(TaskRunner pid=3636680)                                            'speculative_num_steps': 3},
(TaskRunner pid=3636680)                                    'multi_stage_wake_up': False,
(TaskRunner pid=3636680)                                    'multi_turn': {'_target_': 'verl.workers.config.MultiTurnConfig',
(TaskRunner pid=3636680)                                                   'enable': False,
(TaskRunner pid=3636680)                                                   'format': 'hermes',
(TaskRunner pid=3636680)                                                   'interaction_config_path': None,
(TaskRunner pid=3636680)                                                   'max_assistant_turns': None,
(TaskRunner pid=3636680)                                                   'max_parallel_calls': 1,
(TaskRunner pid=3636680)                                                   'max_tool_response_length': 256,
(TaskRunner pid=3636680)                                                   'max_user_turns': None,
(TaskRunner pid=3636680)                                                   'num_repeat_rollouts': None,
(TaskRunner pid=3636680)                                                   'tokenization_sanity_check_mode': 'strict',
(TaskRunner pid=3636680)                                                   'tool_config_path': None,
(TaskRunner pid=3636680)                                                   'tool_response_truncate_side': 'middle',
(TaskRunner pid=3636680)                                                   'use_inference_chat_template': False},
(TaskRunner pid=3636680)                                    'n': 4,
(TaskRunner pid=3636680)                                    'n_gpus_per_node': 2,
(TaskRunner pid=3636680)                                    'name': 'vllm',
(TaskRunner pid=3636680)                                    'nnodes': 0,
(TaskRunner pid=3636680)                                    'over_sample_rate': 0,
(TaskRunner pid=3636680)                                    'pipeline_model_parallel_size': 1,
(TaskRunner pid=3636680)                                    'profiler': {'_target_': 'verl.utils.profiler.ProfilerConfig',
(TaskRunner pid=3636680)                                                 'all_ranks': False,
(TaskRunner pid=3636680)                                                 'enable': False,
(TaskRunner pid=3636680)                                                 'ranks': [],
(TaskRunner pid=3636680)                                                 'save_path': 'outputs/profile',
(TaskRunner pid=3636680)                                                 'tool': None,
(TaskRunner pid=3636680)                                                 'tool_config': {'npu': {'_target_': 'verl.utils.profiler.config.NPUToolConfig',
(TaskRunner pid=3636680)                                                                         'analysis': True,
(TaskRunner pid=3636680)                                                                         'contents': [],
(TaskRunner pid=3636680)                                                                         'discrete': False,
(TaskRunner pid=3636680)                                                                         'level': 'level0'},
(TaskRunner pid=3636680)                                                                 'torch': {'_target_': 'verl.utils.profiler.config.TorchProfilerToolConfig',
(TaskRunner pid=3636680)                                                                           'contents': [],
(TaskRunner pid=3636680)                                                                           'discrete': False}}},
(TaskRunner pid=3636680)                                    'prometheus': {'_target_': 'verl.workers.config.PrometheusConfig',
(TaskRunner pid=3636680)                                                   'enable': False,
(TaskRunner pid=3636680)                                                   'file': '/tmp/ray/session_latest/metrics/prometheus/prometheus.yml',
(TaskRunner pid=3636680)                                                   'port': 9090,
(TaskRunner pid=3636680)                                                   'served_model_name': '/home/cxr/agentic/models/qwen2.5-coder-14b-base'},
(TaskRunner pid=3636680)                                    'prompt_length': 2048,
(TaskRunner pid=3636680)                                    'qat': {'_target_': 'verl.workers.config.QATEngineConfig',
(TaskRunner pid=3636680)                                            'activation_observer': 'static_minmax',
(TaskRunner pid=3636680)                                            'enable': False,
(TaskRunner pid=3636680)                                            'group_size': 16,
(TaskRunner pid=3636680)                                            'ignore_patterns': ['lm_head',
(TaskRunner pid=3636680)                                                                'embed_tokens',
(TaskRunner pid=3636680)                                                                're:.*mlp.gate$'],
(TaskRunner pid=3636680)                                            'mode': 'w4a16',
(TaskRunner pid=3636680)                                            'quantization_config_path': None},
(TaskRunner pid=3636680)                                    'quantization': None,
(TaskRunner pid=3636680)                                    'quantization_config_file': None,
(TaskRunner pid=3636680)                                    'response_length': 3584,
(TaskRunner pid=3636680)                                    'scheduling_policy': 'fcfs',
(TaskRunner pid=3636680)                                    'skip_dump_dir': '/tmp/rollout_dump',
(TaskRunner pid=3636680)                                    'skip_rollout': False,
(TaskRunner pid=3636680)                                    'skip_tokenizer_init': True,
(TaskRunner pid=3636680)                                    'temperature': 1.0,
(TaskRunner pid=3636680)                                    'tensor_model_parallel_size': 2,
(TaskRunner pid=3636680)                                    'top_k': -1,
(TaskRunner pid=3636680)                                    'top_p': 1,
(TaskRunner pid=3636680)                                    'trace': {'_target_': 'verl.workers.config.TraceConfig',
(TaskRunner pid=3636680)                                              'backend': None,
(TaskRunner pid=3636680)                                              'experiment_name': 'verlpi-smoke',
(TaskRunner pid=3636680)                                              'max_samples_per_step_per_worker': None,
(TaskRunner pid=3636680)                                              'project_name': 'agentic-rl',
(TaskRunner pid=3636680)                                              'token2text': False},
(TaskRunner pid=3636680)                                    'val_kwargs': {'_target_': 'verl.workers.config.SamplingConfig',
(TaskRunner pid=3636680)                                                   'do_sample': False,
(TaskRunner pid=3636680)                                                   'n': 1,
(TaskRunner pid=3636680)                                                   'temperature': 0,
(TaskRunner pid=3636680)                                                   'top_k': -1,
(TaskRunner pid=3636680)                                                   'top_p': 1.0}}},
(TaskRunner pid=3636680)  'algorithm': {'_target_': 'verl.trainer.config.AlgoConfig',
(TaskRunner pid=3636680)                'adv_estimator': 'grpo',
(TaskRunner pid=3636680)                'gamma': 1.0,
(TaskRunner pid=3636680)                'kl_ctrl': {'_target_': 'verl.trainer.config.KLControlConfig',
(TaskRunner pid=3636680)                            'horizon': 10000,
(TaskRunner pid=3636680)                            'kl_coef': 0.001,
(TaskRunner pid=3636680)                            'target_kl': 0.1,
(TaskRunner pid=3636680)                            'type': 'fixed'},
(TaskRunner pid=3636680)                'kl_penalty': 'kl',
(TaskRunner pid=3636680)                'lam': 1.0,
(TaskRunner pid=3636680)                'norm_adv_by_std_in_grpo': True,
(TaskRunner pid=3636680)                'pf_ppo': {'reweight_method': 'pow', 'weight_pow': 2.0},
(TaskRunner pid=3636680)                'rollout_correction': {'bypass_mode': False,
(TaskRunner pid=3636680)                                       'loss_type': 'ppo_clip',
(TaskRunner pid=3636680)                                       'rollout_is': None,
(TaskRunner pid=3636680)                                       'rollout_is_batch_normalize': False,
(TaskRunner pid=3636680)                                       'rollout_is_threshold': 2.0,
(TaskRunner pid=3636680)                                       'rollout_rs': None,
(TaskRunner pid=3636680)                                       'rollout_rs_threshold': None},
(TaskRunner pid=3636680)                'use_kl_in_reward': False,
(TaskRunner pid=3636680)                'use_pf_ppo': False},
(TaskRunner pid=3636680)  'critic': {'_target_': 'verl.workers.config.FSDPCriticConfig',
(TaskRunner pid=3636680)             'checkpoint': {'_target_': 'verl.trainer.config.CheckpointConfig',
(TaskRunner pid=3636680)                            'async_save': False,
(TaskRunner pid=3636680)                            'load_contents': ['model', 'optimizer', 'extra'],
(TaskRunner pid=3636680)                            'mbridge_config': {},
(TaskRunner pid=3636680)                            'save_contents': ['model', 'optimizer', 'extra']},
(TaskRunner pid=3636680)             'cliprange_value': 0.5,
(TaskRunner pid=3636680)             'data_loader_seed': 42,
(TaskRunner pid=3636680)             'enable': None,
(TaskRunner pid=3636680)             'forward_max_token_len_per_gpu': 32768,
(TaskRunner pid=3636680)             'forward_micro_batch_size': None,
(TaskRunner pid=3636680)             'forward_micro_batch_size_per_gpu': None,
(TaskRunner pid=3636680)             'grad_clip': 1.0,
(TaskRunner pid=3636680)             'loss_agg_mode': 'token-mean',
(TaskRunner pid=3636680)             'model': {'_target_': 'verl.workers.config.FSDPCriticModelCfg',
(TaskRunner pid=3636680)                       'enable_activation_offload': False,
(TaskRunner pid=3636680)                       'enable_gradient_checkpointing': True,
(TaskRunner pid=3636680)                       'external_lib': None,
(TaskRunner pid=3636680)                       'fsdp_config': {'_target_': 'verl.workers.config.FSDPEngineConfig',
(TaskRunner pid=3636680)                                       'dtype': 'bfloat16',
(TaskRunner pid=3636680)                                       'entropy_checkpointing': False,
(TaskRunner pid=3636680)                                       'entropy_from_logits_with_chunking': False,
(TaskRunner pid=3636680)                                       'forward_only': False,
(TaskRunner pid=3636680)                                       'forward_prefetch': False,
(TaskRunner pid=3636680)                                       'fsdp_size': -1,
(TaskRunner pid=3636680)                                       'full_determinism': False,
(TaskRunner pid=3636680)                                       'model_dtype': 'fp32',
(TaskRunner pid=3636680)                                       'offload_policy': False,
(TaskRunner pid=3636680)                                       'optimizer_offload': False,
(TaskRunner pid=3636680)                                       'param_offload': False,
(TaskRunner pid=3636680)                                       'qat': {'_target_': 'verl.workers.config.QATEngineConfig',
(TaskRunner pid=3636680)                                               'activation_observer': 'static_minmax',
(TaskRunner pid=3636680)                                               'enable': False,
(TaskRunner pid=3636680)                                               'group_size': 16,
(TaskRunner pid=3636680)                                               'ignore_patterns': ['lm_head',
(TaskRunner pid=3636680)                                                                   'embed_tokens',
(TaskRunner pid=3636680)                                                                   're:.*mlp.gate$'],
(TaskRunner pid=3636680)                                               'mode': 'w4a16',
(TaskRunner pid=3636680)                                               'quantization_config_path': None},
(TaskRunner pid=3636680)                                       'reshard_after_forward': True,
(TaskRunner pid=3636680)                                       'seed': 42,
(TaskRunner pid=3636680)                                       'strategy': 'fsdp',
(TaskRunner pid=3636680)                                       'ulysses_sequence_parallel_size': 1,
(TaskRunner pid=3636680)                                       'use_orig_params': False,
(TaskRunner pid=3636680)                                       'use_torch_compile': True,
(TaskRunner pid=3636680)                                       'wrap_policy': {'min_num_params': 0}},
(TaskRunner pid=3636680)                       'lora_alpha': 16,
(TaskRunner pid=3636680)                       'lora_rank': 0,
(TaskRunner pid=3636680)                       'override_config': {},
(TaskRunner pid=3636680)                       'path': '/home/cxr/agentic/models/qwen2.5-coder-14b-base',
(TaskRunner pid=3636680)                       'target_modules': 'all-linear',
(TaskRunner pid=3636680)                       'tiled_mlp': {'enabled': False, 'num_shards': 4},
(TaskRunner pid=3636680)                       'tokenizer_path': '/home/cxr/agentic/models/qwen2.5-coder-14b-base',
(TaskRunner pid=3636680)                       'trust_remote_code': False,
(TaskRunner pid=3636680)                       'use_remove_padding': False,
(TaskRunner pid=3636680)                       'use_shm': False},
(TaskRunner pid=3636680)             'optim': {'_target_': 'verl.workers.config.FSDPOptimizerConfig',
(TaskRunner pid=3636680)                       'betas': [0.9, 0.999],
(TaskRunner pid=3636680)                       'clip_grad': 1.0,
(TaskRunner pid=3636680)                       'lr': 1e-05,
(TaskRunner pid=3636680)                       'lr_scheduler_type': 'constant',
(TaskRunner pid=3636680)                       'lr_warmup_steps': -1,
(TaskRunner pid=3636680)                       'lr_warmup_steps_ratio': 0.0,
(TaskRunner pid=3636680)                       'min_lr_ratio': 0.0,
(TaskRunner pid=3636680)                       'num_cycles': 0.5,
(TaskRunner pid=3636680)                       'optimizer': 'AdamW',
(TaskRunner pid=3636680)                       'optimizer_impl': 'torch.optim',
(TaskRunner pid=3636680)                       'override_optimizer_config': None,
(TaskRunner pid=3636680)                       'total_training_steps': -1,
(TaskRunner pid=3636680)                       'warmup_style': None,
(TaskRunner pid=3636680)                       'weight_decay': 0.01,
(TaskRunner pid=3636680)                       'zero_indexed_step': True},
(TaskRunner pid=3636680)             'ppo_epochs': 1,
(TaskRunner pid=3636680)             'ppo_max_token_len_per_gpu': 32768,
(TaskRunner pid=3636680)             'ppo_micro_batch_size': None,
(TaskRunner pid=3636680)             'ppo_micro_batch_size_per_gpu': None,
(TaskRunner pid=3636680)             'ppo_mini_batch_size': 1,
(TaskRunner pid=3636680)             'profiler': {'_target_': 'verl.utils.profiler.ProfilerConfig',
(TaskRunner pid=3636680)                          'all_ranks': False,
(TaskRunner pid=3636680)                          'enable': False,
(TaskRunner pid=3636680)                          'ranks': [],
(TaskRunner pid=3636680)                          'save_path': 'outputs/profile',
(TaskRunner pid=3636680)                          'tool': None,
(TaskRunner pid=3636680)                          'tool_config': {'npu': {'_target_': 'verl.utils.profiler.config.NPUToolConfig',
(TaskRunner pid=3636680)                                                  'analysis': True,
(TaskRunner pid=3636680)                                                  'contents': [],
(TaskRunner pid=3636680)                                                  'discrete': False,
(TaskRunner pid=3636680)                                                  'level': 'level0'},
(TaskRunner pid=3636680)                                          'nsys': {'_target_': 'verl.utils.profiler.config.NsightToolConfig',
(TaskRunner pid=3636680)                                                   'discrete': False},
(TaskRunner pid=3636680)                                          'torch': {'_target_': 'verl.utils.profiler.config.TorchProfilerToolConfig',
(TaskRunner pid=3636680)                                                    'contents': [],
(TaskRunner pid=3636680)                                                    'discrete': False},
(TaskRunner pid=3636680)                                          'torch_memory': {'_target_': 'verl.utils.profiler.config.TorchMemoryToolConfig',
(TaskRunner pid=3636680)                                                           'stack_depth': 32,
(TaskRunner pid=3636680)                                                           'trace_alloc_max_entries': 100000}}},
(TaskRunner pid=3636680)             'rollout_n': 4,
(TaskRunner pid=3636680)             'shuffle': False,
(TaskRunner pid=3636680)             'strategy': 'fsdp',
(TaskRunner pid=3636680)             'ulysses_sequence_parallel_size': 1,
(TaskRunner pid=3636680)             'use_dynamic_bsz': False},
(TaskRunner pid=3636680)  'data': {'apply_chat_template_kwargs': {},
(TaskRunner pid=3636680)           'custom_cls': {'name': None, 'path': None},
(TaskRunner pid=3636680)           'datagen': {'name': None, 'path': None},
(TaskRunner pid=3636680)           'dataloader_num_workers': 8,
(TaskRunner pid=3636680)           'filter_overlong_prompts': False,
(TaskRunner pid=3636680)           'filter_overlong_prompts_workers': 1,
(TaskRunner pid=3636680)           'image_key': 'images',
(TaskRunner pid=3636680)           'image_patch_size': 14,
(TaskRunner pid=3636680)           'max_prompt_length': 2048,
(TaskRunner pid=3636680)           'max_response_length': 3584,
(TaskRunner pid=3636680)           'prompt_key': 'prompt',
(TaskRunner pid=3636680)           'return_full_prompt': False,
(TaskRunner pid=3636680)           'return_multi_modal_inputs': True,
(TaskRunner pid=3636680)           'return_raw_chat': True,
(TaskRunner pid=3636680)           'return_raw_input_ids': False,
(TaskRunner pid=3636680)           'reward_fn_key': 'data_source',
(TaskRunner pid=3636680)           'sampler': {'class_name': None, 'class_path': None},
(TaskRunner pid=3636680)           'seed': None,
(TaskRunner pid=3636680)           'shuffle': True,
(TaskRunner pid=3636680)           'tokenizer': None,
(TaskRunner pid=3636680)           'tool_config_path': None,
(TaskRunner pid=3636680)           'train_batch_size': 1,
(TaskRunner pid=3636680)           'train_files': '/home/cxr/verl-closeout/verl-pi/train-mbpp118.jsonl',
(TaskRunner pid=3636680)           'train_max_samples': -1,
(TaskRunner pid=3636680)           'truncation': 'error',
(TaskRunner pid=3636680)           'trust_remote_code': False,
(TaskRunner pid=3636680)           'use_shm': False,
(TaskRunner pid=3636680)           'val_batch_size': None,
(TaskRunner pid=3636680)           'val_files': '/home/cxr/verl-closeout/verl-pi/train-mbpp118.jsonl',
(TaskRunner pid=3636680)           'val_max_samples': -1,
(TaskRunner pid=3636680)           'validation_shuffle': False,
(TaskRunner pid=3636680)           'video_key': 'videos'},
(TaskRunner pid=3636680)  'global_profiler': {'_target_': 'verl.utils.profiler.ProfilerConfig',
(TaskRunner pid=3636680)                      'global_tool_config': {'nsys': {'_target_': 'verl.utils.profiler.config.NsightToolConfig',
(TaskRunner pid=3636680)                                                      'controller_nsight_options': {'cuda-graph-trace': 'graph',
(TaskRunner pid=3636680)                                                                                    'cuda-memory-usage': 'true',
(TaskRunner pid=3636680)                                                                                    'trace': 'cuda,nvtx,cublas,ucx'},
(TaskRunner pid=3636680)                                                      'discrete': False,
(TaskRunner pid=3636680)                                                      'worker_nsight_options': {'capture-range': 'cudaProfilerApi',
(TaskRunner pid=3636680)                                                                                'capture-range-end': None,
(TaskRunner pid=3636680)                                                                                'cuda-graph-trace': 'graph',
(TaskRunner pid=3636680)                                                                                'cuda-memory-usage': 'true',
(TaskRunner pid=3636680)                                                                                'kill': 'none',
(TaskRunner pid=3636680)                                                                                'trace': 'cuda,nvtx,cublas,ucx'}},
(TaskRunner pid=3636680)                                             'torch_memory': {'context': 'all',
(TaskRunner pid=3636680)                                                              'kw_args': {},
(TaskRunner pid=3636680)                                                              'stack_depth': 32,
(TaskRunner pid=3636680)                                                              'stacks': 'all',
(TaskRunner pid=3636680)                                                              'trace_alloc_max_entries': 100000}},
(TaskRunner pid=3636680)                      'profile_continuous_steps': False,
(TaskRunner pid=3636680)                      'save_path': 'outputs/profile',
(TaskRunner pid=3636680)                      'steps': None,
(TaskRunner pid=3636680)                      'tool': None},
(TaskRunner pid=3636680)  'model_engine': 'dp',
(TaskRunner pid=3636680)  'pi_certification': {'episode_root': '/home/cxr/verl-closeout/verl-pi/verlpi-smoke/episodes',
(TaskRunner pid=3636680)                       'max_attempts': 3,
(TaskRunner pid=3636680)                       'minimum_group_size': 4,
(TaskRunner pid=3636680)                       'policy_fingerprint_json': '/home/cxr/verl-closeout/verl-pi/verlpi-smoke/round-policy.json',
(TaskRunner pid=3636680)                       'run_id': 'verlpi-smoke'},
(TaskRunner pid=3636680)  'ray_kwargs': {'ray_init': {'num_cpus': None,
(TaskRunner pid=3636680)                              'object_store_memory': 2147483648},
(TaskRunner pid=3636680)                 'timeline_json_file': None},
(TaskRunner pid=3636680)  'reward': {'custom_reward_function': {'name': 'compute_score', 'path': None},
(TaskRunner pid=3636680)             'num_workers': 8,
(TaskRunner pid=3636680)             'reward_manager': {'_target_': 'verl.workers.config.reward_model.RewardManagerConfig',
(TaskRunner pid=3636680)                                'module': {'_target_': 'verl.trainer.config.config.ModuleConfig',
(TaskRunner pid=3636680)                                           'name': 'custom_reward_manager',
(TaskRunner pid=3636680)                                           'path': None},
(TaskRunner pid=3636680)                                'name': 'naive',
(TaskRunner pid=3636680)                                'source': 'register'},
(TaskRunner pid=3636680)             'reward_model': {'enable': False,
(TaskRunner pid=3636680)                              'enable_resource_pool': False,
(TaskRunner pid=3636680)                              'model_path': None,
(TaskRunner pid=3636680)                              'n_gpus_per_node': 8,
(TaskRunner pid=3636680)                              'nnodes': 0,
(TaskRunner pid=3636680)                              'rollout': {'_target_': 'verl.workers.config.RolloutConfig',
(TaskRunner pid=3636680)                                          'cudagraph_capture_sizes': None,
(TaskRunner pid=3636680)                                          'data_parallel_size': 1,(TaskRunner pid=3636680) /home/cxr/verl-closeout/venv/lib/python3.11/site-packages/verl/trainer/main_ppo.py:302: UserWarning: Disabled critic as algorithm.adv_estimator != gae. If it is not intended, please set critic.enable=True
(TaskRunner pid=3636680)   use_critic=need_critic(config),
(TaskRunner pid=3636680) [transformers] `Qwen2VLImageProcessorFast` is deprecated. The `Fast` suffix for image processors has been removed; use `Qwen2VLImageProcessor` instead.
(TaskRunner pid=3636680) /home/cxr/verl-closeout/venv/lib/python3.11/site-packages/verl/trainer/ppo/ray_trainer.py:286: UserWarning: Disabled critic as algorithm.adv_estimator != gae. If it is not intended, please set critic.enable=True
(TaskRunner pid=3636680)   self.use_critic = need_critic(self.config)

(TaskRunner pid=3636680)                                          'disable_log_stats': True,
(TaskRunner pid=3636680)                                          'dtype': 'bfloat16',
(TaskRunner pid=3636680)                                          'enable_chunked_prefill': True,
(TaskRunner pid=3636680)                                          'enable_prefix_caching': True,
(TaskRunner pid=3636680)                                          'enforce_eager': True,
(TaskRunner pid=3636680)                                          'engine_kwargs': {},
(TaskRunner pid=3636680)                                          'expert_parallel_size': 1,
(TaskRunner pid=3636680)                                          'free_cache_engine': True,
(TaskRunner pid=3636680)                                          'gpu_memory_utilization': 0.5,
(TaskRunner pid=3636680)                                          'limit_images': None,
(TaskRunner pid=3636680)                                          'load_format': 'auto',
(TaskRunner pid=3636680)                                          'max_model_len': None,
(TaskRunner pid=3636680)                                          'max_num_batched_tokens': 8192,
(TaskRunner pid=3636680)                                          'max_num_seqs': 1024,
(TaskRunner pid=3636680)                                          'name': '???',
(TaskRunner pid=3636680)                                          'prompt_length': 2048,
(TaskRunner pid=3636680)                                          'response_length': 2048,
(TaskRunner pid=3636680)                                          'skip_tokenizer_init': False,
(TaskRunner pid=3636680)                                          'tensor_model_parallel_size': 2}},
(TaskRunner pid=3636680)             'sandbox_fusion': {'max_concurrent': 64,
(TaskRunner pid=3636680)                                'memory_limit_mb': 1024,
(TaskRunner pid=3636680)                                'url': None}},
(TaskRunner pid=3636680)  'trainer': {'balance_batch': True,
(TaskRunner pid=3636680)              'critic_warmup': 0,
(TaskRunner pid=3636680)              'default_hdfs_dir': None,
(TaskRunner pid=3636680)              'default_local_dir': '/home/cxr/verl-closeout/verl-pi/verlpi-smoke/checkpoints',
(TaskRunner pid=3636680)              'del_local_ckpt_after_load': False,
(TaskRunner pid=3636680)              'device': 'cuda',
(TaskRunner pid=3636680)              'esi_redundant_time': 0,
(TaskRunner pid=3636680)              'experiment_name': 'verlpi-smoke',
(TaskRunner pid=3636680)              'log_val_generations': 0,
(TaskRunner pid=3636680)              'logger': ['console'],
(TaskRunner pid=3636680)              'max_actor_ckpt_to_keep': None,
(TaskRunner pid=3636680)              'max_critic_ckpt_to_keep': None,
(TaskRunner pid=3636680)              'n_gpus_per_node': 2,
(TaskRunner pid=3636680)              'nnodes': 1,
(TaskRunner pid=3636680)              'project_name': 'agentic-rl',
(TaskRunner pid=3636680)              'ray_wait_register_center_timeout': 300,
(TaskRunner pid=3636680)              'resume_from_path': None,
(TaskRunner pid=3636680)              'resume_mode': 'auto',
(TaskRunner pid=3636680)              'rollout_data_dir': None,
(TaskRunner pid=3636680)              'save_freq': 1,
(TaskRunner pid=3636680)              'test_freq': -1,
(TaskRunner pid=3636680)              'total_epochs': 1,
(TaskRunner pid=3636680)              'total_training_steps': None,
(TaskRunner pid=3636680)              'use_legacy_worker_impl': 'auto',
(TaskRunner pid=3636680)              'val_before_train': True,
(TaskRunner pid=3636680)              'val_only': False,
(TaskRunner pid=3636680)              'validation_data_dir': None},
(TaskRunner pid=3636680)  'transfer_queue': {'enable': False}}
(TaskRunner pid=3636680) [validate_config] All configuration checks passed successfully!
(TaskRunner pid=3636680) Using dataset class: RLHFDataset
(TaskRunner pid=3636680) dataset len: 1
(TaskRunner pid=3636680) Using dataset class: RLHFDataset
(TaskRunner pid=3636680) dataset len: 1
(TaskRunner pid=3636680) Size of train dataloader: 1, Size of val dataloader: 1
(TaskRunner pid=3636680) Total training steps: 1
(TaskRunner pid=3636680) colocated worker base class <class 'verl.single_controller.base.worker.Worker'>
(WorkerDict pid=3637327) Model config after override: Qwen2Config {
(WorkerDict pid=3637327)   "architectures": [
(WorkerDict pid=3637327)     "Qwen2ForCausalLM"
(WorkerDict pid=3637327)   ],
(WorkerDict pid=3637327)   "attention_dropout": 0.0,
(WorkerDict pid=3637327)   "attn_implementation": "sdpa",
(WorkerDict pid=3637327)   "bos_token_id": null,
(WorkerDict pid=3637327)   "dtype": "bfloat16",
(WorkerDict pid=3637327)   "eos_token_id": 151643,
(WorkerDict pid=3637327)   "hidden_act": "silu",
(WorkerDict pid=3637327)   "hidden_size": 5120,
(WorkerDict pid=3637327)   "initializer_range": 0.02,
(WorkerDict pid=3637327)   "intermediate_size": 13824,
(WorkerDict pid=3637327)   "layer_types": [
(WorkerDict pid=3637327)     "full_attention",
(WorkerDict pid=3637327)     "full_attention",
(WorkerDict pid=3637327)     "full_attention",
(WorkerDict pid=3637327)     "full_attention",
(WorkerDict pid=3637327)     "full_attention",
(WorkerDict pid=3637327)     "full_attention",
(WorkerDict pid=3637327)     "full_attention",
(WorkerDict pid=3637327)     "full_attention",
(WorkerDict pid=3637327)     "full_attention",
(WorkerDict pid=3637327)     "full_attention",
(WorkerDict pid=3637327)     "full_attention",
(WorkerDict pid=3637327)     "full_attention",
(WorkerDict pid=3637327)     "full_attention",
(WorkerDict pid=3637327)     "full_attention",
(WorkerDict pid=3637327)     "full_attention",
(WorkerDict pid=3637327)     "full_attention",
(WorkerDict pid=3637327)     "full_attention",
(WorkerDict pid=3637327)     "full_attention",
(WorkerDict pid=3637327)     "full_attention",
(WorkerDict pid=3637327)     "full_attention",
(WorkerDict pid=3637327)     "full_attention",
(WorkerDict pid=3637327)     "full_attention",
(WorkerDict pid=3637327)     "full_attention",
(WorkerDict pid=3637327)     "full_attention",
(WorkerDict pid=3637327)     "full_attention",
(WorkerDict pid=3637327)     "full_attention",
(WorkerDict pid=3637327)     "full_attention",
(WorkerDict pid=3637327)     "full_attention",
(WorkerDict pid=3637327)     "full_attention",
(WorkerDict pid=3637327)     "full_attention",
(WorkerDict pid=3637327)     "full_attention",
(WorkerDict pid=3637327)     "full_attention",
(WorkerDict pid=3637327)     "full_attention",
(WorkerDict pid=3637327)     "full_attention",
(WorkerDict pid=3637327)     "full_attention",
(WorkerDict pid=3637327)     "full_attention",
(WorkerDict pid=3637327)     "full_attention",
(WorkerDict pid=3637327)     "full_attention",
(WorkerDict pid=3637327)     "full_attention",
(WorkerDict pid=3637327)     "full_attention",
(WorkerDict pid=3637327)     "full_attention",
(WorkerDict pid=3637327)     "full_attention",
(WorkerDict pid=3637327)     "full_attention",
(WorkerDict pid=3637327)     "full_attention",
(WorkerDict pid=3637327)     "full_attention",(WorkerDict pid=3637327) Loading weights:   0%|          | 0/579 [00:00<?, ?it/s]
(WorkerDict pid=3637327) Loading weights:   0%|          | 1/579 [00:03<32:43,  3.40s/it]
(WorkerDict pid=3637328) Loading weights:   0%|          | 0/579 [00:00<?, ?it/s]
(WorkerDict pid=3637327) Loading weights:  67%|██████▋   | 388/579 [00:08<00:04, 46.99it/s] [repeated 34x across cluster] (Ray deduplicates logs by default. Set RAY_DEDUP_LOGS=0 to disable log deduplication, or see https://docs.ray.io/en/master/ray-observability/user-guides/configure-logging.html#log-deduplication for more options.)
(WorkerDict pid=3637327) Loading weights:  92%|█████████▏| 532/579 [00:11<00:01, 46.61it/s]
(WorkerDict pid=3637327) Loading weights:  98%|█████████▊| 568/579 [00:12<00:00, 47.80it/s]Loading weights: 100%|██████████| 579/579 [00:12<00:00, 47.18it/s]
(WorkerDict pid=3637328) /home/cxr/miniconda3/envs/vllm/lib/python3.11/site-packages/torch/nn/modules/module.py:2589: UserWarning: for base_model.model.model.layers.0.self_attn.q_proj.lora_A.default.weight: copying from a non-meta parameter in the checkpoint to a meta parameter in the current model, which is a no-op. (Did you mean to pass `assign=True` to assign items in the state dictionary to their corresponding key in the module instead of copying them in place?)
(WorkerDict pid=3637328)   module._load_from_state_dict(
(WorkerDict pid=3637328) /home/cxr/miniconda3/envs/vllm/lib/python3.11/site-packages/torch/nn/modules/module.py:2589: UserWarning: for base_model.model.model.layers.0.self_attn.q_proj.lora_B.default.weight: copying from a non-meta parameter in the checkpoint to a meta parameter in the current model, which is a no-op. (Did you mean to pass `assign=True` to assign items in the state dictionary to their corresponding key in the module instead of copying them in place?)
(WorkerDict pid=3637328)   module._load_from_state_dict(
(WorkerDict pid=3637328) /home/cxr/miniconda3/envs/vllm/lib/python3.11/site-packages/torch/nn/modules/module.py:2589: UserWarning: for base_model.model.model.layers.0.self_attn.k_proj.lora_A.default.weight: copying from a non-meta parameter in the checkpoint to a meta parameter in the current model, which is a no-op. (Did you mean to pass `assign=True` to assign items in the state dictionary to their corresponding key in the module instead of copying them in place?)
(WorkerDict pid=3637328)   module._load_from_state_dict(
(WorkerDict pid=3637328) /home/cxr/miniconda3/envs/vllm/lib/python3.11/site-packages/torch/nn/modules/module.py:2589: UserWarning: for base_model.model.model.layers.0.self_attn.k_proj.lora_B.default.weight: copying from a non-meta parameter in the checkpoint to a meta parameter in the current model, which is a no-op. (Did you mean to pass `assign=True` to assign items in the state dictionary to their corresponding key in the module instead of copying them in place?)
(WorkerDict pid=3637328)   module._load_from_state_dict(
(WorkerDict pid=3637328) /home/cxr/miniconda3/envs/vllm/lib/python3.11/site-packages/torch/nn/modules/module.py:2589: UserWarning: for base_model.model.model.layers.0.self_attn.v_proj.lora_A.default.weight: copying from a non-meta parameter in the checkpoint to a meta parameter in the current model, which is a no-op. (Did you mean to pass `assign=True` to assign items in the state dictionary to their corresponding key in the module instead of copying them in place?)
(WorkerDict pid=3637328)   module._load_from_state_dict(
(WorkerDict pid=3637328) /home/cxr/miniconda3/envs/vllm/lib/python3.11/site-packages/torch/nn/modules/module.py:2589: UserWarning: for base_model.model.model.layers.0.self_attn.v_proj.lora_B.default.weight: copying from a non-meta parameter in the checkpoint to a meta parameter in the current model, which is a no-op. (Did you mean to pass `assign=True` to assign items in the state dictionary to their corresponding key in the module instead of copying them in place?)
(WorkerDict pid=3637328)   module._load_from_state_dict(
(WorkerDict pid=3637328) /home/cxr/miniconda3/envs/vllm/lib/python3.11/site-packages/torch/nn/modules/module.py:2589: UserWarning: for base_model.model.model.layers.0.self_attn.o_proj.lora_A.default.weight: copying from a non-meta parameter in the checkpoint to a meta parameter in the current model, which is a no-op. (Did you mean to pass `assign=True` to assign items in the state dictionary to their corresponding key in the module instead of copying them in place?)
(WorkerDict pid=3637328)   module._load_from_state_dict(
(WorkerDict pid=3637328) /home/cxr/miniconda3/envs/vllm/lib/python3.11/site-packages/torch/nn/modules/module.py:2589: UserWarning: for base_model.model.model.layers.0.self_attn.o_proj.lora_B.default.weight: copying from a non-meta parameter in the checkpoint to a meta parameter in the current model, which is a no-op. (Did you mean to pass `assign=True` to assign items in the state dictionary to their corresponding key in the module instead of copying them in place?)
(WorkerDict pid=3637328)   module._load_from_state_dict(
(WorkerDict pid=3637328) /home/cxr/miniconda3/envs/vllm/lib/python3.11/site-packages/torch/nn/modules/module.py:2589: UserWarning: for base_model.model.model.layers.0.mlp.gate_proj.lora_A.default.weight: copying from a non-meta parameter in the checkpoint to a meta parameter in the current model, which is a no-op. (Did you mean to pass `assign=True` to assign items in the state dictionary to their corresponding key in the module instead of copying them in place?)
(WorkerDict pid=3637328)   module._load_from_state_dict(
(WorkerDict pid=3637328) /home/cxr/miniconda3/envs/vllm/lib/python3.11/site-packages/torch/nn/modules/module.py:2589: UserWarning: for base_model.model.model.layers.0.mlp.gate_proj.lora_B.default.weight: copying from a non-meta parameter in the checkpoint to a meta parameter in the current model, which is a no-op. (Did you mean to pass `assign=True` to assign items in the state dictionary to their corresponding key in the module instead of copying them in place?)
(WorkerDict pid=3637328)   module._load_from_state_dict(
(WorkerDict pid=3637328) /home/cxr/miniconda3/envs/vllm/lib/python3.11/site-packages/torch/nn/modules/module.py:2589: UserWarning: for base_model.model.model.layers.0.mlp.up_proj.lora_A.default.weight: copying from a non-meta parameter in the checkpoint to a meta parameter in the current model, which is a no-op. (Did you mean to pass `assign=True` to assign items in the state dictionary to their corresponding key in the module instead of copying them in place?)
(WorkerDict pid=3637328)   module._load_from_state_dict(
(WorkerDict pid=3637328) /home/cxr/miniconda3/envs/vllm/lib/python3.11/site-packages/torch/nn/modules/module.py:2589: UserWarning: for base_model.model.model.layers.0.mlp.up_proj.lora_B.default.weight: copying from a non-meta parameter in the checkpoint to a meta parameter in the current model, which is a no-op. (Did you mean to pass `assign=True` to assign items in the state dictionary to their corresponding key in the module instead of copying them in place?)
(WorkerDict pid=3637328)   module._load_from_state_dict(
(WorkerDict pid=3637328) /home/cxr/miniconda3/envs/vllm/lib/python3.11/site-packages/torch/nn/modules/module.py:2589: UserWarning: for base_model.model.model.layers.0.mlp.down_proj.lora_A.default.weight: copying from a non-meta parameter in the checkpoint to a meta parameter in the current model, which is a no-op. (Did you mean to pass `assign=True` to assign items in the state dictionary to their corresponding key in the module instead of copying them in place?)
(WorkerDict pid=3637328)   module._load_from_state_dict(
(WorkerDict pid=3637328) /home/cxr/miniconda3/envs/vllm/lib/python3.11/site-packages/torch/nn/modules/module.py:2589: UserWarning: for base_model.model.model.layers.0.mlp.down_proj.lora_B.default.weight: copying from a non-meta parameter in the checkpoint to a meta parameter in the current model, which is a no-op. (Did you mean to pass `assign=True` to assign items in the state dictionary to their corresponding key in the module instead of copying them in place?)
(WorkerDict pid=3637328)   module._load_from_state_dict(
(WorkerDict pid=3637328) /home/cxr/miniconda3/envs/vllm/lib/python3.11/site-packages/torch/nn/modules/module.py:2589: UserWarning: for base_model.model.model.layers.1.self_attn.q_proj.lora_A.default.weight: copying from a non-meta parameter in the checkpoint to a meta parameter in the current model, which is a no-op. (Did you mean to pass `assign=True` to assign items in the state dictionary to their corresponding key in the module instead of copying them in place?)
(WorkerDict pid=3637328)   module._load_from_state_dict(
(WorkerDict pid=3637328) /home/cxr/miniconda3/envs/vllm/lib/python3.11/site-packages/torch/nn/modules/module.py:2589: UserWarning: for base_model.model.model.layers.1.self_attn.q_proj.lora_B.default.weight: copying from a non-meta parameter in the checkpoint to a meta parameter in the current model, which is a no-op. (Did you mean to pass `assign=True` to assign items in the state dictionary to their corresponding key in the module instead of copying them in place?)
(WorkerDict pid=3637328)   module._load_from_state_dict(
(WorkerDict pid=3637328) /home/cxr/miniconda3/envs/vllm/lib/python3.11/site-packages/torch/nn/modules/module.py:2589: UserWarning: for base_model.model.model.layers.1.self_attn.k_proj.lora_A.default.weight: copying from a non-meta parameter in the checkpoint to a meta parameter in the current model, which is a no-op. (Did you mean to pass `assign=True` to assign items in the state dictionary to their corresponding key in the module instead of copying them in place?)
(WorkerDict pid=3637328)   module._load_from_state_dict(
(WorkerDict pid=3637328) /home/cxr/miniconda3/envs/vllm/lib/python3.11/site-packages/torch/nn/modules/module.py:2589: UserWarning: for base_model.model.model.layers.1.self_attn.k_proj.lora_B.default.weight: copying from a non-meta parameter in the checkpoint to a meta parameter in the current model, which is a no-op. (Did you mean to pass `assign=True` to assign items in the state dictionary to their corresponding key in the module instead of copying them in place?)
(WorkerDict pid=3637328)   module._load_from_state_dict(
(WorkerDict pid=3637328) /home/cxr/miniconda3/envs/vllm/lib/python3.11/site-packages/torch/nn/modules/module.py:2589: UserWarning: for base_model.model.model.layers.1.self_attn.v_proj.lora_A.default.weight: copying from a non-meta parameter in the checkpoint to a meta parameter in the current model, which is a no-op. (Did you mean to pass `assign=True` to assign items in the state dictionary to their corresponding key in the module instead of copying them in place?)
(WorkerDict pid=3637328)   module._load_from_state_dict(
(WorkerDict pid=3637328) /home/cxr/miniconda3/envs/vllm/lib/python3.11/site-packages/torch/nn/modules/module.py:2589: UserWarning: for base_model.model.model.layers.1.self_attn.v_proj.lora_B.default.weight: copying from a non-meta parameter in the checkpoint to a meta parameter in the current model, which is a no-op. (Did you mean to pass `assign=True` to assign items in the state dictionary to their corresponding key in the module instead of copying them in place?)
(WorkerDict pid=3637328)   module._load_from_state_dict(
(WorkerDict pid=3637328) /home/cxr/miniconda3/envs/vllm/lib/python3.11/site-packages/torch/nn/modules/module.py:2589: UserWarning: for base_model.model.model.layers.1.self_attn.o_proj.lora_A.default.weight: copying from a non-meta parameter in the checkpoint to a meta parameter in the current model, which is a no-op. (Did you mean to pass `assign=True` to assign items in the state dictionary to their corresponding key in the module instead of copying them in place?)
(WorkerDict pid=3637328)   module._load_from_state_dict(
(WorkerDict pid=3637328) /home/cxr/miniconda3/envs/vllm/lib/python3.11/site-packages/torch/nn/modules/module.py:2589: UserWarning: for base_model.model.model.layers.1.self_attn.o_proj.lora_B.default.weight: copying from a non-meta parameter in the checkpoint to a meta parameter in the current model, which is a no-op. (Did you mean to pass `assign=True` to assign items in the state dictionary to their corresponding key in the module instead of copying them in place?)
(WorkerDict pid=3637328)   module._load_from_state_dict(
(WorkerDict pid=3637328) /home/cxr/miniconda3/envs/vllm/lib/python3.11/site-packages/torch/nn/modules/module.py:2589: UserWarning: for base_model.model.model.layers.1.mlp.gate_proj.lora_A.default.weight: copying from a non-meta parameter in the checkpoint to a meta parameter in the current model, which is a no-op. (Did you mean to pass `assign=True` to assign items in the state dictionary to their corresponding key in the module instead of copying them in place?)
(WorkerDict pid=3637328)   module._load_from_state_dict(
(WorkerDict pid=3637328) /home/cxr/miniconda3/envs/vllm/lib/python3.11/site-packages/torch/nn/modules/module.py:2589: UserWarning: for base_model.model.model.layers.1.mlp.gate_proj.lora_B.default.weight: copying from a non-meta parameter in the checkpoint to a meta parameter in the current model, which is a no-op. (Did you mean to pass `assign=True` to assign items in the state dictionary to their corresponding key in the module instead of copying them in place?)
(WorkerDict pid=3637328)   module._load_from_state_dict(
(WorkerDict pid=3637328) /home/cxr/miniconda3/envs/vllm/lib/python3.11/site-packages/torch/nn/modules/module.py:2589: UserWarning: for base_model.model.model.layers.1.mlp.up_proj.lora_A.default.weight: copying from a non-meta parameter in the checkpoint to a meta parameter in the current model, which is a no-op. (Did you mean to pass `assign=True` to assign items in the state dictionary to their corresponding key in the module instead of copying them in place?)
(WorkerDict pid=3637328)   module._load_from_state_dict(
(WorkerDict pid=3637328) /home/cxr/miniconda3/envs/vllm/lib/python3.11/site-packages/torch/nn/modules/module.py:2589: UserWarning: for base_model.model.model.layers.1.mlp.up_proj.lora_B.default.weight: copying from a non-meta parameter in the checkpoint to a meta parameter in the current model, which is a no-op. (Did you mean to pass `assign=True` to assign items in the state dictionary to their corresponding key in the module instead of copying them in place?)
(WorkerDict pid=3637328)   module._load_from_state_dict(
(WorkerDict pid=3637328) /home/cxr/miniconda3/envs/vllm/lib/python3.11/site-packages/torch/nn/modules/module.py:2589: UserWarning: for base_model.model.model.layers.1.mlp.down_proj.lora_A.default.weight: copying from a non-meta parameter in the checkpoint to a meta parameter in the current model, which is a no-op. (Did you mean to pass `assign=True` to assign items in the state dictionary to their corresponding key in the module instead of copying them in place?)
(WorkerDict pid=3637328)   module._load_from_state_dict(
(WorkerDict pid=3637328) /home/cxr/miniconda3/envs/vllm/lib/python3.11/site-packages/torch/nn/modules/module.py:2589: UserWarning: for base_model.model.model.layers.1.mlp.down_proj.lora_B.default.weight: copying from a non-meta parameter in the checkpoint to a meta parameter in the current model, which is a no-op. (Did you mean to pass `assign=True` to assign items in the state dictionary to their corresponding key in the module instead of copying them in place?)
(WorkerDict pid=3637328)   module._load_from_state_dict(
(WorkerDict pid=3637328) /home/cxr/miniconda3/envs/vllm/lib/python3.11/site-packages/torch/nn/modules/module.py:2589: UserWarning: for base_model.model.model.layers.2.self_attn.q_proj.lora_A.default.weight: copying from a non-meta parameter in the checkpoint to a meta parameter in the current model, which is a no-op. (Did you mean to pass `assign=True` to assign items in the state dictionary to their corresponding key in the module instead of copying them in place?)
(WorkerDict pid=3637328)   module._load_from_state_dict(
(WorkerDict pid=3637328) /home/cxr/miniconda3/envs/vllm/lib/python3.11/site-packages/torch/nn/modules/module.py:2589: UserWarning: for base_model.model.model.layers.2.self_attn.q_proj.lora_B.default.weight: copying from a non-meta parameter in the checkpoint to a meta parameter in the current model, which is a no-op. (Did you mean to pass `assign=True` to assign items in the state dictionary to their corresponding key in the module instead of copying them in place?)
(WorkerDict pid=3637328)   module._load_from_state_dict(
(WorkerDict pid=3637328) /home/cxr/miniconda3/envs/vllm/lib/python3.11/site-packages/torch/nn/modules/module.py:2589: UserWarning: for base_model.model.model.layers.2.self_attn.k_proj.lora_A.default.weight: copying from a non-meta parameter in the checkpoint to a meta parameter in the current model, which is a no-op. (Did you mean to pass `assign=True` to assign items in the state dictionary to their corresponding key in the module instead of copying them in place?)
(WorkerDict pid=3637328)   module._load_from_state_dict(
(WorkerDict pid=3637328) /home/cxr/miniconda3/envs/vllm/lib/python3.11/site-packages/torch/nn/modules/module.py:2589: UserWarning: for base_model.model.model.layers.2.self_attn.k_proj.lora_B.default.weight: copying from a non-meta parameter in the checkpoint to a meta parameter in the current model, which is a no-op. (Did you mean to pass `assign=True` to assign items in the state dictionary to their corresponding key in the module instead of copying them in place?)
(WorkerDict pid=3637328)   module._load_from_state_dict(
(WorkerDict pid=3637328) /home/cxr/miniconda3/envs/vllm/lib/python3.11/site-packages/torch/nn/modules/module.py:2589: UserWarning: for base_model.model.model.layers.2.self_attn.v_proj.lora_A.default.weight: copying from a non-meta parameter in the checkpoint to a meta parameter in the current model, which is a no-op. (Did you mean to pass `assign=True` to assign items in the state dictionary to their corresponding key in the module instead of copying them in place?)
(WorkerDict pid=3637328)   module._load_from_state_dict(
(WorkerDict pid=3637328) /home/cxr/miniconda3/envs/vllm/lib/python3.11/site-packages/torch/nn/modules/module.py:2589: UserWarning: for base_model.model.model.layers.2.self_attn.v_proj.lora_B.default.weight: copying from a non-meta parameter in the checkpoint to a meta parameter in the current model, which is a no-op. (Did you mean to pass `assign=True` to assign items in the state dictionary to their corresponding key in the module instead of copying them in place?)
(WorkerDict pid=3637328)   module._load_from_state_dict(
(WorkerDict pid=3637328) /home/cxr/miniconda3/envs/vllm/lib/python3.11/site-packages/torch/nn/modules/module.py:2589: UserWarning: for base_model.model.model.layers.2.self_attn.o_proj.lora_A.default.weight: copying from a non-meta parameter in the checkpoint to a meta parameter in the current model, which is a no-op. (Did you mean to pass `assign=True` to assign items in the state dictionary to their corresponding key in the module instead of copying them in place?)
(WorkerDict pid=3637328)   module._load_from_state_dict(
(WorkerDict pid=3637328) /home/cxr/miniconda3/envs/vllm/lib/python3.11/site-packages/torch/nn/modules/module.py:2589: UserWarning: for base_model.model.model.layers.2.self_attn.o_proj.lora_B.default.weight: copying from a non-meta parameter in the checkpoint to a meta parameter in the current model, which is a no-op. (Did you mean to pass `assign=True` to assign items in the state dictionary to their corresponding key in the module instead of copying them in place?)
(WorkerDict pid=3637328)   module._load_from_state_dict(
(WorkerDict pid=3637328) /home/cxr/miniconda3/envs/vllm/lib/python3.11/site-packages/torch/nn/modules/module.py:2589: UserWarning: for base_model.model.model.layers.2.mlp.gate_proj.lora_A.default.weight: copying from a non-meta parameter in the checkpoint to a meta parameter in the current model, which is a no-op. (Did you mean to pass `assign=True` to assign items in the state dictionary to their corresponding key in the module instead of copying them in place?)
(WorkerDict pid=3637328)   module._load_from_state_dict(
(WorkerDict pid=3637328) /home/cxr/miniconda3/envs/vllm/lib/python3.11/site-packages/torch/nn/modules/module.py:2589: UserWarning: for base_model.model.model.layers.2.mlp.gate_proj.lora_B.default.weight: copying from a non-meta parameter in the checkpoint to a meta parameter in the current model, which is a no-op. (Did you mean to pass `assign=True` to assign items in the state dictionary to their corresponding key in the module instead of copying them in place?)
(WorkerDict pid=3637328)   module._load_from_state_dict(
(WorkerDict pid=3637328) /home/cxr/miniconda3/envs/vllm/lib/python3.11/site-packages/torch/nn/modules/module.py:2589: UserWarning: for base_model.model.model.layers.2.mlp.up_proj.lora_A.default.weight: copying from a non-meta parameter in the checkpoint to a meta parameter in the current model, which is a no-op. (Did you mean to pass `assign=True` to assign items in the state dictionary to their corresponding key in the module instead of copying them in place?)
(WorkerDict pid=3637328)   module._load_from_state_dict(
(WorkerDict pid=3637328) /home/cxr/miniconda3/envs/vllm/lib/python3.11/site-packages/torch/nn/modules/module.py:2589: UserWarning: for base_model.model.model.layers.2.mlp.up_proj.lora_B.default.weight: copying from a non-meta parameter in the checkpoint to a meta parameter in the current model, which is a no-op. (Did you mean to pass `assign=True` to assign items in the state dictionary to their corresponding key in the module instead of copying them in place?)
(WorkerDict pid=3637328)   module._load_from_state_dict(
(WorkerDict pid=3637328) /home/cxr/miniconda3/envs/vllm/lib/python3.11/site-packages/torch/nn/modules/module.py:2589: UserWarning: for base_model.model.model.layers.2.mlp.down_proj.lora_A.default.weight: copying from a non-meta parameter in the checkpoint to a meta parameter in the current model, which is a no-op. (Did you mean to pass `assign=True` to assign items in the state dictionary to their corresponding key in the module instead of copying them in place?)
(WorkerDict pid=3637328)   module._load_from_state_dict(
(WorkerDict pid=3637328) /home/cxr/miniconda3/envs/vllm/lib/python3.11/site-packages/torch/nn/modules/module.py:2589: UserWarning: for base_model.model.model.layers.2.mlp.down_proj.lora_B.default.weight: copying from a non-meta parameter in the checkpoint to a meta parameter in the current model, which is a no-op. (Did you mean to pass `assign=True` to assign items in the state dictionary to their corresponding key in the module instead of copying them in place?)
(WorkerDict pid=3637328)   module._load_from_state_dict(
(WorkerDict pid=3637328) /home/cxr/miniconda3/envs/vllm/lib/python3.11/site-packages/torch/nn/modules/module.py:2589: UserWarning: for base_model.model.model.layers.3.self_attn.q_proj.lora_A.default.weight: copying from a non-meta parameter in the checkpoint to a meta parameter in the current model, which is a no-op. (Did you mean to pass `assign=True` to assign items in the state dictionary to their corresponding key in the module instead of copying them in place?)
(WorkerDict pid=3637328)   module._load_from_state_dict(
(WorkerDict pid=3637328) /home/cxr/miniconda3/envs/vllm/lib/python3.11/site-packages/torch/nn/modules/module.py:2589: UserWarning: for base_model.model.model.layers.3.self_attn.q_proj.lora_B.default.weight: copying from a non-meta parameter in the checkpoint to a meta parameter in the current model, which is a no-op. (Did you mean to pass `assign=True` to assign items in the state dictionary to their corresponding key in the module instead of copying them in place?)
(WorkerDict pid=3637328)   module._load_from_state_dict(
(WorkerDict pid=3637328) /home/cxr/miniconda3/envs/vllm/lib/python3.11/site-packages/torch/nn/modules/module.py:2589: UserWarning: for base_model.model.model.layers.3.self_attn.k_proj.lora_A.default.weight: copying from a non-meta parameter in the checkpoint to a meta parameter in the current model, which is a no-op. (Did you mean to pass `assign=True` to assign items in the state dictionary to their corresponding key in the module instead of copying them in place?)
(WorkerDict pid=3637328)   module._load_from_state_dict(
(WorkerDict pid=3637328) /home/cxr/miniconda3/envs/vllm/lib/python3.11/site-packages/torch/nn/modules/module.py:2589: UserWarning: for base_model.model.model.layers.3.self_attn.k_proj.lora_B.default.weight: copying from a non-meta parameter in the checkpoint to a meta parameter in the current model, which is a no-op. (Did you mean to pass `assign=True` to assign items in the state dictionary to their corresponding key in the module instead of copying them in place?)
(WorkerDict pid=3637328)   module._load_from_state_dict(
(WorkerDict pid=3637328) /home/cxr/miniconda3/envs/vllm/lib/python3.11/site-packages/torch/nn/modules/module.py:2589: UserWarning: for base_model.model.model.layers.3.self_attn.v_proj.lora_A.default.weight: copying from a non-meta parameter in the checkpoint to a meta parameter in the current model, which is a no-op. (Did you mean to pass `assign=True` to assign items in the state dictionary to their corresponding key in the module instead of copying them in place?)
(WorkerDict pid=3637328)   module._load_from_state_dict(
(WorkerDict pid=3637328) /home/cxr/miniconda3/envs/vllm/lib/python3.11/site-packages/torch/nn/modules/module.py:2589: UserWarning: for base_model.model.model.layers.3.self_attn.v_proj.lora_B.default.weight: copying from a non-meta parameter in the checkpoint to a meta parameter in the current model, which is a no-op. (Did you mean to pass `assign=True` to assign items in the state dictionary to their corresponding key in the module instead of copying them in place?)
(WorkerDict pid=3637328)   module._load_from_state_dict(
(WorkerDict pid=3637328) /home/cxr/miniconda3/envs/vllm/lib/python3.11/site-packages/torch/nn/modules/module.py:2589: UserWarning: for base_model.model.model.layers.3.self_attn.o_proj.lora_A.default.weight: copying from a non-meta parameter in the checkpoint to a meta parameter in the current model, which is a no-op. (Did you mean to pass `assign=True` to assign items in the state dictionary to their corresponding key in the module instead of copying them in place?)
(WorkerDict pid=3637328)   module._load_from_state_dict(
(WorkerDict pid=3637328) /home/cxr/miniconda3/envs/vllm/lib/python3.11/site-packages/torch/nn/modules/module.py:2589: UserWarning: for base_model.model.model.layers.3.self_attn.o_proj.lora_B.default.weight: copying from a non-meta parameter in the checkpoint to a meta parameter in the current model, which is a no-op. (Did you mean to pass `assign=True` to assign items in the state dictionary to their corresponding key in the module instead of copying them in place?)
(WorkerDict pid=3637328)   module._load_from_state_dict(
(WorkerDict pid=3637328) /home/cxr/miniconda3/envs/vllm/lib/python3.11/site-packages/torch/nn/modules/module.py:2589: UserWarning: for base_model.model.model.layers.3.mlp.gate_proj.lora_A.default.weight: copying from a non-meta parameter in the checkpoint to a meta parameter in the current model, which is a no-op. (Did you mean to pass `assign=True` to assign items in the state dictionary to their corresponding key in the module instead of copying them in place?)
(WorkerDict pid=3637328)   module._load_from_state_dict(
(WorkerDict pid=3637328) /home/cxr/miniconda3/envs/vllm/lib/python3.11/site-packages/torch/nn/modules/module.py:2589: UserWarning: for base_model.model.model.layers.3.mlp.gate_proj.lora_B.default.weight: copying from a non-meta parameter in the checkpoint to a meta parameter in the current model, which is a no-op. (Did you mean to pass `assign=True` to assign items in the state dictionary to their corresponding key in the module instead of copying them in place?)
(WorkerDict pid=3637328)   module._load_from_state_dict(
(WorkerDict pid=3637328) /home/cxr/miniconda3/envs/vllm/lib/python3.11/site-packages/torch/nn/modules/module.py:2589: UserWarning: for base_model.model.model.layers.3.mlp.up_proj.lora_A.default.weight: copying from a non-meta parameter in the checkpoint to a meta parameter in the current model, which is a no-op. (Did you mean to pass `assign=True` to assign items in the state dictionary to their corresponding key in the module instead of copying them in place?)
(WorkerDict pid=3637328)   module._load_from_state_dict(
(WorkerDict pid=3637328) /home/cxr/miniconda3/envs/vllm/lib/python3.11/site-packages/torch/nn/modules/module.py:2589: UserWarning: for base_model.model.model.layers.3.mlp.up_proj.lora_B.default.weight: copying from a non-meta parameter in the checkpoint to a meta parameter in the current model, which is a no-op. (Did you mean to pass `assign=True` to assign items in the state dictionary to their corresponding key in the module instead of copying them in place?)
(WorkerDict pid=3637328)   module._load_from_state_dict(
(WorkerDict pid=3637328) /home/cxr/miniconda3/envs/vllm/lib/python3.11/site-packages/torch/nn/modules/module.py:2589: UserWarning: for base_model.model.model.layers.3.mlp.down_proj.lora_A.default.weight: copying from a non-meta parameter in the checkpoint to a meta parameter in the current model, which is a no-op. (Did you mean to pass `assign=True` to assign items in the state dictionary to their corresponding key in the module instead of copying them in place?)
(WorkerDict pid=3637328)   module._load_from_state_dict(
(WorkerDict pid=3637328) /home/cxr/miniconda3/envs/vllm/lib/python3.11/site-packages/torch/nn/modules/module.py:2589: UserWarning: for base_model.model.model.layers.3.mlp.down_proj.lora_B.default.weight: copying from a non-meta parameter in the checkpoint to a meta parameter in the current model, which is a no-op. (Did you mean to pass `assign=True` to assign items in the state dictionary to their corresponding key in the module instead of copying them in place?)
(WorkerDict pid=3637328)   module._load_from_state_dict(
(WorkerDict pid=3637328) /home/cxr/miniconda3/envs/vllm/lib/python3.11/site-packages/torch/nn/modules/module.py:2589: UserWarning: for base_model.model.model.layers.4.self_attn.q_proj.lora_A.default.weight: copying from a non-meta parameter in the checkpoint to a meta parameter in the current model, which is a no-op. (Did you mean to pass `assign=True` to assign items in the state dictionary to their corresponding key in the module instead of copying them in place?)
(WorkerDict pid=3637328)   module._load_from_state_dict(
(WorkerDict pid=3637328) /home/cxr/miniconda3/envs/vllm/lib/python3.11/site-packages/torch/nn/modules/module.py:2589: UserWarning: for base_model.model.model.layers.4.self_attn.q_proj.lora_B.default.weight: copying from a non-meta parameter in the checkpoint to a meta parameter in the current model, which is a no-op. (Did you mean to pass `assign=True` to assign items in the state dictionary to their corresponding key in the module instead of copying them in place?)
(WorkerDict pid=3637328)   module._load_from_state_dict(
(WorkerDict pid=3637328) /home/cxr/miniconda3/envs/vllm/lib/python3.11/site-packages/torch/nn/modules/module.py:2589: UserWarning: for base_model.model.model.layers.4.self_attn.k_proj.lora_A.default.weight: copying from a non-meta parameter in the checkpoint to a meta parameter in the current model, which is a no-op. (Did you mean to pass `assign=True` to assign items in the state dictionary to their corresponding key in the module instead of copying them in place?)
(WorkerDict pid=3637328)   module._load_from_state_dict(
(WorkerDict pid=3637328) /home/cxr/miniconda3/envs/vllm/lib/python3.11/site-packages/torch/nn/modules/module.py:2589: UserWarning: for base_model.model.model.layers.4.self_attn.k_proj.lora_B.default.weight: copying from a non-meta parameter in the checkpoint to a meta parameter in the current model, which is a no-op. (Did you mean to pass `assign=True` to assign items in the state dictionary to their corresponding key in the module instead of copying them in place?)
(WorkerDict pid=3637328)   module._load_from_state_dict(
(WorkerDict pid=3637328) /home/cxr/miniconda3/envs/vllm/lib/python3.11/site-packages/torch/nn/modules/module.py:2589: UserWarning: for base_model.model.model.layers.4.self_attn.v_proj.lora_A.default.weight: copying from a non-meta parameter in the checkpoint to a meta parameter in the current model, which is a no-op. (Did you mean to pass `assign=True` to assign items in the state dictionary to their corresponding key in the module instead of copying them in place?)
(WorkerDict pid=3637328)   module._load_from_state_dict(
(WorkerDict pid=3637328) /home/cxr/miniconda3/envs/vllm/lib/python3.11/site-packages/torch/nn/modules/module.py:2589: UserWarning: for base_model.model.model.layers.4.self_attn.v_proj.lora_B.default.weight: copying from a non-meta parameter in the checkpoint to a meta parameter in the current model, which is a no-op. (Did you mean to pass `assign=True` to assign items in the state dictionary to their corresponding key in the module instead of copying them in place?)
(WorkerDict pid=3637328)   module._load_from_state_dict(
(WorkerDict pid=3637328) /home/cxr/miniconda3/envs/vllm/lib/python3.11/site-packages/torch/nn/modules/module.py:2589: UserWarning: for base_model.model.model.layers.4.self_attn.o_proj.lora_A.default.weight: copying from a non-meta parameter in the checkpoint to a meta parameter in the current model, which is a no-op. (Did you mean to pass `assign=True` to assign items in the state dictionary to their corresponding key in the module instead of copying them in place?)
(WorkerDict pid=3637328)   module._load_from_state_dict(
(WorkerDict pid=3637328) /home/cxr/miniconda3/envs/vllm/lib/python3.11/site-packages/torch/nn/modules/module.py:2589: UserWarning: for base_model.model.model.layers.4.self_attn.o_proj.lora_B.default.weight: copying from a non-meta parameter in the checkpoint to a meta parameter in the current model, which is a no-op. (Did you mean to pass `assign=True` to assign items in the state dictionary to their corresponding key in the module instead of copying them in place?)
(WorkerDict pid=3637328)   module._load_from_state_dict(
(WorkerDict pid=3637328) /home/cxr/miniconda3/envs/vllm/lib/python3.11/site-packages/torch/nn/modules/module.py:2589: UserWarning: for base_model.model.model.layers.4.mlp.gate_proj.lora_A.default.weight: copying from a non-meta parameter in the checkpoint to a meta parameter in the current model, which is a no-op. (Did you mean to pass `assign=True` to assign items in the state dictionary to their corresponding key in the module instead of copying them in place?)
(WorkerDict pid=3637328)   module._load_from_state_dict(
(WorkerDict pid=3637328) /home/cxr/miniconda3/envs/vllm/lib/python3.11/site-packages/torch/nn/modules/module.py:2589: UserWarning: for base_model.model.model.layers.4.mlp.gate_proj.lora_B.default.weight: copying from a non-meta parameter in the checkpoint to a meta parameter in the current model, which is a no-op. (Did you mean to pass `assign=True` to assign items in the state dictionary to their corresponding key in the module instead of copying them in place?)
(WorkerDict pid=3637328)   module._load_from_state_dict(
(WorkerDict pid=3637328) /home/cxr/miniconda3/envs/vllm/lib/python3.11/site-packages/torch/nn/modules/module.py:2589: UserWarning: for base_model.model.model.layers.4.mlp.up_proj.lora_A.default.weight: copying from a non-meta parameter in the checkpoint to a meta parameter in the current model, which is a no-op. (Did you mean to pass `assign=True` to assign items in the state dictionary to their corresponding key in the module instead of copying them in place?)
(WorkerDict pid=3637328)   module._load_from_state_dict(
(WorkerDict pid=3637328) /home/cxr/miniconda3/envs/vllm/lib/python3.11/site-packages/torch/nn/modules/module.py:2589: UserWarning: for base_model.model.model.layers.4.mlp.up_proj.lora_B.default.weight: copying from a non-meta parameter in the checkpoint to a meta parameter in the current model, which is a no-op. (Did you mean to pass `assign=True` to assign items in the state dictionary to their corresponding key in the module instead of copying them in place?)
(WorkerDict pid=3637328)   module._load_from_state_dict(
(WorkerDict pid=3637328) /home/cxr/miniconda3/envs/vllm/lib/python3.11/site-packages/torch/nn/modules/module.py:2589: UserWarning: for base_model.model.model.layers.4.mlp.down_proj.lora_A.default.weight: copying from a non-meta parameter in the checkpoint to a meta parameter in the current model, which is a no-op. (Did you mean to pass `assign=True` to assign items in the state dictionary to their corresponding key in the module instead of copying them in place?)
(WorkerDict pid=3637328)   module._load_from_state_dict(
(WorkerDict pid=3637328) /home/cxr/miniconda3/envs/vllm/lib/python3.11/site-packages/torch/nn/modules/module.py:2589: UserWarning: for base_model.model.model.layers.4.mlp.down_proj.lora_B.default.weight: copying from a non-meta parameter in the checkpoint to a meta parameter in the current model, which is a no-op. (Did you mean to pass `assign=True` to assign items in the state dictionary to their corresponding key in the module instead of copying them in place?)
(WorkerDict pid=3637328)   module._load_from_state_dict(
(WorkerDict pid=3637328) /home/cxr/miniconda3/envs/vllm/lib/python3.11/site-packages/torch/nn/modules/module.py:2589: UserWarning: for base_model.model.model.layers.5.self_attn.q_proj.lora_A.default.weight: copying from a non-meta parameter in the checkpoint to a meta parameter in the current model, which is a no-op. (Did you mean to pass `assign=True` to assign items in the state dictionary to their corresponding key in the module instead of copying them in place?)
(WorkerDict pid=3637328)   module._load_from_state_dict(
(WorkerDict pid=3637328) /home/cxr/miniconda3/envs/vllm/lib/python3.11/site-packages/torch/nn/modules/module.py:2589: UserWarning: for base_model.model.model.layers.5.self_attn.q_proj.lora_B.default.weight: copying from a non-meta parameter in the checkpoint to a meta parameter in the current model, which is a no-op. (Did you mean to pass `assign=True` to assign items in the state dictionary to their corresponding key in the module instead of copying them in place?)
(WorkerDict pid=3637328)   module._load_from_state_dict(
(WorkerDict pid=3637328) /home/cxr/miniconda3/envs/vllm/lib/python3.11/site-packages/torch/nn/modules/module.py:2589: UserWarning: for base_model.model.model.layers.5.self_attn.k_proj.lora_A.default.weight: copying from a non-meta parameter in the checkpoint to a meta parameter in the current model, which is a no-op. (Did you mean to pass `assign=True` to assign items in the state dictionary to their corresponding key in the module instead of copying them in place?)
(WorkerDict pid=3637328)   module._load_from_state_dict(
(WorkerDict pid=3637328) /home/cxr/miniconda3/envs/vllm/lib/python3.11/site-packages/torch/nn/modules/module.py:2589: UserWarning: for base_model.model.model.layers.5.self_attn.k_proj.lora_B.default.weight: copying from a non-meta parameter in the checkpoint to a meta parameter in the current model, which is a no-op. (Did you mean to pass `assign=True` to assign items in the state dictionary to their corresponding key in the module instead of copying them in place?)
(WorkerDict pid=3637328)   module._load_from_state_dict(
(WorkerDict pid=3637328) /home/cxr/miniconda3/envs/vllm/lib/python3.11/site-packages/torch/nn/modules/module.py:2589: UserWarning: for base_model.model.model.layers.5.self_attn.v_proj.lora_A.default.weight: copying from a non-meta parameter in the checkpoint to a meta parameter in the current model, which is a no-op. (Did you mean to pass `assign=True` to assign items in the state dictionary to their corresponding key in the module instead of copying them in place?)
(WorkerDict pid=3637328)   module._load_from_state_dict(
(WorkerDict pid=3637328) /home/cxr/miniconda3/envs/vllm/lib/python3.11/site-packages/torch/nn/modules/module.py:2589: UserWarning: for base_model.model.model.layers.5.self_attn.v_proj.lora_B.default.weight: copying from a non-meta parameter in the checkpoint to a meta parameter in the current model, which is a no-op. (Did you mean to pass `assign=True` to assign items in the state dictionary to their corresponding key in the module instead of copying them in place?)
(WorkerDict pid=3637328)   module._load_from_state_dict(
(WorkerDict pid=3637328) /home/cxr/miniconda3/envs/vllm/lib/python3.11/site-packages/torch/nn/modules/module.py:2589: UserWarning: for base_model.model.model.layers.5.self_attn.o_proj.lora_A.default.weight: copying from a non-meta parameter in the checkpoint to a meta parameter in the current model, which is a no-op. (Did you mean to pass `assign=True` to assign items in the state dictionary to their corresponding key in the module instead of copying them in place?)
(WorkerDict pid=3637328)   module._load_from_state_dict(
(WorkerDict pid=3637328) /home/cxr/miniconda3/envs/vllm/lib/python3.11/site-packages/torch/nn/modules/module.py:2589: UserWarning: for base_model.model.model.layers.5.self_attn.o_proj.lora_B.default.weight: copying from a non-meta parameter in the checkpoint to a meta parameter in the current model, which is a no-op. (Did you mean to pass `assign=True` to assign items in the state dictionary to their corresponding key in the module instead of copying them in place?)
(WorkerDict pid=3637328)   module._load_from_state_dict(
(WorkerDict pid=3637328) /home/cxr/miniconda3/envs/vllm/lib/python3.11/site-packages/torch/nn/modules/module.py:2589: UserWarning: for base_model.model.model.layers.5.mlp.gate_proj.lora_A.default.weight: copying from a non-meta parameter in the checkpoint to a meta parameter in the current model, which is a no-op. (Did you mean to pass `assign=True` to assign items in the state dictionary to their corresponding key in the module instead of copying them in place?)
(WorkerDict pid=3637328)   module._load_from_state_dict(
(WorkerDict pid=3637328) /home/cxr/miniconda3/envs/vllm/lib/python3.11/site-packages/torch/nn/modules/module.py:2589: UserWarning: for base_model.model.model.layers.5.mlp.gate_proj.lora_B.default.weight: copying from a non-meta parameter in the checkpoint to a meta parameter in the current model, which is a no-op. (Did you mean to pass `assign=True` to assign items in the state dictionary to their corresponding key in the module instead of copying them in place?)
(WorkerDict pid=3637328)   module._load_from_state_dict(
(WorkerDict pid=3637328) /home/cxr/miniconda3/envs/vllm/lib/python3.11/site-packages/torch/nn/modules/module.py:2589: UserWarning: for base_model.model.model.layers.5.mlp.up_proj.lora_A.default.weight: copying from a non-meta parameter in the checkpoint to a meta parameter in the current model, which is a no-op. (Did you mean to pass `assign=True` to assign items in the state dictionary to their corresponding key in the module instead of copying them in place?)
(WorkerDict pid=3637328)   module._load_from_state_dict(
(WorkerDict pid=3637328) /home/cxr/miniconda3/envs/vllm/lib/python3.11/site-packages/torch/nn/modules/module.py:2589: UserWarning: for base_model.model.model.layers.5.mlp.up_proj.lora_B.default.weight: copying from a non-meta parameter in the checkpoint to a meta parameter in the current model, which is a no-op. (Did you mean to pass `assign=True` to assign items in the state dictionary to their corresponding key in the module instead of copying them in place?)
(WorkerDict pid=3637328)   module._load_from_state_dict(
(WorkerDict pid=3637328) /home/cxr/miniconda3/envs/vllm/lib/python3.11/site-packages/torch/nn/modules/module.py:2589: UserWarning: for base_model.model.model.layers.5.mlp.down_proj.lora_A.default.weight: copying from a non-meta parameter in the checkpoint to a meta parameter in the current model, which is a no-op. (Did you mean to pass `assign=True` to assign items in the state dictionary to their corresponding key in the module instead of copying them in place?)
(WorkerDict pid=3637328)   module._load_from_state_dict(
(WorkerDict pid=3637328) /home/cxr/miniconda3/envs/vllm/lib/python3.11/site-packages/torch/nn/modules/module.py:2589: UserWarning: for base_model.model.model.layers.5.mlp.down_proj.lora_B.default.weight: copying from a non-meta parameter in the checkpoint to a meta parameter in the current model, which is a no-op. (Did you mean to pass `assign=True` to assign items in the state dictionary to their corresponding key in the module instead of copying them in place?)
(WorkerDict pid=3637328)   module._load_from_state_dict(
(WorkerDict pid=3637328) /home/cxr/miniconda3/envs/vllm/lib/python3.11/site-packages/torch/nn/modules/module.py:2589: UserWarning: for base_model.model.model.layers.6.self_attn.q_proj.lora_A.default.weight: copying from a non-meta parameter in the checkpoint to a meta parameter in the current model, which is a no-op. (Did you mean to pass `assign=True` to assign items in the state dictionary to their corresponding key in the module instead of copying them in place?)
(WorkerDict pid=3637328)   module._load_from_state_dict(
(WorkerDict pid=3637328) /home/cxr/miniconda3/envs/vllm/lib/python3.11/site-packages/torch/nn/modules/module.py:2589: UserWarning: for base_model.model.model.layers.6.self_attn.q_proj.lora_B.default.weight: copying from a non-meta parameter in the checkpoint to a meta parameter in the current model, which is a no-op. (Did you mean to pass `assign=True` to assign items in the state dictionary to their corresponding key in the module instead of copying them in place?)
(WorkerDict pid=3637328)   module._load_from_state_dict(
(WorkerDict pid=3637328) /home/cxr/miniconda3/envs/vllm/lib/python3.11/site-packages/torch/nn/modules/module.py:2589: UserWarning: for base_model.model.model.layers.6.self_attn.k_proj.lora_A.default.weight: copying from a non-meta parameter in the checkpoint to a meta parameter in the current model, which is a no-op. (Did you mean to pass `assign=True` to assign items in the state dictionary to their corresponding key in the module instead of copying them in place?)
(WorkerDict pid=3637328)   module._load_from_state_dict(
(WorkerDict pid=3637328) /home/cxr/miniconda3/envs/vllm/lib/python3.11/site-packages/torch/nn/modules/module.py:2589: UserWarning: for base_model.model.model.layers.6.self_attn.k_proj.lora_B.default.weight: copying from a non-meta parameter in the checkpoint to a meta parameter in the current model, which is a no-op. (Did you mean to pass `assign=True` to assign items in the state dictionary to their corresponding key in the module instead of copying them in place?)
(WorkerDict pid=3637328)   module._load_from_state_dict(
(WorkerDict pid=3637328) /home/cxr/miniconda3/envs/vllm/lib/python3.11/site-packages/torch/nn/modules/module.py:2589: UserWarning: for base_model.model.model.layers.6.self_attn.v_proj.lora_A.default.weight: copying from a non-meta parameter in the checkpoint to a meta parameter in the current model, which is a no-op. (Did you mean to pass `assign=True` to assign items in the state dictionary to their corresponding key in the module instead of copying them in place?)
(WorkerDict pid=3637328)   module._load_from_state_dict(
(WorkerDict pid=3637328) /home/cxr/miniconda3/envs/vllm/lib/python3.11/site-packages/torch/nn/modules/module.py:2589: UserWarning: for base_model.model.model.layers.6.self_attn.v_proj.lora_B.default.weight: copying from a non-meta parameter in the checkpoint to a meta parameter in the current model, which is a no-op. (Did you mean to pass `assign=True` to assign items in the state dictionary to their corresponding key in the module instead of copying them in place?)
(WorkerDict pid=3637328)   module._load_from_state_dict(
(WorkerDict pid=3637328) /home/cxr/miniconda3/envs/vllm/lib/python3.11/site-packages/torch/nn/modules/module.py:2589: UserWarning: for base_model.model.model.layers.6.self_attn.o_proj.lora_A.default.weight: copying from a non-meta parameter in the checkpoint to a meta parameter in the current model, which is a no-op. (Did you mean to pass `assign=True` to assign items in the state dictionary to their corresponding key in the module instead of copying them in place?)
(WorkerDict pid=3637328)   module._load_from_state_dict(
(WorkerDict pid=3637328) /home/cxr/miniconda3/envs/vllm/lib/python3.11/site-packages/torch/nn/modules/module.py:2589: UserWarning: for base_model.model.model.layers.6.self_attn.o_proj.lora_B.default.weight: copying from a non-meta parameter in the checkpoint to a meta parameter in the current model, which is a no-op. (Did you mean to pass `assign=True` to assign items in the state dictionary to their corresponding key in the module instead of copying them in place?)
(WorkerDict pid=3637328)   module._load_from_state_dict(
(WorkerDict pid=3637328) /home/cxr/miniconda3/envs/vllm/lib/python3.11/site-packages/torch/nn/modules/module.py:2589: UserWarning: for base_model.model.model.layers.6.mlp.gate_proj.lora_A.default.weight: copying from a non-meta parameter in the checkpoint to a meta parameter in the current model, which is a no-op. (Did you mean to pass `assign=True` to assign items in the state dictionary to their corresponding key in the module instead of copying them in place?)
(WorkerDict pid=3637328)   module._load_from_state_dict(
(WorkerDict pid=3637328) /home/cxr/miniconda3/envs/vllm/lib/python3.11/site-packages/torch/nn/modules/module.py:2589: UserWarning: for base_model.model.model.layers.6.mlp.gate_proj.lora_B.default.weight: copying from a non-meta parameter in the checkpoint to a meta parameter in the current model, which is a no-op. (Did you mean to pass `assign=True` to assign items in the state dictionary to their corresponding key in the module instead of copying them in place?)
(WorkerDict pid=3637328)   module._load_from_state_dict(
(WorkerDict pid=3637328) /home/cxr/miniconda3/envs/vllm/lib/python3.11/site-packages/torch/nn/modules/module.py:2589: UserWarning: for base_model.model.model.layers.6.mlp.up_proj.lora_A.default.weight: copying from a non-meta parameter in the checkpoint to a meta parameter in the current model, which is a no-op. (Did you mean to pass `assign=True` to assign items in the state dictionary to their corresponding key in the module instead of copying them in place?)
(WorkerDict pid=3637328)   module._load_from_state_dict(
(WorkerDict pid=3637328) /home/cxr/miniconda3/envs/vllm/lib/python3.11/site-packages/torch/nn/modules/module.py:2589: UserWarning: for base_model.model.model.layers.6.mlp.up_proj.lora_B.default.weight: copying from a non-meta parameter in the checkpoint to a meta parameter in the current model, which is a no-op. (Did you mean to pass `assign=True` to assign items in the state dictionary to their corresponding key in the module instead of copying them in place?)
(WorkerDict pid=3637328)   module._load_from_state_dict(
(WorkerDict pid=3637328) /home/cxr/miniconda3/envs/vllm/lib/python3.11/site-packages/torch/nn/modules/module.py:2589: UserWarning: for base_model.model.model.layers.6.mlp.down_proj.lora_A.default.weight: copying from a non-meta parameter in the checkpoint to a meta parameter in the current model, which is a no-op. (Did you mean to pass `assign=True` to assign items in the state dictionary to their corresponding key in the module instead of copying them in place?)
(WorkerDict pid=3637328)   module._load_from_state_dict(
(WorkerDict pid=3637328) /home/cxr/miniconda3/envs/vllm/lib/python3.11/site-packages/torch/nn/modules/module.py:2589: UserWarning: for base_model.model.model.layers.6.mlp.down_proj.lora_B.default.weight: copying from a non-meta parameter in the checkpoint to a meta parameter in the current model, which is a no-op. (Did you mean to pass `assign=True` to assign items in the state dictionary to their corresponding key in the module instead of copying them in place?)
(WorkerDict pid=3637328)   module._load_from_state_dict(
(WorkerDict pid=3637328) /home/cxr/miniconda3/envs/vllm/lib/python3.11/site-packages/torch/nn/modules/module.py:2589: UserWarning: for base_model.model.model.layers.7.self_attn.q_proj.lora_A.default.weight: copying from a non-meta parameter in the checkpoint to a meta parameter in the current model, which is a no-op. (Did you mean to pass `assign=True` to assign items in the state dictionary to their corresponding key in the module instead of copying them in place?)
(WorkerDict pid=3637328)   module._load_from_state_dict(
(WorkerDict pid=3637328) /home/cxr/miniconda3/envs/vllm/lib/python3.11/site-packages/torch/nn/modules/module.py:2589: UserWarning: for base_model.model.model.layers.7.self_attn.q_proj.lora_B.default.weight: copying from a non-meta parameter in the checkpoint to a meta parameter in the current model, which is a no-op. (Did you mean to pass `assign=True` to assign items in the state dictionary to their corresponding key in the module instead of copying them in place?)
(WorkerDict pid=3637328)   module._load_from_state_dict(
(WorkerDict pid=3637328) /home/cxr/miniconda3/envs/vllm/lib/python3.11/site-packages/torch/nn/modules/module.py:2589: UserWarning: for base_model.model.model.layers.7.self_attn.k_proj.lora_A.default.weight: copying from a non-meta parameter in the checkpoint to a meta parameter in the current model, which is a no-op. (Did you mean to pass `assign=True` to assign items in the state dictionary to their corresponding key in the module instead of copying them in place?)
(WorkerDict pid=3637328)   module._load_from_state_dict(
(WorkerDict pid=3637328) /home/cxr/miniconda3/envs/vllm/lib/python3.11/site-packages/torch/nn/modules/module.py:2589: UserWarning: for base_model.model.model.layers.7.self_attn.k_proj.lora_B.default.weight: copying from a non-meta parameter in the checkpoint to a meta parameter in the current model, which is a no-op. (Did you mean to pass `assign=True` to assign items in the state dictionary to their corresponding key in the module instead of copying them in place?)
(WorkerDict pid=3637328)   module._load_from_state_dict(
(WorkerDict pid=3637328) /home/cxr/miniconda3/envs/vllm/lib/python3.11/site-packages/torch/nn/modules/module.py:2589: UserWarning: for base_model.model.model.layers.7.self_attn.v_proj.lora_A.default.weight: copying from a non-meta parameter in the checkpoint to a meta parameter in the current model, which is a no-op. (Did you mean to pass `assign=True` to assign items in the state dictionary to their corresponding key in the module instead of copying them in place?)
(WorkerDict pid=3637328)   module._load_from_state_dict(
(WorkerDict pid=3637328) /home/cxr/miniconda3/envs/vllm/lib/python3.11/site-packages/torch/nn/modules/module.py:2589: UserWarning: for base_model.model.model.layers.7.self_attn.v_proj.lora_B.default.weight: copying from a non-meta parameter in the checkpoint to a meta parameter in the current model, which is a no-op. (Did you mean to pass `assign=True` to assign items in the state dictionary to their corresponding key in the module instead of copying them in place?)
(WorkerDict pid=3637328)   module._load_from_state_dict(
(WorkerDict pid=3637328) /home/cxr/miniconda3/envs/vllm/lib/python3.11/site-packages/torch/nn/modules/module.py:2589: UserWarning: for base_model.model.model.layers.7.self_attn.o_proj.lora_A.default.weight: copying from a non-meta parameter in the checkpoint to a meta parameter in the current model, which is a no-op. (Did you mean to pass `assign=True` to assign items in the state dictionary to their corresponding key in the module instead of copying them in place?)
(WorkerDict pid=3637328)   module._load_from_state_dict(
(WorkerDict pid=3637328) /home/cxr/miniconda3/envs/vllm/lib/python3.11/site-packages/torch/nn/modules/module.py:2589: UserWarning: for base_model.model.model.layers.7.self_attn.o_proj.lora_B.default.weight: copying from a non-meta parameter in the checkpoint to a meta parameter in the current model, which is a no-op. (Did you mean to pass `assign=True` to assign items in the state dictionary to their corresponding key in the module instead of copying them in place?)
(WorkerDict pid=3637328)   module._load_from_state_dict(
(WorkerDict pid=3637328) /home/cxr/miniconda3/envs/vllm/lib/python3.11/site-packages/torch/nn/modules/module.py:2589: UserWarning: for base_model.model.model.layers.7.mlp.gate_proj.lora_A.default.weight: copying from a non-meta parameter in the checkpoint to a meta parameter in the current model, which is a no-op. (Did you mean to pass `assign=True` to assign items in the state dictionary to their corresponding key in the module instead of copying them in place?)
(WorkerDict pid=3637328)   module._load_from_state_dict(
(WorkerDict pid=3637328) /home/cxr/miniconda3/envs/vllm/lib/python3.11/site-packages/torch/nn/modules/module.py:2589: UserWarning: for base_model.model.model.layers.7.mlp.gate_proj.lora_B.default.weight: copying from a non-meta parameter in the checkpoint to a meta parameter in the current model, which is a no-op. (Did you mean to pass `assign=True` to assign items in the state dictionary to their corresponding key in the module instead of copying them in place?)
(WorkerDict pid=3637328)   module._load_from_state_dict(
(WorkerDict pid=3637328) /home/cxr/miniconda3/envs/vllm/lib/python3.11/site-packages/torch/nn/modules/module.py:2589: UserWarning: for base_model.model.model.layers.7.mlp.up_proj.lora_A.default.weight: copying from a non-meta parameter in the checkpoint to a meta parameter in the current model, which is a no-op. (Did you mean to pass `assign=True` to assign items in the state dictionary to their corresponding key in the module instead of copying them in place?)
(WorkerDict pid=3637328)   module._load_from_state_dict(
(WorkerDict pid=3637328) /home/cxr/miniconda3/envs/vllm/lib/python3.11/site-packages/torch/nn/modules/module.py:2589: UserWarning: for base_model.model.model.layers.7.mlp.up_proj.lora_B.default.weight: copying from a non-meta parameter in the checkpoint to a meta parameter in the current model, which is a no-op. (Did you mean to pass `assign=True` to assign items in the state dictionary to their corresponding key in the module instead of copying them in place?)
(WorkerDict pid=3637328)   module._load_from_state_dict(
(WorkerDict pid=3637328) /home/cxr/miniconda3/envs/vllm/lib/python3.11/site-packages/torch/nn/modules/module.py:2589: UserWarning: for base_model.model.model.layers.7.mlp.down_proj.lora_A.default.weight: copying from a non-meta parameter in the checkpoint to a meta parameter in the current model, which is a no-op. (Did you mean to pass `assign=True` to assign items in the state dictionary to their corresponding key in the module instead of copying them in place?)
(WorkerDict pid=3637328)   module._load_from_state_dict(
(WorkerDict pid=3637328) /home/cxr/miniconda3/envs/vllm/lib/python3.11/site-packages/torch/nn/modules/module.py:2589: UserWarning: for base_model.model.model.layers.7.mlp.down_proj.lora_B.default.weight: copying from a non-meta parameter in the checkpoint to a meta parameter in the current model, which is a no-op. (Did you mean to pass `assign=True` to assign items in the state dictionary to their corresponding key in the module instead of copying them in place?)
(WorkerDict pid=3637328)   module._load_from_state_dict(
(WorkerDict pid=3637328) /home/cxr/miniconda3/envs/vllm/lib/python3.11/site-packages/torch/nn/modules/module.py:2589: UserWarning: for base_model.model.model.layers.8.self_attn.q_proj.lora_A.default.weight: copying from a non-meta parameter in the checkpoint to a meta parameter in the current model, which is a no-op. (Did you mean to pass `assign=True` to assign items in the state dictionary to their corresponding key in the module instead of copying them in place?)
(WorkerDict pid=3637328)   module._load_from_state_dict(
(WorkerDict pid=3637328) /home/cxr/miniconda3/envs/vllm/lib/python3.11/site-packages/torch/nn/modules/module.py:2589: UserWarning: for base_model.model.model.layers.8.self_attn.q_proj.lora_B.default.weight: copying from a non-meta parameter in the checkpoint to a meta parameter in the current model, which is a no-op. (Did you mean to pass `assign=True` to assign items in the state dictionary to their corresponding key in the module instead of copying them in place?)
(WorkerDict pid=3637328)   module._load_from_state_dict(
(WorkerDict pid=3637328) /home/cxr/miniconda3/envs/vllm/lib/python3.11/site-packages/torch/nn/modules/module.py:2589: UserWarning: for base_model.model.model.layers.8.self_attn.k_proj.lora_A.default.weight: copying from a non-meta parameter in the checkpoint to a meta parameter in the current model, which is a no-op. (Did you mean to pass `assign=True` to assign items in the state dictionary to their corresponding key in the module instead of copying them in place?)
(WorkerDict pid=3637328)   module._load_from_state_dict(
(WorkerDict pid=3637328) /home/cxr/miniconda3/envs/vllm/lib/python3.11/site-packages/torch/nn/modules/module.py:2589: UserWarning: for base_model.model.model.layers.8.self_attn.k_proj.lora_B.default.weight: copying from a non-meta parameter in the checkpoint to a meta parameter in the current model, which is a no-op. (Did you mean to pass `assign=True` to assign items in the state dictionary to their corresponding key in the module instead of copying them in place?)
(WorkerDict pid=3637328)   module._load_from_state_dict(
(WorkerDict pid=3637328) /home/cxr/miniconda3/envs/vllm/lib/python3.11/site-packages/torch/nn/modules/module.py:2589: UserWarning: for base_model.model.model.layers.8.self_attn.v_proj.lora_A.default.weight: copying from a non-meta parameter in the checkpoint to a meta parameter in the current model, which is a no-op. (Did you mean to pass `assign=True` to assign items in the state dictionary to their corresponding key in the module instead of copying them in place?)
(WorkerDict pid=3637328)   module._load_from_state_dict(
(WorkerDict pid=3637328) /home/cxr/miniconda3/envs/vllm/lib/python3.11/site-packages/torch/nn/modules/module.py:2589: UserWarning: for base_model.model.model.layers.8.self_attn.v_proj.lora_B.default.weight: copying from a non-meta parameter in the checkpoint to a meta parameter in the current model, which is a no-op. (Did you mean to pass `assign=True` to assign items in the state dictionary to their corresponding key in the module instead of copying them in place?)
(WorkerDict pid=3637328)   module._load_from_state_dict(
(WorkerDict pid=3637328) /home/cxr/miniconda3/envs/vllm/lib/python3.11/site-packages/torch/nn/modules/module.py:2589: UserWarning: for base_model.model.model.layers.8.self_attn.o_proj.lora_A.default.weight: copying from a non-meta parameter in the checkpoint to a meta parameter in the current model, which is a no-op. (Did you mean to pass `assign=True` to assign items in the state dictionary to their corresponding key in the module instead of copying them in place?)
(WorkerDict pid=3637328)   module._load_from_state_dict(
(WorkerDict pid=3637328) /home/cxr/miniconda3/envs/vllm/lib/python3.11/site-packages/torch/nn/modules/module.py:2589: UserWarning: for base_model.model.model.layers.8.self_attn.o_proj.lora_B.default.weight: copying from a non-meta parameter in the checkpoint to a meta parameter in the current model, which is a no-op. (Did you mean to pass `assign=True` to assign items in the state dictionary to their corresponding key in the module instead of copying them in place?)
(WorkerDict pid=3637328)   module._load_from_state_dict(
(WorkerDict pid=3637328) /home/cxr/miniconda3/envs/vllm/lib/python3.11/site-packages/torch/nn/modules/module.py:2589: UserWarning: for base_model.model.model.layers.8.mlp.gate_proj.lora_A.default.weight: copying from a non-meta parameter in the checkpoint to a meta parameter in the current model, which is a no-op. (Did you mean to pass `assign=True` to assign items in the state dictionary to their corresponding key in the module instead of copying them in place?)
(WorkerDict pid=3637328)   module._load_from_state_dict(
(WorkerDict pid=3637328) /home/cxr/miniconda3/envs/vllm/lib/python3.11/site-packages/torch/nn/modules/module.py:2589: UserWarning: for base_model.model.model.layers.8.mlp.gate_proj.lora_B.default.weight: copying from a non-meta parameter in the checkpoint to a meta parameter in the current model, which is a no-op. (Did you mean to pass `assign=True` to assign items in the state dictionary to their corresponding key in the module instead of copying them in place?)
(WorkerDict pid=3637328)   module._load_from_state_dict(
(WorkerDict pid=3637328) /home/cxr/miniconda3/envs/vllm/lib/python3.11/site-packages/torch/nn/modules/module.py:2589: UserWarning: for base_model.model.model.layers.8.mlp.up_proj.lora_A.default.weight: copying from a non-meta parameter in the checkpoint to a meta parameter in the current model, which is a no-op. (Did you mean to pass `assign=True` to assign items in the state dictionary to their corresponding key in the module instead of copying them in place?)
(WorkerDict pid=3637328)   module._load_from_state_dict(
(WorkerDict pid=3637328) /home/cxr/miniconda3/envs/vllm/lib/python3.11/site-packages/torch/nn/modules/module.py:2589: UserWarning: for base_model.model.model.layers.8.mlp.up_proj.lora_B.default.weight: copying from a non-meta parameter in the checkpoint to a meta parameter in the current model, which is a no-op. (Did you mean to pass `assign=True` to assign items in the state dictionary to their corresponding key in the module instead of copying them in place?)
(WorkerDict pid=3637328)   module._load_from_state_dict(
(WorkerDict pid=3637328) /home/cxr/miniconda3/envs/vllm/lib/python3.11/site-packages/torch/nn/modules/module.py:2589: UserWarning: for base_model.model.model.layers.8.mlp.down_proj.lora_A.default.weight: copying from a non-meta parameter in the checkpoint to a meta parameter in the current model, which is a no-op. (Did you mean to pass `assign=True` to assign items in the state dictionary to their corresponding key in the module instead of copying them in place?)
(WorkerDict pid=3637328)   module._load_from_state_dict(
(WorkerDict pid=3637328) /home/cxr/miniconda3/envs/vllm/lib/python3.11/site-packages/torch/nn/modules/module.py:2589: UserWarning: for base_model.model.model.layers.8.mlp.down_proj.lora_B.default.weight: copying from a non-meta parameter in the checkpoint to a meta parameter in the current model, which is a no-op. (Did you mean to pass `assign=True` to assign items in the state dictionary to their corresponding key in the module instead of copying them in place?)
(WorkerDict pid=3637328)   module._load_from_state_dict(
(WorkerDict pid=3637328) /home/cxr/miniconda3/envs/vllm/lib/python3.11/site-packages/torch/nn/modules/module.py:2589: UserWarning: for base_model.model.model.layers.9.self_attn.q_proj.lora_A.default.weight: copying from a non-meta parameter in the checkpoint to a meta parameter in the current model, which is a no-op. (Did you mean to pass `assign=True` to assign items in the state dictionary to their corresponding key in the module instead of copying them in place?)
(WorkerDict pid=3637328)   module._load_from_state_dict(
(WorkerDict pid=3637328) /home/cxr/miniconda3/envs/vllm/lib/python3.11/site-packages/torch/nn/modules/module.py:2589: UserWarning: for base_model.model.model.layers.9.self_attn.q_proj.lora_B.default.weight: copying from a non-meta parameter in the checkpoint to a meta parameter in the current model, which is a no-op. (Did you mean to pass `assign=True` to assign items in the state dictionary to their corresponding key in the module instead of copying them in place?)
(WorkerDict pid=3637328)   module._load_from_state_dict(
(WorkerDict pid=3637328) /home/cxr/miniconda3/envs/vllm/lib/python3.11/site-packages/torch/nn/modules/module.py:2589: UserWarning: for base_model.model.model.layers.9.self_attn.k_proj.lora_A.default.weight: copying from a non-meta parameter in the checkpoint to a meta parameter in the current model, which is a no-op. (Did you mean to pass `assign=True` to assign items in the state dictionary to their corresponding key in the module instead of copying them in place?)
(WorkerDict pid=3637328)   module._load_from_state_dict(
(WorkerDict pid=3637328) /home/cxr/miniconda3/envs/vllm/lib/python3.11/site-packages/torch/nn/modules/module.py:2589: UserWarning: for base_model.model.model.layers.9.self_attn.k_proj.lora_B.default.weight: copying from a non-meta parameter in the checkpoint to a meta parameter in the current model, which is a no-op. (Did you mean to pass `assign=True` to assign items in the state dictionary to their corresponding key in the module instead of copying them in place?)
(WorkerDict pid=3637328)   module._load_from_state_dict(
(WorkerDict pid=3637328) /home/cxr/miniconda3/envs/vllm/lib/python3.11/site-packages/torch/nn/modules/module.py:2589: UserWarning: for base_model.model.model.layers.9.self_attn.v_proj.lora_A.default.weight: copying from a non-meta parameter in the checkpoint to a meta parameter in the current model, which is a no-op. (Did you mean to pass `assign=True` to assign items in the state dictionary to their corresponding key in the module instead of copying them in place?)
(WorkerDict pid=3637328)   module._load_from_state_dict(
(WorkerDict pid=3637328) /home/cxr/miniconda3/envs/vllm/lib/python3.11/site-packages/torch/nn/modules/module.py:2589: UserWarning: for base_model.model.model.layers.9.self_attn.v_proj.lora_B.default.weight: copying from a non-meta parameter in the checkpoint to a meta parameter in the current model, which is a no-op. (Did you mean to pass `assign=True` to assign items in the state dictionary to their corresponding key in the module instead of copying them in place?)
(WorkerDict pid=3637328)   module._load_from_state_dict(
(WorkerDict pid=3637328) /home/cxr/miniconda3/envs/vllm/lib/python3.11/site-packages/torch/nn/modules/module.py:2589: UserWarning: for base_model.model.model.layers.9.self_attn.o_proj.lora_A.default.weight: copying from a non-meta parameter in the checkpoint to a meta parameter in the current model, which is a no-op. (Did you mean to pass `assign=True` to assign items in the state dictionary to their corresponding key in the module instead of copying them in place?)
(WorkerDict pid=3637328)   module._load_from_state_dict(
(WorkerDict pid=3637328) /home/cxr/miniconda3/envs/vllm/lib/python3.11/site-packages/torch/nn/modules/module.py:2589: UserWarning: for base_model.model.model.layers.9.self_attn.o_proj.lora_B.default.weight: copying from a non-meta parameter in the checkpoint to a meta parameter in the current model, which is a no-op. (Did you mean to pass `assign=True` to assign items in the state dictionary to their corresponding key in the module instead of copying them in place?)
(WorkerDict pid=3637328)   module._load_from_state_dict(
(WorkerDict pid=3637328) /home/cxr/miniconda3/envs/vllm/lib/python3.11/site-packages/torch/nn/modules/module.py:2589: UserWarning: for base_model.model.model.layers.9.mlp.gate_proj.lora_A.default.weight: copying from a non-meta parameter in the checkpoint to a meta parameter in the current model, which is a no-op. (Did you mean to pass `assign=True` to assign items in the state dictionary to their corresponding key in the module instead of copying them in place?)
(WorkerDict pid=3637328)   module._load_from_state_dict(
(WorkerDict pid=3637328) /home/cxr/miniconda3/envs/vllm/lib/python3.11/site-packages/torch/nn/modules/module.py:2589: UserWarning: for base_model.model.model.layers.9.mlp.gate_proj.lora_B.default.weight: copying from a non-meta parameter in the checkpoint to a meta parameter in the current model, which is a no-op. (Did you mean to pass `assign=True` to assign items in the state dictionary to their corresponding key in the module instead of copying them in place?)
(WorkerDict pid=3637328)   module._load_from_state_dict(
(WorkerDict pid=3637328) /home/cxr/miniconda3/envs/vllm/lib/python3.11/site-packages/torch/nn/modules/module.py:2589: UserWarning: for base_model.model.model.layers.9.mlp.up_proj.lora_A.default.weight: copying from a non-meta parameter in the checkpoint to a meta parameter in the current model, which is a no-op. (Did you mean to pass `assign=True` to assign items in the state dictionary to their corresponding key in the module instead of copying them in place?)
(WorkerDict pid=3637328)   module._load_from_state_dict(
(WorkerDict pid=3637328) /home/cxr/miniconda3/envs/vllm/lib/python3.11/site-packages/torch/nn/modules/module.py:2589: UserWarning: for base_model.model.model.layers.9.mlp.up_proj.lora_B.default.weight: copying from a non-meta parameter in the checkpoint to a meta parameter in the current model, which is a no-op. (Did you mean to pass `assign=True` to assign items in the state dictionary to their corresponding key in the module instead of copying them in place?)
(WorkerDict pid=3637328)   module._load_from_state_dict(
(WorkerDict pid=3637328) /home/cxr/miniconda3/envs/vllm/lib/python3.11/site-packages/torch/nn/modules/module.py:2589: UserWarning: for base_model.model.model.layers.9.mlp.down_proj.lora_A.default.weight: copying from a non-meta parameter in the checkpoint to a meta parameter in the current model, which is a no-op. (Did you mean to pass `assign=True` to assign items in the state dictionary to their corresponding key in the module instead of copying them in place?)
(WorkerDict pid=3637328)   module._load_from_state_dict(
(WorkerDict pid=3637328) /home/cxr/miniconda3/envs/vllm/lib/python3.11/site-packages/torch/nn/modules/module.py:2589: UserWarning: for base_model.model.model.layers.9.mlp.down_proj.lora_B.default.weight: copying from a non-meta parameter in the checkpoint to a meta parameter in the current model, which is a no-op. (Did you mean to pass `assign=True` to assign items in the state dictionary to their corresponding key in the module instead of copying them in place?)
(WorkerDict pid=3637328)   module._load_from_state_dict(
(WorkerDict pid=3637328) /home/cxr/miniconda3/envs/vllm/lib/python3.11/site-packages/torch/nn/modules/module.py:2589: UserWarning: for base_model.model.model.layers.10.self_attn.q_proj.lora_A.default.weight: copying from a non-meta parameter in the checkpoint to a meta parameter in the current model, which is a no-op. (Did you mean to pass `assign=True` to assign items in the state dictionary to their corresponding key in the module instead of copying them in place?)
(WorkerDict pid=3637328)   module._load_from_state_dict(
(WorkerDict pid=3637328) /home/cxr/miniconda3/envs/vllm/lib/python3.11/site-packages/torch/nn/modules/module.py:2589: UserWarning: for base_model.model.model.layers.10.self_attn.q_proj.lora_B.default.weight: copying from a non-meta parameter in the checkpoint to a meta parameter in the current model, which is a no-op. (Did you mean to pass `assign=True` to assign items in the state dictionary to their corresponding key in the module instead of copying them in place?)
(WorkerDict pid=3637328)   module._load_from_state_dict(
(WorkerDict pid=3637328) /home/cxr/miniconda3/envs/vllm/lib/python3.11/site-packages/torch/nn/modules/module.py:2589: UserWarning: for base_model.model.model.layers.10.self_attn.k_proj.lora_A.default.weight: copying from a non-meta parameter in the checkpoint to a meta parameter in the current model, which is a no-op. (Did you mean to pass `assign=True` to assign items in the state dictionary to their corresponding key in the module instead of copying them in place?)
(WorkerDict pid=3637328)   module._load_from_state_dict(
(WorkerDict pid=3637328) /home/cxr/miniconda3/envs/vllm/lib/python3.11/site-packages/torch/nn/modules/module.py:2589: UserWarning: for base_model.model.model.layers.10.self_attn.k_proj.lora_B.default.weight: copying from a non-meta parameter in the checkpoint to a meta parameter in the current model, which is a no-op. (Did you mean to pass `assign=True` to assign items in the state dictionary to their corresponding key in the module instead of copying them in place?)
(WorkerDict pid=3637328)   module._load_from_state_dict(
(WorkerDict pid=3637328) /home/cxr/miniconda3/envs/vllm/lib/python3.11/site-packages/torch/nn/modules/module.py:2589: UserWarning: for base_model.model.model.layers.10.self_attn.v_proj.lora_A.default.weight: copying from a non-meta parameter in the checkpoint to a meta parameter in the current model, which is a no-op. (Did you mean to pass `assign=True` to assign items in the state dictionary to their corresponding key in the module instead of copying them in place?)
(WorkerDict pid=3637328)   module._load_from_state_dict(
(WorkerDict pid=3637328) /home/cxr/miniconda3/envs/vllm/lib/python3.11/site-packages/torch/nn/modules/module.py:2589: UserWarning: for base_model.model.model.layers.10.self_attn.v_proj.lora_B.default.weight: copying from a non-meta parameter in the checkpoint to a meta parameter in the current model, which is a no-op. (Did you mean to pass `assign=True` to assign items in the state dictionary to their corresponding key in the module instead of copying them in place?)
(WorkerDict pid=3637328)   module._load_from_state_dict(
(WorkerDict pid=3637328) /home/cxr/miniconda3/envs/vllm/lib/python3.11/site-packages/torch/nn/modules/module.py:2589: UserWarning: for base_model.model.model.layers.10.self_attn.o_proj.lora_A.default.weight: copying from a non-meta parameter in the checkpoint to a meta parameter in the current model, which is a no-op. (Did you mean to pass `assign=True` to assign items in the state dictionary to their corresponding key in the module instead of copying them in place?)
(WorkerDict pid=3637328)   module._load_from_state_dict(
(WorkerDict pid=3637328) /home/cxr/miniconda3/envs/vllm/lib/python3.11/site-packages/torch/nn/modules/module.py:2589: UserWarning: for base_model.model.model.layers.10.self_attn.o_proj.lora_B.default.weight: copying from a non-meta parameter in the checkpoint to a meta parameter in the current model, which is a no-op. (Did you mean to pass `assign=True` to assign items in the state dictionary to their corresponding key in the module instead of copying them in place?)
(WorkerDict pid=3637328)   module._load_from_state_dict(
(WorkerDict pid=3637328) /home/cxr/miniconda3/envs/vllm/lib/python3.11/site-packages/torch/nn/modules/module.py:2589: UserWarning: for base_model.model.model.layers.10.mlp.gate_proj.lora_A.default.weight: copying from a non-meta parameter in the checkpoint to a meta parameter in the current model, which is a no-op. (Did you mean to pass `assign=True` to assign items in the state dictionary to their corresponding key in the module instead of copying them in place?)
(WorkerDict pid=3637328)   module._load_from_state_dict(
(WorkerDict pid=3637328) /home/cxr/miniconda3/envs/vllm/lib/python3.11/site-packages/torch/nn/modules/module.py:2589: UserWarning: for base_model.model.model.layers.10.mlp.gate_proj.lora_B.default.weight: copying from a non-meta parameter in the checkpoint to a meta parameter in the current model, which is a no-op. (Did you mean to pass `assign=True` to assign items in the state dictionary to their corresponding key in the module instead of copying them in place?)
(WorkerDict pid=3637328)   module._load_from_state_dict(
(WorkerDict pid=3637328) /home/cxr/miniconda3/envs/vllm/lib/python3.11/site-packages/torch/nn/modules/module.py:2589: UserWarning: for base_model.model.model.layers.10.mlp.up_proj.lora_A.default.weight: copying from a non-meta parameter in the checkpoint to a meta parameter in the current model, which is a no-op. (Did you mean to pass `assign=True` to assign items in the state dictionary to their corresponding key in the module instead of copying them in place?)
(WorkerDict pid=3637328)   module._load_from_state_dict(
(WorkerDict pid=3637328) /home/cxr/miniconda3/envs/vllm/lib/python3.11/site-packages/torch/nn/modules/module.py:2589: UserWarning: for base_model.model.model.layers.10.mlp.up_proj.lora_B.default.weight: copying from a non-meta parameter in the checkpoint to a meta parameter in the current model, which is a no-op. (Did you mean to pass `assign=True` to assign items in the state dictionary to their corresponding key in the module instead of copying them in place?)
(WorkerDict pid=3637328)   module._load_from_state_dict(
(WorkerDict pid=3637328) /home/cxr/miniconda3/envs/vllm/lib/python3.11/site-packages/torch/nn/modules/module.py:2589: UserWarning: for base_model.model.model.layers.10.mlp.down_proj.lora_A.default.weight: copying from a non-meta parameter in the checkpoint to a meta parameter in the current model, which is a no-op. (Did you mean to pass `assign=True` to assign items in the state dictionary to their corresponding key in the module instead of copying them in place?)
(WorkerDict pid=3637328)   module._load_from_state_dict(
(WorkerDict pid=3637328) /home/cxr/miniconda3/envs/vllm/lib/python3.11/site-packages/torch/nn/modules/module.py:2589: UserWarning: for base_model.model.model.layers.10.mlp.down_proj.lora_B.default.weight: copying from a non-meta parameter in the checkpoint to a meta parameter in the current model, which is a no-op. (Did you mean to pass `assign=True` to assign items in the state dictionary to their corresponding key in the module instead of copying them in place?)
(WorkerDict pid=3637328)   module._load_from_state_dict(
(WorkerDict pid=3637328) /home/cxr/miniconda3/envs/vllm/lib/python3.11/site-packages/torch/nn/modules/module.py:2589: UserWarning: for base_model.model.model.layers.11.self_attn.q_proj.lora_A.default.weight: copying from a non-meta parameter in the checkpoint to a meta parameter in the current model, which is a no-op. (Did you mean to pass `assign=True` to assign items in the state dictionary to their corresponding key in the module instead of copying them in place?)
(WorkerDict pid=3637328)   module._load_from_state_dict(
(WorkerDict pid=3637328) /home/cxr/miniconda3/envs/vllm/lib/python3.11/site-packages/torch/nn/modules/module.py:2589: UserWarning: for base_model.model.model.layers.11.self_attn.q_proj.lora_B.default.weight: copying from a non-meta parameter in the checkpoint to a meta parameter in the current model, which is a no-op. (Did you mean to pass `assign=True` to assign items in the state dictionary to their corresponding key in the module instead of copying them in place?)
(WorkerDict pid=3637328)   module._load_from_state_dict(
(WorkerDict pid=3637328) /home/cxr/miniconda3/envs/vllm/lib/python3.11/site-packages/torch/nn/modules/module.py:2589: UserWarning: for base_model.model.model.layers.11.self_attn.k_proj.lora_A.default.weight: copying from a non-meta parameter in the checkpoint to a meta parameter in the current model, which is a no-op. (Did you mean to pass `assign=True` to assign items in the state dictionary to their corresponding key in the module instead of copying them in place?)
(WorkerDict pid=3637328)   module._load_from_state_dict(
(WorkerDict pid=3637328) /home/cxr/miniconda3/envs/vllm/lib/python3.11/site-packages/torch/nn/modules/module.py:2589: UserWarning: for base_model.model.model.layers.11.self_attn.k_proj.lora_B.default.weight: copying from a non-meta parameter in the checkpoint to a meta parameter in the current model, which is a no-op. (Did you mean to pass `assign=True` to assign items in the state dictionary to their corresponding key in the module instead of copying them in place?)
(WorkerDict pid=3637328)   module._load_from_state_dict(
(WorkerDict pid=3637328) /home/cxr/miniconda3/envs/vllm/lib/python3.11/site-packages/torch/nn/modules/module.py:2589: UserWarning: for base_model.model.model.layers.11.self_attn.v_proj.lora_A.default.weight: copying from a non-meta parameter in the checkpoint to a meta parameter in the current model, which is a no-op. (Did you mean to pass `assign=True` to assign items in the state dictionary to their corresponding key in the module instead of copying them in place?)
(WorkerDict pid=3637328)   module._load_from_state_dict(
(WorkerDict pid=3637328) /home/cxr/miniconda3/envs/vllm/lib/python3.11/site-packages/torch/nn/modules/module.py:2589: UserWarning: for base_model.model.model.layers.11.self_attn.v_proj.lora_B.default.weight: copying from a non-meta parameter in the checkpoint to a meta parameter in the current model, which is a no-op. (Did you mean to pass `assign=True` to assign items in the state dictionary to their corresponding key in the module instead of copying them in place?)
(WorkerDict pid=3637328)   module._load_from_state_dict(
(WorkerDict pid=3637328) /home/cxr/miniconda3/envs/vllm/lib/python3.11/site-packages/torch/nn/modules/module.py:2589: UserWarning: for base_model.model.model.layers.11.self_attn.o_proj.lora_A.default.weight: copying from a non-meta parameter in the checkpoint to a meta parameter in the current model, which is a no-op. (Did you mean to pass `assign=True` to assign items in the state dictionary to their corresponding key in the module instead of copying them in place?)
(WorkerDict pid=3637328)   module._load_from_state_dict(
(WorkerDict pid=3637328) /home/cxr/miniconda3/envs/vllm/lib/python3.11/site-packages/torch/nn/modules/module.py:2589: UserWarning: for base_model.model.model.layers.11.self_attn.o_proj.lora_B.default.weight: copying from a non-meta parameter in the checkpoint to a meta parameter in the current model, which is a no-op. (Did you mean to pass `assign=True` to assign items in the state dictionary to their corresponding key in the module instead of copying them in place?)
(WorkerDict pid=3637328)   module._load_from_state_dict(
(WorkerDict pid=3637328) /home/cxr/miniconda3/envs/vllm/lib/python3.11/site-packages/torch/nn/modules/module.py:2589: UserWarning: for base_model.model.model.layers.11.mlp.gate_proj.lora_A.default.weight: copying from a non-meta parameter in the checkpoint to a meta parameter in the current model, which is a no-op. (Did you mean to pass `assign=True` to assign items in the state dictionary to their corresponding key in the module instead of copying them in place?)
(WorkerDict pid=3637328)   module._load_from_state_dict(
(WorkerDict pid=3637328) /home/cxr/miniconda3/envs/vllm/lib/python3.11/site-packages/torch/nn/modules/module.py:2589: UserWarning: for base_model.model.model.layers.11.mlp.gate_proj.lora_B.default.weight: copying from a non-meta parameter in the checkpoint to a meta parameter in the current model, which is a no-op. (Did you mean to pass `assign=True` to assign items in the state dictionary to their corresponding key in the module instead of copying them in place?)
(WorkerDict pid=3637328)   module._load_from_state_dict(
(WorkerDict pid=3637328) /home/cxr/miniconda3/envs/vllm/lib/python3.11/site-packages/torch/nn/modules/module.py:2589: UserWarning: for base_model.model.model.layers.11.mlp.up_proj.lora_A.default.weight: copying from a non-meta parameter in the checkpoint to a meta parameter in the current model, which is a no-op. (Did you mean to pass `assign=True` to assign items in the state dictionary to their corresponding key in the module instead of copying them in place?)
(WorkerDict pid=3637328)   module._load_from_state_dict(
(WorkerDict pid=3637328) /home/cxr/miniconda3/envs/vllm/lib/python3.11/site-packages/torch/nn/modules/module.py:2589: UserWarning: for base_model.model.model.layers.11.mlp.up_proj.lora_B.default.weight: copying from a non-meta parameter in the checkpoint to a meta parameter in the current model, which is a no-op. (Did you mean to pass `assign=True` to assign items in the state dictionary to their corresponding key in the module instead of copying them in place?)
(WorkerDict pid=3637328)   module._load_from_state_dict(
(WorkerDict pid=3637328) /home/cxr/miniconda3/envs/vllm/lib/python3.11/site-packages/torch/nn/modules/module.py:2589: UserWarning: for base_model.model.model.layers.11.mlp.down_proj.lora_A.default.weight: copying from a non-meta parameter in the checkpoint to a meta parameter in the current model, which is a no-op. (Did you mean to pass `assign=True` to assign items in the state dictionary to their corresponding key in the module instead of copying them in place?)
(WorkerDict pid=3637328)   module._load_from_state_dict(
(WorkerDict pid=3637328) /home/cxr/miniconda3/envs/vllm/lib/python3.11/site-packages/torch/nn/modules/module.py:2589: UserWarning: for base_model.model.model.layers.11.mlp.down_proj.lora_B.default.weight: copying from a non-meta parameter in the checkpoint to a meta parameter in the current model, which is a no-op. (Did you mean to pass `assign=True` to assign items in the state dictionary to their corresponding key in the module instead of copying them in place?)
(WorkerDict pid=3637328)   module._load_from_state_dict(
(WorkerDict pid=3637328) /home/cxr/miniconda3/envs/vllm/lib/python3.11/site-packages/torch/nn/modules/module.py:2589: UserWarning: for base_model.model.model.layers.12.self_attn.q_proj.lora_A.default.weight: copying from a non-meta parameter in the checkpoint to a meta parameter in the current model, which is a no-op. (Did you mean to pass `assign=True` to assign items in the state dictionary to their corresponding key in the module instead of copying them in place?)
(WorkerDict pid=3637328)   module._load_from_state_dict(
(WorkerDict pid=3637328) /home/cxr/miniconda3/envs/vllm/lib/python3.11/site-packages/torch/nn/modules/module.py:2589: UserWarning: for base_model.model.model.layers.12.self_attn.q_proj.lora_B.default.weight: copying from a non-meta parameter in the checkpoint to a meta parameter in the current model, which is a no-op. (Did you mean to pass `assign=True` to assign items in the state dictionary to their corresponding key in the module instead of copying them in place?)
(WorkerDict pid=3637328)   module._load_from_state_dict(
(WorkerDict pid=3637328) /home/cxr/miniconda3/envs/vllm/lib/python3.11/site-packages/torch/nn/modules/module.py:2589: UserWarning: for base_model.model.model.layers.12.self_attn.k_proj.lora_A.default.weight: copying from a non-meta parameter in the checkpoint to a meta parameter in the current model, which is a no-op. (Did you mean to pass `assign=True` to assign items in the state dictionary to their corresponding key in the module instead of copying them in place?)
(WorkerDict pid=3637328)   module._load_from_state_dict(
(WorkerDict pid=3637328) /home/cxr/miniconda3/envs/vllm/lib/python3.11/site-packages/torch/nn/modules/module.py:2589: UserWarning: for base_model.model.model.layers.12.self_attn.k_proj.lora_B.default.weight: copying from a non-meta parameter in the checkpoint to a meta parameter in the current model, which is a no-op. (Did you mean to pass `assign=True` to assign items in the state dictionary to their corresponding key in the module instead of copying them in place?)
(WorkerDict pid=3637328)   module._load_from_state_dict(
(WorkerDict pid=3637328) /home/cxr/miniconda3/envs/vllm/lib/python3.11/site-packages/torch/nn/modules/module.py:2589: UserWarning: for base_model.model.model.layers.12.self_attn.v_proj.lora_A.default.weight: copying from a non-meta parameter in the checkpoint to a meta parameter in the current model, which is a no-op. (Did you mean to pass `assign=True` to assign items in the state dictionary to their corresponding key in the module instead of copying them in place?)
(WorkerDict pid=3637328)   module._load_from_state_dict(
(WorkerDict pid=3637328) /home/cxr/miniconda3/envs/vllm/lib/python3.11/site-packages/torch/nn/modules/module.py:2589: UserWarning: for base_model.model.model.layers.12.self_attn.v_proj.lora_B.default.weight: copying from a non-meta parameter in the checkpoint to a meta parameter in the current model, which is a no-op. (Did you mean to pass `assign=True` to assign items in the state dictionary to their corresponding key in the module instead of copying them in place?)
(WorkerDict pid=3637328)   module._load_from_state_dict(
(WorkerDict pid=3637328) /home/cxr/miniconda3/envs/vllm/lib/python3.11/site-packages/torch/nn/modules/module.py:2589: UserWarning: for base_model.model.model.layers.12.self_attn.o_proj.lora_A.default.weight: copying from a non-meta parameter in the checkpoint to a meta parameter in the current model, which is a no-op. (Did you mean to pass `assign=True` to assign items in the state dictionary to their corresponding key in the module instead of copying them in place?)
(WorkerDict pid=3637328)   module._load_from_state_dict(
(WorkerDict pid=3637328) /home/cxr/miniconda3/envs/vllm/lib/python3.11/site-packages/torch/nn/modules/module.py:2589: UserWarning: for base_model.model.model.layers.12.self_attn.o_proj.lora_B.default.weight: copying from a non-meta parameter in the checkpoint to a meta parameter in the current model, which is a no-op. (Did you mean to pass `assign=True` to assign items in the state dictionary to their corresponding key in the module instead of copying them in place?)
(WorkerDict pid=3637328)   module._load_from_state_dict(
(WorkerDict pid=3637328) /home/cxr/miniconda3/envs/vllm/lib/python3.11/site-packages/torch/nn/modules/module.py:2589: UserWarning: for base_model.model.model.layers.12.mlp.gate_proj.lora_A.default.weight: copying from a non-meta parameter in the checkpoint to a meta parameter in the current model, which is a no-op. (Did you mean to pass `assign=True` to assign items in the state dictionary to their corresponding key in the module instead of copying them in place?)
(WorkerDict pid=3637328)   module._load_from_state_dict(
(WorkerDict pid=3637328) /home/cxr/miniconda3/envs/vllm/lib/python3.11/site-packages/torch/nn/modules/module.py:2589: UserWarning: for base_model.model.model.layers.12.mlp.gate_proj.lora_B.default.weight: copying from a non-meta parameter in the checkpoint to a meta parameter in the current model, which is a no-op. (Did you mean to pass `assign=True` to assign items in the state dictionary to their corresponding key in the module instead of copying them in place?)
(WorkerDict pid=3637328)   module._load_from_state_dict(
(WorkerDict pid=3637328) /home/cxr/miniconda3/envs/vllm/lib/python3.11/site-packages/torch/nn/modules/module.py:2589: UserWarning: for base_model.model.model.layers.12.mlp.up_proj.lora_A.default.weight: copying from a non-meta parameter in the checkpoint to a meta parameter in the current model, which is a no-op. (Did you mean to pass `assign=True` to assign items in the state dictionary to their corresponding key in the module instead of copying them in place?)
(WorkerDict pid=3637328)   module._load_from_state_dict(
(WorkerDict pid=3637328) /home/cxr/miniconda3/envs/vllm/lib/python3.11/site-packages/torch/nn/modules/module.py:2589: UserWarning: for base_model.model.model.layers.12.mlp.up_proj.lora_B.default.weight: copying from a non-meta parameter in the checkpoint to a meta parameter in the current model, which is a no-op. (Did you mean to pass `assign=True` to assign items in the state dictionary to their corresponding key in the module instead of copying them in place?)
(WorkerDict pid=3637328)   module._load_from_state_dict(
(WorkerDict pid=3637328) /home/cxr/miniconda3/envs/vllm/lib/python3.11/site-packages/torch/nn/modules/module.py:2589: UserWarning: for base_model.model.model.layers.12.mlp.down_proj.lora_A.default.weight: copying from a non-meta parameter in the checkpoint to a meta parameter in the current model, which is a no-op. (Did you mean to pass `assign=True` to assign items in the state dictionary to their corresponding key in the module instead of copying them in place?)
(WorkerDict pid=3637328)   module._load_from_state_dict(
(WorkerDict pid=3637328) /home/cxr/miniconda3/envs/vllm/lib/python3.11/site-packages/torch/nn/modules/module.py:2589: UserWarning: for base_model.model.model.layers.12.mlp.down_proj.lora_B.default.weight: copying from a non-meta parameter in the checkpoint to a meta parameter in the current model, which is a no-op. (Did you mean to pass `assign=True` to assign items in the state dictionary to their corresponding key in the module instead of copying them in place?)
(WorkerDict pid=3637328)   module._load_from_state_dict(
(WorkerDict pid=3637328) /home/cxr/miniconda3/envs/vllm/lib/python3.11/site-packages/torch/nn/modules/module.py:2589: UserWarning: for base_model.model.model.layers.13.self_attn.q_proj.lora_A.default.weight: copying from a non-meta parameter in the checkpoint to a meta parameter in the current model, which is a no-op. (Did you mean to pass `assign=True` to assign items in the state dictionary to their corresponding key in the module instead of copying them in place?)
(WorkerDict pid=3637328)   module._load_from_state_dict(
(WorkerDict pid=3637328) /home/cxr/miniconda3/envs/vllm/lib/python3.11/site-packages/torch/nn/modules/module.py:2589: UserWarning: for base_model.model.model.layers.13.self_attn.q_proj.lora_B.default.weight: copying from a non-meta parameter in the checkpoint to a meta parameter in the current model, which is a no-op. (Did you mean to pass `assign=True` to assign items in the state dictionary to their corresponding key in the module instead of copying them in place?)
(WorkerDict pid=3637328)   module._load_from_state_dict(
(WorkerDict pid=3637328) /home/cxr/miniconda3/envs/vllm/lib/python3.11/site-packages/torch/nn/modules/module.py:2589: UserWarning: for base_model.model.model.layers.13.self_attn.k_proj.lora_A.default.weight: copying from a non-meta parameter in the checkpoint to a meta parameter in the current model, which is a no-op. (Did you mean to pass `assign=True` to assign items in the state dictionary to their corresponding key in the module instead of copying them in place?)
(WorkerDict pid=3637328)   module._load_from_state_dict(
(WorkerDict pid=3637328) /home/cxr/miniconda3/envs/vllm/lib/python3.11/site-packages/torch/nn/modules/module.py:2589: UserWarning: for base_model.model.model.layers.13.self_attn.k_proj.lora_B.default.weight: copying from a non-meta parameter in the checkpoint to a meta parameter in the current model, which is a no-op. (Did you mean to pass `assign=True` to assign items in the state dictionary to their corresponding key in the module instead of copying them in place?)
(WorkerDict pid=3637328)   module._load_from_state_dict(
(WorkerDict pid=3637328) /home/cxr/miniconda3/envs/vllm/lib/python3.11/site-packages/torch/nn/modules/module.py:2589: UserWarning: for base_model.model.model.layers.13.self_attn.v_proj.lora_A.default.weight: copying from a non-meta parameter in the checkpoint to a meta parameter in the current model, which is a no-op. (Did you mean to pass `assign=True` to assign items in the state dictionary to their corresponding key in the module instead of copying them in place?)
(WorkerDict pid=3637328)   module._load_from_state_dict(
(WorkerDict pid=3637328) /home/cxr/miniconda3/envs/vllm/lib/python3.11/site-packages/torch/nn/modules/module.py:2589: UserWarning: for base_model.model.model.layers.13.self_attn.v_proj.lora_B.default.weight: copying from a non-meta parameter in the checkpoint to a meta parameter in the current model, which is a no-op. (Did you mean to pass `assign=True` to assign items in the state dictionary to their corresponding key in the module instead of copying them in place?)
(WorkerDict pid=3637328)   module._load_from_state_dict(
(WorkerDict pid=3637328) /home/cxr/miniconda3/envs/vllm/lib/python3.11/site-packages/torch/nn/modules/module.py:2589: UserWarning: for base_model.model.model.layers.13.self_attn.o_proj.lora_A.default.weight: copying from a non-meta parameter in the checkpoint to a meta parameter in the current model, which is a no-op. (Did you mean to pass `assign=True` to assign items in the state dictionary to their corresponding key in the module instead of copying them in place?)
(WorkerDict pid=3637328)   module._load_from_state_dict(
(WorkerDict pid=3637328) /home/cxr/miniconda3/envs/vllm/lib/python3.11/site-packages/torch/nn/modules/module.py:2589: UserWarning: for base_model.model.model.layers.13.self_attn.o_proj.lora_B.default.weight: copying from a non-meta parameter in the checkpoint to a meta parameter in the current model, which is a no-op. (Did you mean to pass `assign=True` to assign items in the state dictionary to their corresponding key in the module instead of copying them in place?)
(WorkerDict pid=3637328)   module._load_from_state_dict(
(WorkerDict pid=3637328) /home/cxr/miniconda3/envs/vllm/lib/python3.11/site-packages/torch/nn/modules/module.py:2589: UserWarning: for base_model.model.model.layers.13.mlp.gate_proj.lora_A.default.weight: copying from a non-meta parameter in the checkpoint to a meta parameter in the current model, which is a no-op. (Did you mean to pass `assign=True` to assign items in the state dictionary to their corresponding key in the module instead of copying them in place?)
(WorkerDict pid=3637328)   module._load_from_state_dict(
(WorkerDict pid=3637328) /home/cxr/miniconda3/envs/vllm/lib/python3.11/site-packages/torch/nn/modules/module.py:2589: UserWarning: for base_model.model.model.layers.13.mlp.gate_proj.lora_B.default.weight: copying from a non-meta parameter in the checkpoint to a meta parameter in the current model, which is a no-op. (Did you mean to pass `assign=True` to assign items in the state dictionary to their corresponding key in the module instead of copying them in place?)
(WorkerDict pid=3637328)   module._load_from_state_dict(
(WorkerDict pid=3637328) /home/cxr/miniconda3/envs/vllm/lib/python3.11/site-packages/torch/nn/modules/module.py:2589: UserWarning: for base_model.model.model.layers.13.mlp.up_proj.lora_A.default.weight: copying from a non-meta parameter in the checkpoint to a meta parameter in the current model, which is a no-op. (Did you mean to pass `assign=True` to assign items in the state dictionary to their corresponding key in the module instead of copying them in place?)
(WorkerDict pid=3637328)   module._load_from_state_dict(
(WorkerDict pid=3637328) /home/cxr/miniconda3/envs/vllm/lib/python3.11/site-packages/torch/nn/modules/module.py:2589: UserWarning: for base_model.model.model.layers.13.mlp.up_proj.lora_B.default.weight: copying from a non-meta parameter in the checkpoint to a meta parameter in the current model, which is a no-op. (Did you mean to pass `assign=True` to assign items in the state dictionary to their corresponding key in the module instead of copying them in place?)
(WorkerDict pid=3637328)   module._load_from_state_dict(
(WorkerDict pid=3637328) /home/cxr/miniconda3/envs/vllm/lib/python3.11/site-packages/torch/nn/modules/module.py:2589: UserWarning: for base_model.model.model.layers.13.mlp.down_proj.lora_A.default.weight: copying from a non-meta parameter in the checkpoint to a meta parameter in the current model, which is a no-op. (Did you mean to pass `assign=True` to assign items in the state dictionary to their corresponding key in the module instead of copying them in place?)
(WorkerDict pid=3637328)   module._load_from_state_dict(
(WorkerDict pid=3637328) /home/cxr/miniconda3/envs/vllm/lib/python3.11/site-packages/torch/nn/modules/module.py:2589: UserWarning: for base_model.model.model.layers.13.mlp.down_proj.lora_B.default.weight: copying from a non-meta parameter in the checkpoint to a meta parameter in the current model, which is a no-op. (Did you mean to pass `assign=True` to assign items in the state dictionary to their corresponding key in the module instead of copying them in place?)
(WorkerDict pid=3637328)   module._load_from_state_dict(
(WorkerDict pid=3637328) /home/cxr/miniconda3/envs/vllm/lib/python3.11/site-packages/torch/nn/modules/module.py:2589: UserWarning: for base_model.model.model.layers.14.self_attn.q_proj.lora_A.default.weight: copying from a non-meta parameter in the checkpoint to a meta parameter in the current model, which is a no-op. (Did you mean to pass `assign=True` to assign items in the state dictionary to their corresponding key in the module instead of copying them in place?)
(WorkerDict pid=3637328)   module._load_from_state_dict(
(WorkerDict pid=3637328) /home/cxr/miniconda3/envs/vllm/lib/python3.11/site-packages/torch/nn/modules/module.py:2589: UserWarning: for base_model.model.model.layers.14.self_attn.q_proj.lora_B.default.weight: copying from a non-meta parameter in the checkpoint to a meta parameter in the current model, which is a no-op. (Did you mean to pass `assign=True` to assign items in the state dictionary to their corresponding key in the module instead of copying them in place?)
(WorkerDict pid=3637328)   module._load_from_state_dict(
(WorkerDict pid=3637328) /home/cxr/miniconda3/envs/vllm/lib/python3.11/site-packages/torch/nn/modules/module.py:2589: UserWarning: for base_model.model.model.layers.14.self_attn.k_proj.lora_A.default.weight: copying from a non-meta parameter in the checkpoint to a meta parameter in the current model, which is a no-op. (Did you mean to pass `assign=True` to assign items in the state dictionary to their corresponding key in the module instead of copying them in place?)
(WorkerDict pid=3637328)   module._load_from_state_dict(
(WorkerDict pid=3637328) /home/cxr/miniconda3/envs/vllm/lib/python3.11/site-packages/torch/nn/modules/module.py:2589: UserWarning: for base_model.model.model.layers.14.self_attn.k_proj.lora_B.default.weight: copying from a non-meta parameter in the checkpoint to a meta parameter in the current model, which is a no-op. (Did you mean to pass `assign=True` to assign items in the state dictionary to their corresponding key in the module instead of copying them in place?)
(WorkerDict pid=3637328)   module._load_from_state_dict(
(WorkerDict pid=3637328) Loading weights:  90%|████████▉ | 520/579 [00:11<00:01, 47.14it/s] [repeated 23x across cluster]
(WorkerDict pid=3637328) /home/cxr/miniconda3/envs/vllm/lib/python3.11/site-packages/torch/nn/modules/module.py:2589: UserWarning: for base_model.model.model.layers.14.self_attn.v_proj.lora_A.default.weight: copying from a non-meta parameter in the checkpoint to a meta parameter in the current model, which is a no-op. (Did you mean to pass `assign=True` to assign items in the state dictionary to their corresponding key in the module instead of copying them in place?)
(WorkerDict pid=3637328)   module._load_from_state_dict(
(WorkerDict pid=3637328) /home/cxr/miniconda3/envs/vllm/lib/python3.11/site-packages/torch/nn/modules/module.py:2589: UserWarning: for base_model.model.model.layers.14.self_attn.v_proj.lora_B.default.weight: copying from a non-meta parameter in the checkpoint to a meta parameter in the current model, which is a no-op. (Did you mean to pass `assign=True` to assign items in the state dictionary to their corresponding key in the module instead of copying them in place?)
(WorkerDict pid=3637328)   module._load_from_state_dict(
(WorkerDict pid=3637328) /home/cxr/miniconda3/envs/vllm/lib/python3.11/site-packages/torch/nn/modules/module.py:2589: UserWarning: for base_model.model.model.layers.14.self_attn.o_proj.lora_A.default.weight: copying from a non-meta parameter in the checkpoint to a meta parameter in the current model, which is a no-op. (Did you mean to pass `assign=True` to assign items in the state dictionary to their corresponding key in the module instead of copying them in place?)
(WorkerDict pid=3637328)   module._load_from_state_dict(
(WorkerDict pid=3637328) /home/cxr/miniconda3/envs/vllm/lib/python3.11/site-packages/torch/nn/modules/module.py:2589: UserWarning: for base_model.model.model.layers.14.self_attn.o_proj.lora_B.default.weight: copying from a non-meta parameter in the checkpoint to a meta parameter in the current model, which is a no-op. (Did you mean to pass `assign=True` to assign items in the state dictionary to their corresponding key in the module instead of copying them in place?)
(WorkerDict pid=3637328)   module._load_from_state_dict(
(WorkerDict pid=3637328) /home/cxr/miniconda3/envs/vllm/lib/python3.11/site-packages/torch/nn/modules/module.py:2589: UserWarning: for base_model.model.model.layers.14.mlp.gate_proj.lora_A.default.weight: copying from a non-meta parameter in the checkpoint to a meta parameter in the current model, which is a no-op. (Did you mean to pass `assign=True` to assign items in the state dictionary to their corresponding key in the module instead of copying them in place?)
(WorkerDict pid=3637328)   module._load_from_state_dict(
(WorkerDict pid=3637328) /home/cxr/miniconda3/envs/vllm/lib/python3.11/site-packages/torch/nn/modules/module.py:2589: UserWarning: for base_model.model.model.layers.14.mlp.gate_proj.lora_B.default.weight: copying from a non-meta parameter in the checkpoint to a meta parameter in the current model, which is a no-op. (Did you mean to pass `assign=True` to assign items in the state dictionary to their corresponding key in the module instead of copying them in place?)
(WorkerDict pid=3637328)   module._load_from_state_dict(
(WorkerDict pid=3637328) /home/cxr/miniconda3/envs/vllm/lib/python3.11/site-packages/torch/nn/modules/module.py:2589: UserWarning: for base_model.model.model.layers.14.mlp.up_proj.lora_A.default.weight: copying from a non-meta parameter in the checkpoint to a meta parameter in the current model, which is a no-op. (Did you mean to pass `assign=True` to assign items in the state dictionary to their corresponding key in the module instead of copying them in place?)
(WorkerDict pid=3637328)   module._load_from_state_dict(
(WorkerDict pid=3637328) /home/cxr/miniconda3/envs/vllm/lib/python3.11/site-packages/torch/nn/modules/module.py:2589: UserWarning: for base_model.model.model.layers.14.mlp.up_proj.lora_B.default.weight: copying from a non-meta parameter in the checkpoint to a meta parameter in the current model, which is a no-op. (Did you mean to pass `assign=True` to assign items in the state dictionary to their corresponding key in the module instead of copying them in place?)
(WorkerDict pid=3637328)   module._load_from_state_dict(
(WorkerDict pid=3637328) /home/cxr/miniconda3/envs/vllm/lib/python3.11/site-packages/torch/nn/modules/module.py:2589: UserWarning: for base_model.model.model.layers.14.mlp.down_proj.lora_A.default.weight: copying from a non-meta parameter in the checkpoint to a meta parameter in the current model, which is a no-op. (Did you mean to pass `assign=True` to assign items in the state dictionary to their corresponding key in the module instead of copying them in place?)
(WorkerDict pid=3637328)   module._load_from_state_dict(
(WorkerDict pid=3637328) /home/cxr/miniconda3/envs/vllm/lib/python3.11/site-packages/torch/nn/modules/module.py:2589: UserWarning: for base_model.model.model.layers.14.mlp.down_proj.lora_B.default.weight: copying from a non-meta parameter in the checkpoint to a meta parameter in the current model, which is a no-op. (Did you mean to pass `assign=True` to assign items in the state dictionary to their corresponding key in the module instead of copying them in place?)
(WorkerDict pid=3637328)   module._load_from_state_dict(
(WorkerDict pid=3637328) /home/cxr/miniconda3/envs/vllm/lib/python3.11/site-packages/torch/nn/modules/module.py:2589: UserWarning: for base_model.model.model.layers.15.self_attn.q_proj.lora_A.default.weight: copying from a non-meta parameter in the checkpoint to a meta parameter in the current model, which is a no-op. (Did you mean to pass `assign=True` to assign items in the state dictionary to their corresponding key in the module instead of copying them in place?)
(WorkerDict pid=3637328)   module._load_from_state_dict(
(WorkerDict pid=3637328) /home/cxr/miniconda3/envs/vllm/lib/python3.11/site-packages/torch/nn/modules/module.py:2589: UserWarning: for base_model.model.model.layers.15.self_attn.q_proj.lora_B.default.weight: copying from a non-meta parameter in the checkpoint to a meta parameter in the current model, which is a no-op. (Did you mean to pass `assign=True` to assign items in the state dictionary to their corresponding key in the module instead of copying them in place?)
(WorkerDict pid=3637328)   module._load_from_state_dict(
(WorkerDict pid=3637328) /home/cxr/miniconda3/envs/vllm/lib/python3.11/site-packages/torch/nn/modules/module.py:2589: UserWarning: for base_model.model.model.layers.15.self_attn.k_proj.lora_A.default.weight: copying from a non-meta parameter in the checkpoint to a meta parameter in the current model, which is a no-op. (Did you mean to pass `assign=True` to assign items in the state dictionary to their corresponding key in the module instead of copying them in place?)
(WorkerDict pid=3637328)   module._load_from_state_dict(
(WorkerDict pid=3637328) /home/cxr/miniconda3/envs/vllm/lib/python3.11/site-packages/torch/nn/modules/module.py:2589: UserWarning: for base_model.model.model.layers.15.self_attn.k_proj.lora_B.default.weight: copying from a non-meta parameter in the checkpoint to a meta parameter in the current model, which is a no-op. (Did you mean to pass `assign=True` to assign items in the state dictionary to their corresponding key in the module instead of copying them in place?)
(WorkerDict pid=3637328)   module._load_from_state_dict(
(WorkerDict pid=3637328) /home/cxr/miniconda3/envs/vllm/lib/python3.11/site-packages/torch/nn/modules/module.py:2589: UserWarning: for base_model.model.model.layers.15.self_attn.v_proj.lora_A.default.weight: copying from a non-meta parameter in the checkpoint to a meta parameter in the current model, which is a no-op. (Did you mean to pass `assign=True` to assign items in the state dictionary to their corresponding key in the module instead of copying them in place?)
(WorkerDict pid=3637328)   module._load_from_state_dict(
(WorkerDict pid=3637328) /home/cxr/miniconda3/envs/vllm/lib/python3.11/site-packages/torch/nn/modules/module.py:2589: UserWarning: for base_model.model.model.layers.15.self_attn.v_proj.lora_B.default.weight: copying from a non-meta parameter in the checkpoint to a meta parameter in the current model, which is a no-op. (Did you mean to pass `assign=True` to assign items in the state dictionary to their corresponding key in the module instead of copying them in place?)
(WorkerDict pid=3637328)   module._load_from_state_dict(
(WorkerDict pid=3637328) /home/cxr/miniconda3/envs/vllm/lib/python3.11/site-packages/torch/nn/modules/module.py:2589: UserWarning: for base_model.model.model.layers.15.self_attn.o_proj.lora_A.default.weight: copying from a non-meta parameter in the checkpoint to a meta parameter in the current model, which is a no-op. (Did you mean to pass `assign=True` to assign items in the state dictionary to their corresponding key in the module instead of copying them in place?)
(WorkerDict pid=3637328)   module._load_from_state_dict(
(WorkerDict pid=3637328) /home/cxr/miniconda3/envs/vllm/lib/python3.11/site-packages/torch/nn/modules/module.py:2589: UserWarning: for base_model.model.model.layers.15.self_attn.o_proj.lora_B.default.weight: copying from a non-meta parameter in the checkpoint to a meta parameter in the current model, which is a no-op. (Did you mean to pass `assign=True` to assign items in the state dictionary to their corresponding key in the module instead of copying them in place?)
(WorkerDict pid=3637328)   module._load_from_state_dict(
(WorkerDict pid=3637328) /home/cxr/miniconda3/envs/vllm/lib/python3.11/site-packages/torch/nn/modules/module.py:2589: UserWarning: for base_model.model.model.layers.15.mlp.gate_proj.lora_A.default.weight: copying from a non-meta parameter in the checkpoint to a meta parameter in the current model, which is a no-op. (Did you mean to pass `assign=True` to assign items in the state dictionary to their corresponding key in the module instead of copying them in place?)
(WorkerDict pid=3637328)   module._load_from_state_dict(
(WorkerDict pid=3637328) /home/cxr/miniconda3/envs/vllm/lib/python3.11/site-packages/torch/nn/modules/module.py:2589: UserWarning: for base_model.model.model.layers.15.mlp.gate_proj.lora_B.default.weight: copying from a non-meta parameter in the checkpoint to a meta parameter in the current model, which is a no-op. (Did you mean to pass `assign=True` to assign items in the state dictionary to their corresponding key in the module instead of copying them in place?)
(WorkerDict pid=3637328)   module._load_from_state_dict(
(WorkerDict pid=3637328) /home/cxr/miniconda3/envs/vllm/lib/python3.11/site-packages/torch/nn/modules/module.py:2589: UserWarning: for base_model.model.model.layers.15.mlp.up_proj.lora_A.default.weight: copying from a non-meta parameter in the checkpoint to a meta parameter in the current model, which is a no-op. (Did you mean to pass `assign=True` to assign items in the state dictionary to their corresponding key in the module instead of copying them in place?)
(WorkerDict pid=3637328)   module._load_from_state_dict(
(WorkerDict pid=3637328) /home/cxr/miniconda3/envs/vllm/lib/python3.11/site-packages/torch/nn/modules/module.py:2589: UserWarning: for base_model.model.model.layers.15.mlp.up_proj.lora_B.default.weight: copying from a non-meta parameter in the checkpoint to a meta parameter in the current model, which is a no-op. (Did you mean to pass `assign=True` to assign items in the state dictionary to their corresponding key in the module instead of copying them in place?)
(WorkerDict pid=3637328)   module._load_from_state_dict(
(WorkerDict pid=3637328) /home/cxr/miniconda3/envs/vllm/lib/python3.11/site-packages/torch/nn/modules/module.py:2589: UserWarning: for base_model.model.model.layers.15.mlp.down_proj.lora_A.default.weight: copying from a non-meta parameter in the checkpoint to a meta parameter in the current model, which is a no-op. (Did you mean to pass `assign=True` to assign items in the state dictionary to their corresponding key in the module instead of copying them in place?)
(WorkerDict pid=3637328)   module._load_from_state_dict(
(WorkerDict pid=3637328) /home/cxr/miniconda3/envs/vllm/lib/python3.11/site-packages/torch/nn/modules/module.py:2589: UserWarning: for base_model.model.model.layers.15.mlp.down_proj.lora_B.default.weight: copying from a non-meta parameter in the checkpoint to a meta parameter in the current model, which is a no-op. (Did you mean to pass `assign=True` to assign items in the state dictionary to their corresponding key in the module instead of copying them in place?)
(WorkerDict pid=3637328)   module._load_from_state_dict(
(WorkerDict pid=3637328) /home/cxr/miniconda3/envs/vllm/lib/python3.11/site-packages/torch/nn/modules/module.py:2589: UserWarning: for base_model.model.model.layers.16.self_attn.q_proj.lora_A.default.weight: copying from a non-meta parameter in the checkpoint to a meta parameter in the current model, which is a no-op. (Did you mean to pass `assign=True` to assign items in the state dictionary to their corresponding key in the module instead of copying them in place?)
(WorkerDict pid=3637328)   module._load_from_state_dict(
(WorkerDict pid=3637328) /home/cxr/miniconda3/envs/vllm/lib/python3.11/site-packages/torch/nn/modules/module.py:2589: UserWarning: for base_model.model.model.layers.16.self_attn.q_proj.lora_B.default.weight: copying from a non-meta parameter in the checkpoint to a meta parameter in the current model, which is a no-op. (Did you mean to pass `assign=True` to assign items in the state dictionary to their corresponding key in the module instead of copying them in place?)
(WorkerDict pid=3637328)   module._load_from_state_dict(
(WorkerDict pid=3637328) /home/cxr/miniconda3/envs/vllm/lib/python3.11/site-packages/torch/nn/modules/module.py:2589: UserWarning: for base_model.model.model.layers.16.self_attn.k_proj.lora_A.default.weight: copying from a non-meta parameter in the checkpoint to a meta parameter in the current model, which is a no-op. (Did you mean to pass `assign=True` to assign items in the state dictionary to their corresponding key in the module instead of copying them in place?)
(WorkerDict pid=3637328)   module._load_from_state_dict(
(WorkerDict pid=3637328) /home/cxr/miniconda3/envs/vllm/lib/python3.11/site-packages/torch/nn/modules/module.py:2589: UserWarning: for base_model.model.model.layers.16.self_attn.k_proj.lora_B.default.weight: copying from a non-meta parameter in the checkpoint to a meta parameter in the current model, which is a no-op. (Did you mean to pass `assign=True` to assign items in the state dictionary to their corresponding key in the module instead of copying them in place?)
(WorkerDict pid=3637328)   module._load_from_state_dict(
(WorkerDict pid=3637328) /home/cxr/miniconda3/envs/vllm/lib/python3.11/site-packages/torch/nn/modules/module.py:2589: UserWarning: for base_model.model.model.layers.16.self_attn.v_proj.lora_A.default.weight: copying from a non-meta parameter in the checkpoint to a meta parameter in the current model, which is a no-op. (Did you mean to pass `assign=True` to assign items in the state dictionary to their corresponding key in the module instead of copying them in place?)
(WorkerDict pid=3637328)   module._load_from_state_dict(
(WorkerDict pid=3637328) /home/cxr/miniconda3/envs/vllm/lib/python3.11/site-packages/torch/nn/modules/module.py:2589: UserWarning: for base_model.model.model.layers.16.self_attn.v_proj.lora_B.default.weight: copying from a non-meta parameter in the checkpoint to a meta parameter in the current model, which is a no-op. (Did you mean to pass `assign=True` to assign items in the state dictionary to their corresponding key in the module instead of copying them in place?)
(WorkerDict pid=3637328)   module._load_from_state_dict(
(WorkerDict pid=3637328) /home/cxr/miniconda3/envs/vllm/lib/python3.11/site-packages/torch/nn/modules/module.py:2589: UserWarning: for base_model.model.model.layers.16.self_attn.o_proj.lora_A.default.weight: copying from a non-meta parameter in the checkpoint to a meta parameter in the current model, which is a no-op. (Did you mean to pass `assign=True` to assign items in the state dictionary to their corresponding key in the module instead of copying them in place?)
(WorkerDict pid=3637328)   module._load_from_state_dict(
(WorkerDict pid=3637328) /home/cxr/miniconda3/envs/vllm/lib/python3.11/site-packages/torch/nn/modules/module.py:2589: UserWarning: for base_model.model.model.layers.16.self_attn.o_proj.lora_B.default.weight: copying from a non-meta parameter in the checkpoint to a meta parameter in the current model, which is a no-op. (Did you mean to pass `assign=True` to assign items in the state dictionary to their corresponding key in the module instead of copying them in place?)
(WorkerDict pid=3637328)   module._load_from_state_dict(
(WorkerDict pid=3637328) /home/cxr/miniconda3/envs/vllm/lib/python3.11/site-packages/torch/nn/modules/module.py:2589: UserWarning: for base_model.model.model.layers.16.mlp.gate_proj.lora_A.default.weight: copying from a non-meta parameter in the checkpoint to a meta parameter in the current model, which is a no-op. (Did you mean to pass `assign=True` to assign items in the state dictionary to their corresponding key in the module instead of copying them in place?)
(WorkerDict pid=3637328)   module._load_from_state_dict(
(WorkerDict pid=3637328) /home/cxr/miniconda3/envs/vllm/lib/python3.11/site-packages/torch/nn/modules/module.py:2589: UserWarning: for base_model.model.model.layers.16.mlp.gate_proj.lora_B.default.weight: copying from a non-meta parameter in the checkpoint to a meta parameter in the current model, which is a no-op. (Did you mean to pass `assign=True` to assign items in the state dictionary to their corresponding key in the module instead of copying them in place?)
(WorkerDict pid=3637328)   module._load_from_state_dict(
(WorkerDict pid=3637328) /home/cxr/miniconda3/envs/vllm/lib/python3.11/site-packages/torch/nn/modules/module.py:2589: UserWarning: for base_model.model.model.layers.16.mlp.up_proj.lora_A.default.weight: copying from a non-meta parameter in the checkpoint to a meta parameter in the current model, which is a no-op. (Did you mean to pass `assign=True` to assign items in the state dictionary to their corresponding key in the module instead of copying them in place?)
(WorkerDict pid=3637328)   module._load_from_state_dict(
(WorkerDict pid=3637328) /home/cxr/miniconda3/envs/vllm/lib/python3.11/site-packages/torch/nn/modules/module.py:2589: UserWarning: for base_model.model.model.layers.16.mlp.up_proj.lora_B.default.weight: copying from a non-meta parameter in the checkpoint to a meta parameter in the current model, which is a no-op. (Did you mean to pass `assign=True` to assign items in the state dictionary to their corresponding key in the module instead of copying them in place?)
(WorkerDict pid=3637328)   module._load_from_state_dict(
(WorkerDict pid=3637328) /home/cxr/miniconda3/envs/vllm/lib/python3.11/site-packages/torch/nn/modules/module.py:2589: UserWarning: for base_model.model.model.layers.16.mlp.down_proj.lora_A.default.weight: copying from a non-meta parameter in the checkpoint to a meta parameter in the current model, which is a no-op. (Did you mean to pass `assign=True` to assign items in the state dictionary to their corresponding key in the module instead of copying them in place?)
(WorkerDict pid=3637328)   module._load_from_state_dict(
(WorkerDict pid=3637328) /home/cxr/miniconda3/envs/vllm/lib/python3.11/site-packages/torch/nn/modules/module.py:2589: UserWarning: for base_model.model.model.layers.16.mlp.down_proj.lora_B.default.weight: copying from a non-meta parameter in the checkpoint to a meta parameter in the current model, which is a no-op. (Did you mean to pass `assign=True` to assign items in the state dictionary to their corresponding key in the module instead of copying them in place?)
(WorkerDict pid=3637328)   module._load_from_state_dict(
(WorkerDict pid=3637328) /home/cxr/miniconda3/envs/vllm/lib/python3.11/site-packages/torch/nn/modules/module.py:2589: UserWarning: for base_model.model.model.layers.17.self_attn.q_proj.lora_A.default.weight: copying from a non-meta parameter in the checkpoint to a meta parameter in the current model, which is a no-op. (Did you mean to pass `assign=True` to assign items in the state dictionary to their corresponding key in the module instead of copying them in place?)
(WorkerDict pid=3637328)   module._load_from_state_dict(
(WorkerDict pid=3637328) /home/cxr/miniconda3/envs/vllm/lib/python3.11/site-packages/torch/nn/modules/module.py:2589: UserWarning: for base_model.model.model.layers.17.self_attn.q_proj.lora_B.default.weight: copying from a non-meta parameter in the checkpoint to a meta parameter in the current model, which is a no-op. (Did you mean to pass `assign=True` to assign items in the state dictionary to their corresponding key in the module instead of copying them in place?)
(WorkerDict pid=3637328)   module._load_from_state_dict(
(WorkerDict pid=3637328) /home/cxr/miniconda3/envs/vllm/lib/python3.11/site-packages/torch/nn/modules/module.py:2589: UserWarning: for base_model.model.model.layers.17.self_attn.k_proj.lora_A.default.weight: copying from a non-meta parameter in the checkpoint to a meta parameter in the current model, which is a no-op. (Did you mean to pass `assign=True` to assign items in the state dictionary to their corresponding key in the module instead of copying them in place?)
(WorkerDict pid=3637328)   module._load_from_state_dict(
(WorkerDict pid=3637328) /home/cxr/miniconda3/envs/vllm/lib/python3.11/site-packages/torch/nn/modules/module.py:2589: UserWarning: for base_model.model.model.layers.17.self_attn.k_proj.lora_B.default.weight: copying from a non-meta parameter in the checkpoint to a meta parameter in the current model, which is a no-op. (Did you mean to pass `assign=True` to assign items in the state dictionary to their corresponding key in the module instead of copying them in place?)
(WorkerDict pid=3637328)   module._load_from_state_dict(
(WorkerDict pid=3637328) /home/cxr/miniconda3/envs/vllm/lib/python3.11/site-packages/torch/nn/modules/module.py:2589: UserWarning: for base_model.model.model.layers.17.self_attn.v_proj.lora_A.default.weight: copying from a non-meta parameter in the checkpoint to a meta parameter in the current model, which is a no-op. (Did you mean to pass `assign=True` to assign items in the state dictionary to their corresponding key in the module instead of copying them in place?)
(WorkerDict pid=3637328)   module._load_from_state_dict(
(WorkerDict pid=3637328) /home/cxr/miniconda3/envs/vllm/lib/python3.11/site-packages/torch/nn/modules/module.py:2589: UserWarning: for base_model.model.model.layers.17.self_attn.v_proj.lora_B.default.weight: copying from a non-meta parameter in the checkpoint to a meta parameter in the current model, which is a no-op. (Did you mean to pass `assign=True` to assign items in the state dictionary to their corresponding key in the module instead of copying them in place?)
(WorkerDict pid=3637328)   module._load_from_state_dict(
(WorkerDict pid=3637328) /home/cxr/miniconda3/envs/vllm/lib/python3.11/site-packages/torch/nn/modules/module.py:2589: UserWarning: for base_model.model.model.layers.17.self_attn.o_proj.lora_A.default.weight: copying from a non-meta parameter in the checkpoint to a meta parameter in the current model, which is a no-op. (Did you mean to pass `assign=True` to assign items in the state dictionary to their corresponding key in the module instead of copying them in place?)
(WorkerDict pid=3637328)   module._load_from_state_dict(
(WorkerDict pid=3637328) /home/cxr/miniconda3/envs/vllm/lib/python3.11/site-packages/torch/nn/modules/module.py:2589: UserWarning: for base_model.model.model.layers.17.self_attn.o_proj.lora_B.default.weight: copying from a non-meta parameter in the checkpoint to a meta parameter in the current model, which is a no-op. (Did you mean to pass `assign=True` to assign items in the state dictionary to their corresponding key in the module instead of copying them in place?)
(WorkerDict pid=3637328)   module._load_from_state_dict(
(WorkerDict pid=3637328) /home/cxr/miniconda3/envs/vllm/lib/python3.11/site-packages/torch/nn/modules/module.py:2589: UserWarning: for base_model.model.model.layers.17.mlp.gate_proj.lora_A.default.weight: copying from a non-meta parameter in the checkpoint to a meta parameter in the current model, which is a no-op. (Did you mean to pass `assign=True` to assign items in the state dictionary to their corresponding key in the module instead of copying them in place?)
(WorkerDict pid=3637328)   module._load_from_state_dict(
(WorkerDict pid=3637328) /home/cxr/miniconda3/envs/vllm/lib/python3.11/site-packages/torch/nn/modules/module.py:2589: UserWarning: for base_model.model.model.layers.17.mlp.gate_proj.lora_B.default.weight: copying from a non-meta parameter in the checkpoint to a meta parameter in the current model, which is a no-op. (Did you mean to pass `assign=True` to assign items in the state dictionary to their corresponding key in the module instead of copying them in place?)
(WorkerDict pid=3637328)   module._load_from_state_dict(
(WorkerDict pid=3637328) /home/cxr/miniconda3/envs/vllm/lib/python3.11/site-packages/torch/nn/modules/module.py:2589: UserWarning: for base_model.model.model.layers.17.mlp.up_proj.lora_A.default.weight: copying from a non-meta parameter in the checkpoint to a meta parameter in the current model, which is a no-op. (Did you mean to pass `assign=True` to assign items in the state dictionary to their corresponding key in the module instead of copying them in place?)
(WorkerDict pid=3637328)   module._load_from_state_dict(
(WorkerDict pid=3637328) /home/cxr/miniconda3/envs/vllm/lib/python3.11/site-packages/torch/nn/modules/module.py:2589: UserWarning: for base_model.model.model.layers.17.mlp.up_proj.lora_B.default.weight: copying from a non-meta parameter in the checkpoint to a meta parameter in the current model, which is a no-op. (Did you mean to pass `assign=True` to assign items in the state dictionary to their corresponding key in the module instead of copying them in place?)
(WorkerDict pid=3637328)   module._load_from_state_dict(
(WorkerDict pid=3637328) /home/cxr/miniconda3/envs/vllm/lib/python3.11/site-packages/torch/nn/modules/module.py:2589: UserWarning: for base_model.model.model.layers.17.mlp.down_proj.lora_A.default.weight: copying from a non-meta parameter in the checkpoint to a meta parameter in the current model, which is a no-op. (Did you mean to pass `assign=True` to assign items in the state dictionary to their corresponding key in the module instead of copying them in place?)
(WorkerDict pid=3637328)   module._load_from_state_dict(
(WorkerDict pid=3637328) /home/cxr/miniconda3/envs/vllm/lib/python3.11/site-packages/torch/nn/modules/module.py:2589: UserWarning: for base_model.model.model.layers.17.mlp.down_proj.lora_B.default.weight: copying from a non-meta parameter in the checkpoint to a meta parameter in the current model, which is a no-op. (Did you mean to pass `assign=True` to assign items in the state dictionary to their corresponding key in the module instead of copying them in place?)
(WorkerDict pid=3637328)   module._load_from_state_dict(
(WorkerDict pid=3637328) /home/cxr/miniconda3/envs/vllm/lib/python3.11/site-packages/torch/nn/modules/module.py:2589: UserWarning: for base_model.model.model.layers.18.self_attn.q_proj.lora_A.default.weight: copying from a non-meta parameter in the checkpoint to a meta parameter in the current model, which is a no-op. (Did you mean to pass `assign=True` to assign items in the state dictionary to their corresponding key in the module instead of copying them in place?)
(WorkerDict pid=3637328)   module._load_from_state_dict(
(WorkerDict pid=3637328) /home/cxr/miniconda3/envs/vllm/lib/python3.11/site-packages/torch/nn/modules/module.py:2589: UserWarning: for base_model.model.model.layers.18.self_attn.q_proj.lora_B.default.weight: copying from a non-meta parameter in the checkpoint to a meta parameter in the current model, which is a no-op. (Did you mean to pass `assign=True` to assign items in the state dictionary to their corresponding key in the module instead of copying them in place?)
(WorkerDict pid=3637328)   module._load_from_state_dict(
(WorkerDict pid=3637328) /home/cxr/miniconda3/envs/vllm/lib/python3.11/site-packages/torch/nn/modules/module.py:2589: UserWarning: for base_model.model.model.layers.18.self_attn.k_proj.lora_A.default.weight: copying from a non-meta parameter in the checkpoint to a meta parameter in the current model, which is a no-op. (Did you mean to pass `assign=True` to assign items in the state dictionary to their corresponding key in the module instead of copying them in place?)
(WorkerDict pid=3637328)   module._load_from_state_dict(
(WorkerDict pid=3637328) /home/cxr/miniconda3/envs/vllm/lib/python3.11/site-packages/torch/nn/modules/module.py:2589: UserWarning: for base_model.model.model.layers.18.self_attn.k_proj.lora_B.default.weight: copying from a non-meta parameter in the checkpoint to a meta parameter in the current model, which is a no-op. (Did you mean to pass `assign=True` to assign items in the state dictionary to their corresponding key in the module instead of copying them in place?)
(WorkerDict pid=3637328)   module._load_from_state_dict(
(WorkerDict pid=3637328) /home/cxr/miniconda3/envs/vllm/lib/python3.11/site-packages/torch/nn/modules/module.py:2589: UserWarning: for base_model.model.model.layers.18.self_attn.v_proj.lora_A.default.weight: copying from a non-meta parameter in the checkpoint to a meta parameter in the current model, which is a no-op. (Did you mean to pass `assign=True` to assign items in the state dictionary to their corresponding key in the module instead of copying them in place?)
(WorkerDict pid=3637328)   module._load_from_state_dict(
(WorkerDict pid=3637328) /home/cxr/miniconda3/envs/vllm/lib/python3.11/site-packages/torch/nn/modules/module.py:2589: UserWarning: for base_model.model.model.layers.18.self_attn.v_proj.lora_B.default.weight: copying from a non-meta parameter in the checkpoint to a meta parameter in the current model, which is a no-op. (Did you mean to pass `assign=True` to assign items in the state dictionary to their corresponding key in the module instead of copying them in place?)
(WorkerDict pid=3637328)   module._load_from_state_dict(
(WorkerDict pid=3637328) /home/cxr/miniconda3/envs/vllm/lib/python3.11/site-packages/torch/nn/modules/module.py:2589: UserWarning: for base_model.model.model.layers.18.self_attn.o_proj.lora_A.default.weight: copying from a non-meta parameter in the checkpoint to a meta parameter in the current model, which is a no-op. (Did you mean to pass `assign=True` to assign items in the state dictionary to their corresponding key in the module instead of copying them in place?)
(WorkerDict pid=3637328)   module._load_from_state_dict(
(WorkerDict pid=3637328) /home/cxr/miniconda3/envs/vllm/lib/python3.11/site-packages/torch/nn/modules/module.py:2589: UserWarning: for base_model.model.model.layers.18.self_attn.o_proj.lora_B.default.weight: copying from a non-meta parameter in the checkpoint to a meta parameter in the current model, which is a no-op. (Did you mean to pass `assign=True` to assign items in the state dictionary to their corresponding key in the module instead of copying them in place?)
(WorkerDict pid=3637328)   module._load_from_state_dict(
(WorkerDict pid=3637328) /home/cxr/miniconda3/envs/vllm/lib/python3.11/site-packages/torch/nn/modules/module.py:2589: UserWarning: for base_model.model.model.layers.18.mlp.gate_proj.lora_A.default.weight: copying from a non-meta parameter in the checkpoint to a meta parameter in the current model, which is a no-op. (Did you mean to pass `assign=True` to assign items in the state dictionary to their corresponding key in the module instead of copying them in place?)
(WorkerDict pid=3637328)   module._load_from_state_dict(
(WorkerDict pid=3637328) /home/cxr/miniconda3/envs/vllm/lib/python3.11/site-packages/torch/nn/modules/module.py:2589: UserWarning: for base_model.model.model.layers.18.mlp.gate_proj.lora_B.default.weight: copying from a non-meta parameter in the checkpoint to a meta parameter in the current model, which is a no-op. (Did you mean to pass `assign=True` to assign items in the state dictionary to their corresponding key in the module instead of copying them in place?)
(WorkerDict pid=3637328)   module._load_from_state_dict(
(WorkerDict pid=3637328) /home/cxr/miniconda3/envs/vllm/lib/python3.11/site-packages/torch/nn/modules/module.py:2589: UserWarning: for base_model.model.model.layers.18.mlp.up_proj.lora_A.default.weight: copying from a non-meta parameter in the checkpoint to a meta parameter in the current model, which is a no-op. (Did you mean to pass `assign=True` to assign items in the state dictionary to their corresponding key in the module instead of copying them in place?)
(WorkerDict pid=3637328)   module._load_from_state_dict(
(WorkerDict pid=3637328) /home/cxr/miniconda3/envs/vllm/lib/python3.11/site-packages/torch/nn/modules/module.py:2589: UserWarning: for base_model.model.model.layers.18.mlp.up_proj.lora_B.default.weight: copying from a non-meta parameter in the checkpoint to a meta parameter in the current model, which is a no-op. (Did you mean to pass `assign=True` to assign items in the state dictionary to their corresponding key in the module instead of copying them in place?)
(WorkerDict pid=3637328)   module._load_from_state_dict(
(WorkerDict pid=3637328) /home/cxr/miniconda3/envs/vllm/lib/python3.11/site-packages/torch/nn/modules/module.py:2589: UserWarning: for base_model.model.model.layers.18.mlp.down_proj.lora_A.default.weight: copying from a non-meta parameter in the checkpoint to a meta parameter in the current model, which is a no-op. (Did you mean to pass `assign=True` to assign items in the state dictionary to their corresponding key in the module instead of copying them in place?)
(WorkerDict pid=3637328)   module._load_from_state_dict(
(WorkerDict pid=3637328) /home/cxr/miniconda3/envs/vllm/lib/python3.11/site-packages/torch/nn/modules/module.py:2589: UserWarning: for base_model.model.model.layers.18.mlp.down_proj.lora_B.default.weight: copying from a non-meta parameter in the checkpoint to a meta parameter in the current model, which is a no-op. (Did you mean to pass `assign=True` to assign items in the state dictionary to their corresponding key in the module instead of copying them in place?)
(WorkerDict pid=3637328)   module._load_from_state_dict(
(WorkerDict pid=3637328) /home/cxr/miniconda3/envs/vllm/lib/python3.11/site-packages/torch/nn/modules/module.py:2589: UserWarning: for base_model.model.model.layers.19.self_attn.q_proj.lora_A.default.weight: copying from a non-meta parameter in the checkpoint to a meta parameter in the current model, which is a no-op. (Did you mean to pass `assign=True` to assign items in the state dictionary to their corresponding key in the module instead of copying them in place?)
(WorkerDict pid=3637328)   module._load_from_state_dict(
(WorkerDict pid=3637328) /home/cxr/miniconda3/envs/vllm/lib/python3.11/site-packages/torch/nn/modules/module.py:2589: UserWarning: for base_model.model.model.layers.19.self_attn.q_proj.lora_B.default.weight: copying from a non-meta parameter in the checkpoint to a meta parameter in the current model, which is a no-op. (Did you mean to pass `assign=True` to assign items in the state dictionary to their corresponding key in the module instead of copying them in place?)
(WorkerDict pid=3637328)   module._load_from_state_dict(
(WorkerDict pid=3637328) /home/cxr/miniconda3/envs/vllm/lib/python3.11/site-packages/torch/nn/modules/module.py:2589: UserWarning: for base_model.model.model.layers.19.self_attn.k_proj.lora_A.default.weight: copying from a non-meta parameter in the checkpoint to a meta parameter in the current model, which is a no-op. (Did you mean to pass `assign=True` to assign items in the state dictionary to their corresponding key in the module instead of copying them in place?)
(WorkerDict pid=3637328)   module._load_from_state_dict(
(WorkerDict pid=3637328) /home/cxr/miniconda3/envs/vllm/lib/python3.11/site-packages/torch/nn/modules/module.py:2589: UserWarning: for base_model.model.model.layers.19.self_attn.k_proj.lora_B.default.weight: copying from a non-meta parameter in the checkpoint to a meta parameter in the current model, which is a no-op. (Did you mean to pass `assign=True` to assign items in the state dictionary to their corresponding key in the module instead of copying them in place?)
(WorkerDict pid=3637328)   module._load_from_state_dict(
(WorkerDict pid=3637328) /home/cxr/miniconda3/envs/vllm/lib/python3.11/site-packages/torch/nn/modules/module.py:2589: UserWarning: for base_model.model.model.layers.19.self_attn.v_proj.lora_A.default.weight: copying from a non-meta parameter in the checkpoint to a meta parameter in the current model, which is a no-op. (Did you mean to pass `assign=True` to assign items in the state dictionary to their corresponding key in the module instead of copying them in place?)
(WorkerDict pid=3637328)   module._load_from_state_dict(
(WorkerDict pid=3637328) /home/cxr/miniconda3/envs/vllm/lib/python3.11/site-packages/torch/nn/modules/module.py:2589: UserWarning: for base_model.model.model.layers.19.self_attn.v_proj.lora_B.default.weight: copying from a non-meta parameter in the checkpoint to a meta parameter in the current model, which is a no-op. (Did you mean to pass `assign=True` to assign items in the state dictionary to their corresponding key in the module instead of copying them in place?)
(WorkerDict pid=3637328)   module._load_from_state_dict(
(WorkerDict pid=3637328) /home/cxr/miniconda3/envs/vllm/lib/python3.11/site-packages/torch/nn/modules/module.py:2589: UserWarning: for base_model.model.model.layers.19.self_attn.o_proj.lora_A.default.weight: copying from a non-meta parameter in the checkpoint to a meta parameter in the current model, which is a no-op. (Did you mean to pass `assign=True` to assign items in the state dictionary to their corresponding key in the module instead of copying them in place?)
(WorkerDict pid=3637328)   module._load_from_state_dict(
(WorkerDict pid=3637328) /home/cxr/miniconda3/envs/vllm/lib/python3.11/site-packages/torch/nn/modules/module.py:2589: UserWarning: for base_model.model.model.layers.19.self_attn.o_proj.lora_B.default.weight: copying from a non-meta parameter in the checkpoint to a meta parameter in the current model, which is a no-op. (Did you mean to pass `assign=True` to assign items in the state dictionary to their corresponding key in the module instead of copying them in place?)
(WorkerDict pid=3637328)   module._load_from_state_dict(
(WorkerDict pid=3637328) /home/cxr/miniconda3/envs/vllm/lib/python3.11/site-packages/torch/nn/modules/module.py:2589: UserWarning: for base_model.model.model.layers.19.mlp.gate_proj.lora_A.default.weight: copying from a non-meta parameter in the checkpoint to a meta parameter in the current model, which is a no-op. (Did you mean to pass `assign=True` to assign items in the state dictionary to their corresponding key in the module instead of copying them in place?)
(WorkerDict pid=3637328)   module._load_from_state_dict(
(WorkerDict pid=3637328) /home/cxr/miniconda3/envs/vllm/lib/python3.11/site-packages/torch/nn/modules/module.py:2589: UserWarning: for base_model.model.model.layers.19.mlp.gate_proj.lora_B.default.weight: copying from a non-meta parameter in the checkpoint to a meta parameter in the current model, which is a no-op. (Did you mean to pass `assign=True` to assign items in the state dictionary to their corresponding key in the module instead of copying them in place?)
(WorkerDict pid=3637328)   module._load_from_state_dict(
(WorkerDict pid=3637328) /home/cxr/miniconda3/envs/vllm/lib/python3.11/site-packages/torch/nn/modules/module.py:2589: UserWarning: for base_model.model.model.layers.19.mlp.up_proj.lora_A.default.weight: copying from a non-meta parameter in the checkpoint to a meta parameter in the current model, which is a no-op. (Did you mean to pass `assign=True` to assign items in the state dictionary to their corresponding key in the module instead of copying them in place?)
(WorkerDict pid=3637328)   module._load_from_state_dict(
(WorkerDict pid=3637328) /home/cxr/miniconda3/envs/vllm/lib/python3.11/site-packages/torch/nn/modules/module.py:2589: UserWarning: for base_model.model.model.layers.19.mlp.up_proj.lora_B.default.weight: copying from a non-meta parameter in the checkpoint to a meta parameter in the current model, which is a no-op. (Did you mean to pass `assign=True` to assign items in the state dictionary to their corresponding key in the module instead of copying them in place?)
(WorkerDict pid=3637328)   module._load_from_state_dict(
(WorkerDict pid=3637328) /home/cxr/miniconda3/envs/vllm/lib/python3.11/site-packages/torch/nn/modules/module.py:2589: UserWarning: for base_model.model.model.layers.19.mlp.down_proj.lora_A.default.weight: copying from a non-meta parameter in the checkpoint to a meta parameter in the current model, which is a no-op. (Did you mean to pass `assign=True` to assign items in the state dictionary to their corresponding key in the module instead of copying them in place?)
(WorkerDict pid=3637328)   module._load_from_state_dict(
(WorkerDict pid=3637328) /home/cxr/miniconda3/envs/vllm/lib/python3.11/site-packages/torch/nn/modules/module.py:2589: UserWarning: for base_model.model.model.layers.19.mlp.down_proj.lora_B.default.weight: copying from a non-meta parameter in the checkpoint to a meta parameter in the current model, which is a no-op. (Did you mean to pass `assign=True` to assign items in the state dictionary to their corresponding key in the module instead of copying them in place?)
(WorkerDict pid=3637328)   module._load_from_state_dict(
(WorkerDict pid=3637328) /home/cxr/miniconda3/envs/vllm/lib/python3.11/site-packages/torch/nn/modules/module.py:2589: UserWarning: for base_model.model.model.layers.20.self_attn.q_proj.lora_A.default.weight: copying from a non-meta parameter in the checkpoint to a meta parameter in the current model, which is a no-op. (Did you mean to pass `assign=True` to assign items in the state dictionary to their corresponding key in the module instead of copying them in place?)
(WorkerDict pid=3637328)   module._load_from_state_dict(
(WorkerDict pid=3637328) /home/cxr/miniconda3/envs/vllm/lib/python3.11/site-packages/torch/nn/modules/module.py:2589: UserWarning: for base_model.model.model.layers.20.self_attn.q_proj.lora_B.default.weight: copying from a non-meta parameter in the checkpoint to a meta parameter in the current model, which is a no-op. (Did you mean to pass `assign=True` to assign items in the state dictionary to their corresponding key in the module instead of copying them in place?)
(WorkerDict pid=3637328)   module._load_from_state_dict(
(WorkerDict pid=3637328) /home/cxr/miniconda3/envs/vllm/lib/python3.11/site-packages/torch/nn/modules/module.py:2589: UserWarning: for base_model.model.model.layers.20.self_attn.k_proj.lora_A.default.weight: copying from a non-meta parameter in the checkpoint to a meta parameter in the current model, which is a no-op. (Did you mean to pass `assign=True` to assign items in the state dictionary to their corresponding key in the module instead of copying them in place?)
(WorkerDict pid=3637328)   module._load_from_state_dict(
(WorkerDict pid=3637328) /home/cxr/miniconda3/envs/vllm/lib/python3.11/site-packages/torch/nn/modules/module.py:2589: UserWarning: for base_model.model.model.layers.20.self_attn.k_proj.lora_B.default.weight: copying from a non-meta parameter in the checkpoint to a meta parameter in the current model, which is a no-op. (Did you mean to pass `assign=True` to assign items in the state dictionary to their corresponding key in the module instead of copying them in place?)
(WorkerDict pid=3637328)   module._load_from_state_dict(
(WorkerDict pid=3637328) /home/cxr/miniconda3/envs/vllm/lib/python3.11/site-packages/torch/nn/modules/module.py:2589: UserWarning: for base_model.model.model.layers.20.self_attn.v_proj.lora_A.default.weight: copying from a non-meta parameter in the checkpoint to a meta parameter in the current model, which is a no-op. (Did you mean to pass `assign=True` to assign items in the state dictionary to their corresponding key in the module instead of copying them in place?)
(WorkerDict pid=3637328)   module._load_from_state_dict(
(WorkerDict pid=3637328) /home/cxr/miniconda3/envs/vllm/lib/python3.11/site-packages/torch/nn/modules/module.py:2589: UserWarning: for base_model.model.model.layers.20.self_attn.v_proj.lora_B.default.weight: copying from a non-meta parameter in the checkpoint to a meta parameter in the current model, which is a no-op. (Did you mean to pass `assign=True` to assign items in the state dictionary to their corresponding key in the module instead of copying them in place?)
(WorkerDict pid=3637328)   module._load_from_state_dict(
(WorkerDict pid=3637328) /home/cxr/miniconda3/envs/vllm/lib/python3.11/site-packages/torch/nn/modules/module.py:2589: UserWarning: for base_model.model.model.layers.20.self_attn.o_proj.lora_A.default.weight: copying from a non-meta parameter in the checkpoint to a meta parameter in the current model, which is a no-op. (Did you mean to pass `assign=True` to assign items in the state dictionary to their corresponding key in the module instead of copying them in place?)
(WorkerDict pid=3637328)   module._load_from_state_dict(
(WorkerDict pid=3637328) /home/cxr/miniconda3/envs/vllm/lib/python3.11/site-packages/torch/nn/modules/module.py:2589: UserWarning: for base_model.model.model.layers.20.self_attn.o_proj.lora_B.default.weight: copying from a non-meta parameter in the checkpoint to a meta parameter in the current model, which is a no-op. (Did you mean to pass `assign=True` to assign items in the state dictionary to their corresponding key in the module instead of copying them in place?)
(WorkerDict pid=3637328)   module._load_from_state_dict(
(WorkerDict pid=3637328) /home/cxr/miniconda3/envs/vllm/lib/python3.11/site-packages/torch/nn/modules/module.py:2589: UserWarning: for base_model.model.model.layers.20.mlp.gate_proj.lora_A.default.weight: copying from a non-meta parameter in the checkpoint to a meta parameter in the current model, which is a no-op. (Did you mean to pass `assign=True` to assign items in the state dictionary to their corresponding key in the module instead of copying them in place?)
(WorkerDict pid=3637328)   module._load_from_state_dict(
(WorkerDict pid=3637328) /home/cxr/miniconda3/envs/vllm/lib/python3.11/site-packages/torch/nn/modules/module.py:2589: UserWarning: for base_model.model.model.layers.20.mlp.gate_proj.lora_B.default.weight: copying from a non-meta parameter in the checkpoint to a meta parameter in the current model, which is a no-op. (Did you mean to pass `assign=True` to assign items in the state dictionary to their corresponding key in the module instead of copying them in place?)
(WorkerDict pid=3637328)   module._load_from_state_dict(
(WorkerDict pid=3637328) /home/cxr/miniconda3/envs/vllm/lib/python3.11/site-packages/torch/nn/modules/module.py:2589: UserWarning: for base_model.model.model.layers.20.mlp.up_proj.lora_A.default.weight: copying from a non-meta parameter in the checkpoint to a meta parameter in the current model, which is a no-op. (Did you mean to pass `assign=True` to assign items in the state dictionary to their corresponding key in the module instead of copying them in place?)
(WorkerDict pid=3637328)   module._load_from_state_dict(
(WorkerDict pid=3637328) /home/cxr/miniconda3/envs/vllm/lib/python3.11/site-packages/torch/nn/modules/module.py:2589: UserWarning: for base_model.model.model.layers.20.mlp.up_proj.lora_B.default.weight: copying from a non-meta parameter in the checkpoint to a meta parameter in the current model, which is a no-op. (Did you mean to pass `assign=True` to assign items in the state dictionary to their corresponding key in the module instead of copying them in place?)
(WorkerDict pid=3637328)   module._load_from_state_dict(
(WorkerDict pid=3637328) /home/cxr/miniconda3/envs/vllm/lib/python3.11/site-packages/torch/nn/modules/module.py:2589: UserWarning: for base_model.model.model.layers.20.mlp.down_proj.lora_A.default.weight: copying from a non-meta parameter in the checkpoint to a meta parameter in the current model, which is a no-op. (Did you mean to pass `assign=True` to assign items in the state dictionary to their corresponding key in the module instead of copying them in place?)
(WorkerDict pid=3637328)   module._load_from_state_dict(
(WorkerDict pid=3637328) /home/cxr/miniconda3/envs/vllm/lib/python3.11/site-packages/torch/nn/modules/module.py:2589: UserWarning: for base_model.model.model.layers.20.mlp.down_proj.lora_B.default.weight: copying from a non-meta parameter in the checkpoint to a meta parameter in the current model, which is a no-op. (Did you mean to pass `assign=True` to assign items in the state dictionary to their corresponding key in the module instead of copying them in place?)
(WorkerDict pid=3637328)   module._load_from_state_dict(
(WorkerDict pid=3637328) /home/cxr/miniconda3/envs/vllm/lib/python3.11/site-packages/torch/nn/modules/module.py:2589: UserWarning: for base_model.model.model.layers.21.self_attn.q_proj.lora_A.default.weight: copying from a non-meta parameter in the checkpoint to a meta parameter in the current model, which is a no-op. (Did you mean to pass `assign=True` to assign items in the state dictionary to their corresponding key in the module instead of copying them in place?)
(WorkerDict pid=3637328)   module._load_from_state_dict(
(WorkerDict pid=3637328) /home/cxr/miniconda3/envs/vllm/lib/python3.11/site-packages/torch/nn/modules/module.py:2589: UserWarning: for base_model.model.model.layers.21.self_attn.q_proj.lora_B.default.weight: copying from a non-meta parameter in the checkpoint to a meta parameter in the current model, which is a no-op. (Did you mean to pass `assign=True` to assign items in the state dictionary to their corresponding key in the module instead of copying them in place?)
(WorkerDict pid=3637328)   module._load_from_state_dict(
(WorkerDict pid=3637328) /home/cxr/miniconda3/envs/vllm/lib/python3.11/site-packages/torch/nn/modules/module.py:2589: UserWarning: for base_model.model.model.layers.21.self_attn.k_proj.lora_A.default.weight: copying from a non-meta parameter in the checkpoint to a meta parameter in the current model, which is a no-op. (Did you mean to pass `assign=True` to assign items in the state dictionary to their corresponding key in the module instead of copying them in place?)
(WorkerDict pid=3637328)   module._load_from_state_dict(
(WorkerDict pid=3637328) /home/cxr/miniconda3/envs/vllm/lib/python3.11/site-packages/torch/nn/modules/module.py:2589: UserWarning: for base_model.model.model.layers.21.self_attn.k_proj.lora_B.default.weight: copying from a non-meta parameter in the checkpoint to a meta parameter in the current model, which is a no-op. (Did you mean to pass `assign=True` to assign items in the state dictionary to their corresponding key in the module instead of copying them in place?)
(WorkerDict pid=3637328)   module._load_from_state_dict(
(WorkerDict pid=3637328) /home/cxr/miniconda3/envs/vllm/lib/python3.11/site-packages/torch/nn/modules/module.py:2589: UserWarning: for base_model.model.model.layers.21.self_attn.v_proj.lora_A.default.weight: copying from a non-meta parameter in the checkpoint to a meta parameter in the current model, which is a no-op. (Did you mean to pass `assign=True` to assign items in the state dictionary to their corresponding key in the module instead of copying them in place?)
(WorkerDict pid=3637328)   module._load_from_state_dict(
(WorkerDict pid=3637328) /home/cxr/miniconda3/envs/vllm/lib/python3.11/site-packages/torch/nn/modules/module.py:2589: UserWarning: for base_model.model.model.layers.21.self_attn.v_proj.lora_B.default.weight: copying from a non-meta parameter in the checkpoint to a meta parameter in the current model, which is a no-op. (Did you mean to pass `assign=True` to assign items in the state dictionary to their corresponding key in the module instead of copying them in place?)
(WorkerDict pid=3637328)   module._load_from_state_dict(
(WorkerDict pid=3637328) /home/cxr/miniconda3/envs/vllm/lib/python3.11/site-packages/torch/nn/modules/module.py:2589: UserWarning: for base_model.model.model.layers.21.self_attn.o_proj.lora_A.default.weight: copying from a non-meta parameter in the checkpoint to a meta parameter in the current model, which is a no-op. (Did you mean to pass `assign=True` to assign items in the state dictionary to their corresponding key in the module instead of copying them in place?)
(WorkerDict pid=3637328)   module._load_from_state_dict(
(WorkerDict pid=3637328) /home/cxr/miniconda3/envs/vllm/lib/python3.11/site-packages/torch/nn/modules/module.py:2589: UserWarning: for base_model.model.model.layers.21.self_attn.o_proj.lora_B.default.weight: copying from a non-meta parameter in the checkpoint to a meta parameter in the current model, which is a no-op. (Did you mean to pass `assign=True` to assign items in the state dictionary to their corresponding key in the module instead of copying them in place?)
(WorkerDict pid=3637328)   module._load_from_state_dict(
(WorkerDict pid=3637328) /home/cxr/miniconda3/envs/vllm/lib/python3.11/site-packages/torch/nn/modules/module.py:2589: UserWarning: for base_model.model.model.layers.21.mlp.gate_proj.lora_A.default.weight: copying from a non-meta parameter in the checkpoint to a meta parameter in the current model, which is a no-op. (Did you mean to pass `assign=True` to assign items in the state dictionary to their corresponding key in the module instead of copying them in place?)
(WorkerDict pid=3637328)   module._load_from_state_dict(
(WorkerDict pid=3637328) /home/cxr/miniconda3/envs/vllm/lib/python3.11/site-packages/torch/nn/modules/module.py:2589: UserWarning: for base_model.model.model.layers.21.mlp.gate_proj.lora_B.default.weight: copying from a non-meta parameter in the checkpoint to a meta parameter in the current model, which is a no-op. (Did you mean to pass `assign=True` to assign items in the state dictionary to their corresponding key in the module instead of copying them in place?)
(WorkerDict pid=3637328)   module._load_from_state_dict(
(WorkerDict pid=3637328) /home/cxr/miniconda3/envs/vllm/lib/python3.11/site-packages/torch/nn/modules/module.py:2589: UserWarning: for base_model.model.model.layers.21.mlp.up_proj.lora_A.default.weight: copying from a non-meta parameter in the checkpoint to a meta parameter in the current model, which is a no-op. (Did you mean to pass `assign=True` to assign items in the state dictionary to their corresponding key in the module instead of copying them in place?)
(WorkerDict pid=3637328)   module._load_from_state_dict(
(WorkerDict pid=3637328) /home/cxr/miniconda3/envs/vllm/lib/python3.11/site-packages/torch/nn/modules/module.py:2589: UserWarning: for base_model.model.model.layers.21.mlp.up_proj.lora_B.default.weight: copying from a non-meta parameter in the checkpoint to a meta parameter in the current model, which is a no-op. (Did you mean to pass `assign=True` to assign items in the state dictionary to their corresponding key in the module instead of copying them in place?)
(WorkerDict pid=3637328)   module._load_from_state_dict(
(WorkerDict pid=3637328) /home/cxr/miniconda3/envs/vllm/lib/python3.11/site-packages/torch/nn/modules/module.py:2589: UserWarning: for base_model.model.model.layers.21.mlp.down_proj.lora_A.default.weight: copying from a non-meta parameter in the checkpoint to a meta parameter in the current model, which is a no-op. (Did you mean to pass `assign=True` to assign items in the state dictionary to their corresponding key in the module instead of copying them in place?)
(WorkerDict pid=3637328)   module._load_from_state_dict(
(WorkerDict pid=3637328) /home/cxr/miniconda3/envs/vllm/lib/python3.11/site-packages/torch/nn/modules/module.py:2589: UserWarning: for base_model.model.model.layers.21.mlp.down_proj.lora_B.default.weight: copying from a non-meta parameter in the checkpoint to a meta parameter in the current model, which is a no-op. (Did you mean to pass `assign=True` to assign items in the state dictionary to their corresponding key in the module instead of copying them in place?)
(WorkerDict pid=3637328)   module._load_from_state_dict(
(WorkerDict pid=3637328) /home/cxr/miniconda3/envs/vllm/lib/python3.11/site-packages/torch/nn/modules/module.py:2589: UserWarning: for base_model.model.model.layers.22.self_attn.q_proj.lora_A.default.weight: copying from a non-meta parameter in the checkpoint to a meta parameter in the current model, which is a no-op. (Did you mean to pass `assign=True` to assign items in the state dictionary to their corresponding key in the module instead of copying them in place?)
(WorkerDict pid=3637328)   module._load_from_state_dict(
(WorkerDict pid=3637328) /home/cxr/miniconda3/envs/vllm/lib/python3.11/site-packages/torch/nn/modules/module.py:2589: UserWarning: for base_model.model.model.layers.22.self_attn.q_proj.lora_B.default.weight: copying from a non-meta parameter in the checkpoint to a meta parameter in the current model, which is a no-op. (Did you mean to pass `assign=True` to assign items in the state dictionary to their corresponding key in the module instead of copying them in place?)
(WorkerDict pid=3637328)   module._load_from_state_dict(
(WorkerDict pid=3637328) /home/cxr/miniconda3/envs/vllm/lib/python3.11/site-packages/torch/nn/modules/module.py:2589: UserWarning: for base_model.model.model.layers.22.self_attn.k_proj.lora_A.default.weight: copying from a non-meta parameter in the checkpoint to a meta parameter in the current model, which is a no-op. (Did you mean to pass `assign=True` to assign items in the state dictionary to their corresponding key in the module instead of copying them in place?)
(WorkerDict pid=3637328)   module._load_from_state_dict(
(WorkerDict pid=3637328) /home/cxr/miniconda3/envs/vllm/lib/python3.11/site-packages/torch/nn/modules/module.py:2589: UserWarning: for base_model.model.model.layers.22.self_attn.k_proj.lora_B.default.weight: copying from a non-meta parameter in the checkpoint to a meta parameter in the current model, which is a no-op. (Did you mean to pass `assign=True` to assign items in the state dictionary to their corresponding key in the module instead of copying them in place?)
(WorkerDict pid=3637328)   module._load_from_state_dict(
(WorkerDict pid=3637328) /home/cxr/miniconda3/envs/vllm/lib/python3.11/site-packages/torch/nn/modules/module.py:2589: UserWarning: for base_model.model.model.layers.22.self_attn.v_proj.lora_A.default.weight: copying from a non-meta parameter in the checkpoint to a meta parameter in the current model, which is a no-op. (Did you mean to pass `assign=True` to assign items in the state dictionary to their corresponding key in the module instead of copying them in place?)
(WorkerDict pid=3637328)   module._load_from_state_dict(
(WorkerDict pid=3637328) /home/cxr/miniconda3/envs/vllm/lib/python3.11/site-packages/torch/nn/modules/module.py:2589: UserWarning: for base_model.model.model.layers.22.self_attn.v_proj.lora_B.default.weight: copying from a non-meta parameter in the checkpoint to a meta parameter in the current model, which is a no-op. (Did you mean to pass `assign=True` to assign items in the state dictionary to their corresponding key in the module instead of copying them in place?)
(WorkerDict pid=3637328)   module._load_from_state_dict(
(WorkerDict pid=3637328) /home/cxr/miniconda3/envs/vllm/lib/python3.11/site-packages/torch/nn/modules/module.py:2589: UserWarning: for base_model.model.model.layers.22.self_attn.o_proj.lora_A.default.weight: copying from a non-meta parameter in the checkpoint to a meta parameter in the current model, which is a no-op. (Did you mean to pass `assign=True` to assign items in the state dictionary to their corresponding key in the module instead of copying them in place?)
(WorkerDict pid=3637328)   module._load_from_state_dict(
(WorkerDict pid=3637328) /home/cxr/miniconda3/envs/vllm/lib/python3.11/site-packages/torch/nn/modules/module.py:2589: UserWarning: for base_model.model.model.layers.22.self_attn.o_proj.lora_B.default.weight: copying from a non-meta parameter in the checkpoint to a meta parameter in the current model, which is a no-op. (Did you mean to pass `assign=True` to assign items in the state dictionary to their corresponding key in the module instead of copying them in place?)
(WorkerDict pid=3637328)   module._load_from_state_dict(
(WorkerDict pid=3637328) /home/cxr/miniconda3/envs/vllm/lib/python3.11/site-packages/torch/nn/modules/module.py:2589: UserWarning: for base_model.model.model.layers.22.mlp.gate_proj.lora_A.default.weight: copying from a non-meta parameter in the checkpoint to a meta parameter in the current model, which is a no-op. (Did you mean to pass `assign=True` to assign items in the state dictionary to their corresponding key in the module instead of copying them in place?)
(WorkerDict pid=3637328)   module._load_from_state_dict(
(WorkerDict pid=3637328) /home/cxr/miniconda3/envs/vllm/lib/python3.11/site-packages/torch/nn/modules/module.py:2589: UserWarning: for base_model.model.model.layers.22.mlp.gate_proj.lora_B.default.weight: copying from a non-meta parameter in the checkpoint to a meta parameter in the current model, which is a no-op. (Did you mean to pass `assign=True` to assign items in the state dictionary to their corresponding key in the module instead of copying them in place?)
(WorkerDict pid=3637328)   module._load_from_state_dict(
(WorkerDict pid=3637328) /home/cxr/miniconda3/envs/vllm/lib/python3.11/site-packages/torch/nn/modules/module.py:2589: UserWarning: for base_model.model.model.layers.22.mlp.up_proj.lora_A.default.weight: copying from a non-meta parameter in the checkpoint to a meta parameter in the current model, which is a no-op. (Did you mean to pass `assign=True` to assign items in the state dictionary to their corresponding key in the module instead of copying them in place?)
(WorkerDict pid=3637328)   module._load_from_state_dict(
(WorkerDict pid=3637328) /home/cxr/miniconda3/envs/vllm/lib/python3.11/site-packages/torch/nn/modules/module.py:2589: UserWarning: for base_model.model.model.layers.22.mlp.up_proj.lora_B.default.weight: copying from a non-meta parameter in the checkpoint to a meta parameter in the current model, which is a no-op. (Did you mean to pass `assign=True` to assign items in the state dictionary to their corresponding key in the module instead of copying them in place?)
(WorkerDict pid=3637328)   module._load_from_state_dict(
(WorkerDict pid=3637328) /home/cxr/miniconda3/envs/vllm/lib/python3.11/site-packages/torch/nn/modules/module.py:2589: UserWarning: for base_model.model.model.layers.22.mlp.down_proj.lora_A.default.weight: copying from a non-meta parameter in the checkpoint to a meta parameter in the current model, which is a no-op. (Did you mean to pass `assign=True` to assign items in the state dictionary to their corresponding key in the module instead of copying them in place?)
(WorkerDict pid=3637328)   module._load_from_state_dict(
(WorkerDict pid=3637328) /home/cxr/miniconda3/envs/vllm/lib/python3.11/site-packages/torch/nn/modules/module.py:2589: UserWarning: for base_model.model.model.layers.22.mlp.down_proj.lora_B.default.weight: copying from a non-meta parameter in the checkpoint to a meta parameter in the current model, which is a no-op. (Did you mean to pass `assign=True` to assign items in the state dictionary to their corresponding key in the module instead of copying them in place?)
(WorkerDict pid=3637328)   module._load_from_state_dict(
(WorkerDict pid=3637328) /home/cxr/miniconda3/envs/vllm/lib/python3.11/site-packages/torch/nn/modules/module.py:2589: UserWarning: for base_model.model.model.layers.23.self_attn.q_proj.lora_A.default.weight: copying from a non-meta parameter in the checkpoint to a meta parameter in the current model, which is a no-op. (Did you mean to pass `assign=True` to assign items in the state dictionary to their corresponding key in the module instead of copying them in place?)
(WorkerDict pid=3637328)   module._load_from_state_dict(
(WorkerDict pid=3637328) /home/cxr/miniconda3/envs/vllm/lib/python3.11/site-packages/torch/nn/modules/module.py:2589: UserWarning: for base_model.model.model.layers.23.self_attn.q_proj.lora_B.default.weight: copying from a non-meta parameter in the checkpoint to a meta parameter in the current model, which is a no-op. (Did you mean to pass `assign=True` to assign items in the state dictionary to their corresponding key in the module instead of copying them in place?)
(WorkerDict pid=3637328)   module._load_from_state_dict(
(WorkerDict pid=3637328) /home/cxr/miniconda3/envs/vllm/lib/python3.11/site-packages/torch/nn/modules/module.py:2589: UserWarning: for base_model.model.model.layers.23.self_attn.k_proj.lora_A.default.weight: copying from a non-meta parameter in the checkpoint to a meta parameter in the current model, which is a no-op. (Did you mean to pass `assign=True` to assign items in the state dictionary to their corresponding key in the module instead of copying them in place?)
(WorkerDict pid=3637328)   module._load_from_state_dict(
(WorkerDict pid=3637328) /home/cxr/miniconda3/envs/vllm/lib/python3.11/site-packages/torch/nn/modules/module.py:2589: UserWarning: for base_model.model.model.layers.23.self_attn.k_proj.lora_B.default.weight: copying from a non-meta parameter in the checkpoint to a meta parameter in the current model, which is a no-op. (Did you mean to pass `assign=True` to assign items in the state dictionary to their corresponding key in the module instead of copying them in place?)
(WorkerDict pid=3637328)   module._load_from_state_dict(
(WorkerDict pid=3637328) /home/cxr/miniconda3/envs/vllm/lib/python3.11/site-packages/torch/nn/modules/module.py:2589: UserWarning: for base_model.model.model.layers.23.self_attn.v_proj.lora_A.default.weight: copying from a non-meta parameter in the checkpoint to a meta parameter in the current model, which is a no-op. (Did you mean to pass `assign=True` to assign items in the state dictionary to their corresponding key in the module instead of copying them in place?)
(WorkerDict pid=3637328)   module._load_from_state_dict(
(WorkerDict pid=3637328) /home/cxr/miniconda3/envs/vllm/lib/python3.11/site-packages/torch/nn/modules/module.py:2589: UserWarning: for base_model.model.model.layers.23.self_attn.v_proj.lora_B.default.weight: copying from a non-meta parameter in the checkpoint to a meta parameter in the current model, which is a no-op. (Did you mean to pass `assign=True` to assign items in the state dictionary to their corresponding key in the module instead of copying them in place?)
(WorkerDict pid=3637328)   module._load_from_state_dict(
(WorkerDict pid=3637328) /home/cxr/miniconda3/envs/vllm/lib/python3.11/site-packages/torch/nn/modules/module.py:2589: UserWarning: for base_model.model.model.layers.23.self_attn.o_proj.lora_A.default.weight: copying from a non-meta parameter in the checkpoint to a meta parameter in the current model, which is a no-op. (Did you mean to pass `assign=True` to assign items in the state dictionary to their corresponding key in the module instead of copying them in place?)
(WorkerDict pid=3637328)   module._load_from_state_dict(
(WorkerDict pid=3637328) /home/cxr/miniconda3/envs/vllm/lib/python3.11/site-packages/torch/nn/modules/module.py:2589: UserWarning: for base_model.model.model.layers.23.self_attn.o_proj.lora_B.default.weight: copying from a non-meta parameter in the checkpoint to a meta parameter in the current model, which is a no-op. (Did you mean to pass `assign=True` to assign items in the state dictionary to their corresponding key in the module instead of copying them in place?)
(WorkerDict pid=3637328)   module._load_from_state_dict(
(WorkerDict pid=3637328) /home/cxr/miniconda3/envs/vllm/lib/python3.11/site-packages/torch/nn/modules/module.py:2589: UserWarning: for base_model.model.model.layers.23.mlp.gate_proj.lora_A.default.weight: copying from a non-meta parameter in the checkpoint to a meta parameter in the current model, which is a no-op. (Did you mean to pass `assign=True` to assign items in the state dictionary to their corresponding key in the module instead of copying them in place?)
(WorkerDict pid=3637328)   module._load_from_state_dict(
(WorkerDict pid=3637328) /home/cxr/miniconda3/envs/vllm/lib/python3.11/site-packages/torch/nn/modules/module.py:2589: UserWarning: for base_model.model.model.layers.23.mlp.gate_proj.lora_B.default.weight: copying from a non-meta parameter in the checkpoint to a meta parameter in the current model, which is a no-op. (Did you mean to pass `assign=True` to assign items in the state dictionary to their corresponding key in the module instead of copying them in place?)
(WorkerDict pid=3637328)   module._load_from_state_dict(
(WorkerDict pid=3637328) /home/cxr/miniconda3/envs/vllm/lib/python3.11/site-packages/torch/nn/modules/module.py:2589: UserWarning: for base_model.model.model.layers.23.mlp.up_proj.lora_A.default.weight: copying from a non-meta parameter in the checkpoint to a meta parameter in the current model, which is a no-op. (Did you mean to pass `assign=True` to assign items in the state dictionary to their corresponding key in the module instead of copying them in place?)
(WorkerDict pid=3637328)   module._load_from_state_dict(
(WorkerDict pid=3637328) /home/cxr/miniconda3/envs/vllm/lib/python3.11/site-packages/torch/nn/modules/module.py:2589: UserWarning: for base_model.model.model.layers.23.mlp.up_proj.lora_B.default.weight: copying from a non-meta parameter in the checkpoint to a meta parameter in the current model, which is a no-op. (Did you mean to pass `assign=True` to assign items in the state dictionary to their corresponding key in the module instead of copying them in place?)
(WorkerDict pid=3637328)   module._load_from_state_dict(
(WorkerDict pid=3637328) /home/cxr/miniconda3/envs/vllm/lib/python3.11/site-packages/torch/nn/modules/module.py:2589: UserWarning: for base_model.model.model.layers.23.mlp.down_proj.lora_A.default.weight: copying from a non-meta parameter in the checkpoint to a meta parameter in the current model, which is a no-op. (Did you mean to pass `assign=True` to assign items in the state dictionary to their corresponding key in the module instead of copying them in place?)
(WorkerDict pid=3637328)   module._load_from_state_dict(
(WorkerDict pid=3637328) /home/cxr/miniconda3/envs/vllm/lib/python3.11/site-packages/torch/nn/modules/module.py:2589: UserWarning: for base_model.model.model.layers.23.mlp.down_proj.lora_B.default.weight: copying from a non-meta parameter in the checkpoint to a meta parameter in the current model, which is a no-op. (Did you mean to pass `assign=True` to assign items in the state dictionary to their corresponding key in the module instead of copying them in place?)
(WorkerDict pid=3637328)   module._load_from_state_dict(
(WorkerDict pid=3637328) /home/cxr/miniconda3/envs/vllm/lib/python3.11/site-packages/torch/nn/modules/module.py:2589: UserWarning: for base_model.model.model.layers.24.self_attn.q_proj.lora_A.default.weight: copying from a non-meta parameter in the checkpoint to a meta parameter in the current model, which is a no-op. (Did you mean to pass `assign=True` to assign items in the state dictionary to their corresponding key in the module instead of copying them in place?)
(WorkerDict pid=3637328)   module._load_from_state_dict(
(WorkerDict pid=3637328) /home/cxr/miniconda3/envs/vllm/lib/python3.11/site-packages/torch/nn/modules/module.py:2589: UserWarning: for base_model.model.model.layers.24.self_attn.q_proj.lora_B.default.weight: copying from a non-meta parameter in the checkpoint to a meta parameter in the current model, which is a no-op. (Did you mean to pass `assign=True` to assign items in the state dictionary to their corresponding key in the module instead of copying them in place?)
(WorkerDict pid=3637328)   module._load_from_state_dict(
(WorkerDict pid=3637328) /home/cxr/miniconda3/envs/vllm/lib/python3.11/site-packages/torch/nn/modules/module.py:2589: UserWarning: for base_model.model.model.layers.24.self_attn.k_proj.lora_A.default.weight: copying from a non-meta parameter in the checkpoint to a meta parameter in the current model, which is a no-op. (Did you mean to pass `assign=True` to assign items in the state dictionary to their corresponding key in the module instead of copying them in place?)
(WorkerDict pid=3637328)   module._load_from_state_dict(
(WorkerDict pid=3637328) /home/cxr/miniconda3/envs/vllm/lib/python3.11/site-packages/torch/nn/modules/module.py:2589: UserWarning: for base_model.model.model.layers.24.self_attn.k_proj.lora_B.default.weight: copying from a non-meta parameter in the checkpoint to a meta parameter in the current model, which is a no-op. (Did you mean to pass `assign=True` to assign items in the state dictionary to their corresponding key in the module instead of copying them in place?)
(WorkerDict pid=3637328)   module._load_from_state_dict(
(WorkerDict pid=3637328) /home/cxr/miniconda3/envs/vllm/lib/python3.11/site-packages/torch/nn/modules/module.py:2589: UserWarning: for base_model.model.model.layers.24.self_attn.v_proj.lora_A.default.weight: copying from a non-meta parameter in the checkpoint to a meta parameter in the current model, which is a no-op. (Did you mean to pass `assign=True` to assign items in the state dictionary to their corresponding key in the module instead of copying them in place?)
(WorkerDict pid=3637328)   module._load_from_state_dict(
(WorkerDict pid=3637328) /home/cxr/miniconda3/envs/vllm/lib/python3.11/site-packages/torch/nn/modules/module.py:2589: UserWarning: for base_model.model.model.layers.24.self_attn.v_proj.lora_B.default.weight: copying from a non-meta parameter in the checkpoint to a meta parameter in the current model, which is a no-op. (Did you mean to pass `assign=True` to assign items in the state dictionary to their corresponding key in the module instead of copying them in place?)
(WorkerDict pid=3637328)   module._load_from_state_dict(
(WorkerDict pid=3637328) /home/cxr/miniconda3/envs/vllm/lib/python3.11/site-packages/torch/nn/modules/module.py:2589: UserWarning: for base_model.model.model.layers.24.self_attn.o_proj.lora_A.default.weight: copying from a non-meta parameter in the checkpoint to a meta parameter in the current model, which is a no-op. (Did you mean to pass `assign=True` to assign items in the state dictionary to their corresponding key in the module instead of copying them in place?)
(WorkerDict pid=3637328)   module._load_from_state_dict(
(WorkerDict pid=3637328) /home/cxr/miniconda3/envs/vllm/lib/python3.11/site-packages/torch/nn/modules/module.py:2589: UserWarning: for base_model.model.model.layers.24.self_attn.o_proj.lora_B.default.weight: copying from a non-meta parameter in the checkpoint to a meta parameter in the current model, which is a no-op. (Did you mean to pass `assign=True` to assign items in the state dictionary to their corresponding key in the module instead of copying them in place?)
(WorkerDict pid=3637328)   module._load_from_state_dict(
(WorkerDict pid=3637328) /home/cxr/miniconda3/envs/vllm/lib/python3.11/site-packages/torch/nn/modules/module.py:2589: UserWarning: for base_model.model.model.layers.24.mlp.gate_proj.lora_A.default.weight: copying from a non-meta parameter in the checkpoint to a meta parameter in the current model, which is a no-op. (Did you mean to pass `assign=True` to assign items in the state dictionary to their corresponding key in the module instead of copying them in place?)
(WorkerDict pid=3637328)   module._load_from_state_dict(
(WorkerDict pid=3637328) /home/cxr/miniconda3/envs/vllm/lib/python3.11/site-packages/torch/nn/modules/module.py:2589: UserWarning: for base_model.model.model.layers.24.mlp.gate_proj.lora_B.default.weight: copying from a non-meta parameter in the checkpoint to a meta parameter in the current model, which is a no-op. (Did you mean to pass `assign=True` to assign items in the state dictionary to their corresponding key in the module instead of copying them in place?)
(WorkerDict pid=3637328)   module._load_from_state_dict(
(WorkerDict pid=3637328) /home/cxr/miniconda3/envs/vllm/lib/python3.11/site-packages/torch/nn/modules/module.py:2589: UserWarning: for base_model.model.model.layers.24.mlp.up_proj.lora_A.default.weight: copying from a non-meta parameter in the checkpoint to a meta parameter in the current model, which is a no-op. (Did you mean to pass `assign=True` to assign items in the state dictionary to their corresponding key in the module instead of copying them in place?)
(WorkerDict pid=3637328)   module._load_from_state_dict(
(WorkerDict pid=3637328) /home/cxr/miniconda3/envs/vllm/lib/python3.11/site-packages/torch/nn/modules/module.py:2589: UserWarning: for base_model.model.model.layers.24.mlp.up_proj.lora_B.default.weight: copying from a non-meta parameter in the checkpoint to a meta parameter in the current model, which is a no-op. (Did you mean to pass `assign=True` to assign items in the state dictionary to their corresponding key in the module instead of copying them in place?)
(WorkerDict pid=3637328)   module._load_from_state_dict(
(WorkerDict pid=3637328) /home/cxr/miniconda3/envs/vllm/lib/python3.11/site-packages/torch/nn/modules/module.py:2589: UserWarning: for base_model.model.model.layers.24.mlp.down_proj.lora_A.default.weight: copying from a non-meta parameter in the checkpoint to a meta parameter in the current model, which is a no-op. (Did you mean to pass `assign=True` to assign items in the state dictionary to their corresponding key in the module instead of copying them in place?)
(WorkerDict pid=3637328)   module._load_from_state_dict(
(WorkerDict pid=3637328) /home/cxr/miniconda3/envs/vllm/lib/python3.11/site-packages/torch/nn/modules/module.py:2589: UserWarning: for base_model.model.model.layers.24.mlp.down_proj.lora_B.default.weight: copying from a non-meta parameter in the checkpoint to a meta parameter in the current model, which is a no-op. (Did you mean to pass `assign=True` to assign items in the state dictionary to their corresponding key in the module instead of copying them in place?)
(WorkerDict pid=3637328)   module._load_from_state_dict(
(WorkerDict pid=3637328) /home/cxr/miniconda3/envs/vllm/lib/python3.11/site-packages/torch/nn/modules/module.py:2589: UserWarning: for base_model.model.model.layers.25.self_attn.q_proj.lora_A.default.weight: copying from a non-meta parameter in the checkpoint to a meta parameter in the current model, which is a no-op. (Did you mean to pass `assign=True` to assign items in the state dictionary to their corresponding key in the module instead of copying them in place?)
(WorkerDict pid=3637328)   module._load_from_state_dict(
(WorkerDict pid=3637328) /home/cxr/miniconda3/envs/vllm/lib/python3.11/site-packages/torch/nn/modules/module.py:2589: UserWarning: for base_model.model.model.layers.25.self_attn.q_proj.lora_B.default.weight: copying from a non-meta parameter in the checkpoint to a meta parameter in the current model, which is a no-op. (Did you mean to pass `assign=True` to assign items in the state dictionary to their corresponding key in the module instead of copying them in place?)
(WorkerDict pid=3637328)   module._load_from_state_dict(
(WorkerDict pid=3637328) /home/cxr/miniconda3/envs/vllm/lib/python3.11/site-packages/torch/nn/modules/module.py:2589: UserWarning: for base_model.model.model.layers.25.self_attn.k_proj.lora_A.default.weight: copying from a non-meta parameter in the checkpoint to a meta parameter in the current model, which is a no-op. (Did you mean to pass `assign=True` to assign items in the state dictionary to their corresponding key in the module instead of copying them in place?)
(WorkerDict pid=3637328)   module._load_from_state_dict(
(WorkerDict pid=3637328) /home/cxr/miniconda3/envs/vllm/lib/python3.11/site-packages/torch/nn/modules/module.py:2589: UserWarning: for base_model.model.model.layers.25.self_attn.k_proj.lora_B.default.weight: copying from a non-meta parameter in the checkpoint to a meta parameter in the current model, which is a no-op. (Did you mean to pass `assign=True` to assign items in the state dictionary to their corresponding key in the module instead of copying them in place?)
(WorkerDict pid=3637328)   module._load_from_state_dict(
(WorkerDict pid=3637328) /home/cxr/miniconda3/envs/vllm/lib/python3.11/site-packages/torch/nn/modules/module.py:2589: UserWarning: for base_model.model.model.layers.25.self_attn.v_proj.lora_A.default.weight: copying from a non-meta parameter in the checkpoint to a meta parameter in the current model, which is a no-op. (Did you mean to pass `assign=True` to assign items in the state dictionary to their corresponding key in the module instead of copying them in place?)
(WorkerDict pid=3637328)   module._load_from_state_dict(
(WorkerDict pid=3637328) /home/cxr/miniconda3/envs/vllm/lib/python3.11/site-packages/torch/nn/modules/module.py:2589: UserWarning: for base_model.model.model.layers.25.self_attn.v_proj.lora_B.default.weight: copying from a non-meta parameter in the checkpoint to a meta parameter in the current model, which is a no-op. (Did you mean to pass `assign=True` to assign items in the state dictionary to their corresponding key in the module instead of copying them in place?)
(WorkerDict pid=3637328)   module._load_from_state_dict(
(WorkerDict pid=3637328) /home/cxr/miniconda3/envs/vllm/lib/python3.11/site-packages/torch/nn/modules/module.py:2589: UserWarning: for base_model.model.model.layers.25.self_attn.o_proj.lora_A.default.weight: copying from a non-meta parameter in the checkpoint to a meta parameter in the current model, which is a no-op. (Did you mean to pass `assign=True` to assign items in the state dictionary to their corresponding key in the module instead of copying them in place?)
(WorkerDict pid=3637328)   module._load_from_state_dict(
(WorkerDict pid=3637328) /home/cxr/miniconda3/envs/vllm/lib/python3.11/site-packages/torch/nn/modules/module.py:2589: UserWarning: for base_model.model.model.layers.25.self_attn.o_proj.lora_B.default.weight: copying from a non-meta parameter in the checkpoint to a meta parameter in the current model, which is a no-op. (Did you mean to pass `assign=True` to assign items in the state dictionary to their corresponding key in the module instead of copying them in place?)
(WorkerDict pid=3637328)   module._load_from_state_dict(
(WorkerDict pid=3637328) /home/cxr/miniconda3/envs/vllm/lib/python3.11/site-packages/torch/nn/modules/module.py:2589: UserWarning: for base_model.model.model.layers.25.mlp.gate_proj.lora_A.default.weight: copying from a non-meta parameter in the checkpoint to a meta parameter in the current model, which is a no-op. (Did you mean to pass `assign=True` to assign items in the state dictionary to their corresponding key in the module instead of copying them in place?)
(WorkerDict pid=3637328)   module._load_from_state_dict(
(WorkerDict pid=3637328) /home/cxr/miniconda3/envs/vllm/lib/python3.11/site-packages/torch/nn/modules/module.py:2589: UserWarning: for base_model.model.model.layers.25.mlp.gate_proj.lora_B.default.weight: copying from a non-meta parameter in the checkpoint to a meta parameter in the current model, which is a no-op. (Did you mean to pass `assign=True` to assign items in the state dictionary to their corresponding key in the module instead of copying them in place?)
(WorkerDict pid=3637328)   module._load_from_state_dict(
(WorkerDict pid=3637328) /home/cxr/miniconda3/envs/vllm/lib/python3.11/site-packages/torch/nn/modules/module.py:2589: UserWarning: for base_model.model.model.layers.25.mlp.up_proj.lora_A.default.weight: copying from a non-meta parameter in the checkpoint to a meta parameter in the current model, which is a no-op. (Did you mean to pass `assign=True` to assign items in the state dictionary to their corresponding key in the module instead of copying them in place?)
(WorkerDict pid=3637328)   module._load_from_state_dict(
(WorkerDict pid=3637328) /home/cxr/miniconda3/envs/vllm/lib/python3.11/site-packages/torch/nn/modules/module.py:2589: UserWarning: for base_model.model.model.layers.25.mlp.up_proj.lora_B.default.weight: copying from a non-meta parameter in the checkpoint to a meta parameter in the current model, which is a no-op. (Did you mean to pass `assign=True` to assign items in the state dictionary to their corresponding key in the module instead of copying them in place?)
(WorkerDict pid=3637328)   module._load_from_state_dict(
(WorkerDict pid=3637328) /home/cxr/miniconda3/envs/vllm/lib/python3.11/site-packages/torch/nn/modules/module.py:2589: UserWarning: for base_model.model.model.layers.25.mlp.down_proj.lora_A.default.weight: copying from a non-meta parameter in the checkpoint to a meta parameter in the current model, which is a no-op. (Did you mean to pass `assign=True` to assign items in the state dictionary to their corresponding key in the module instead of copying them in place?)
(WorkerDict pid=3637328)   module._load_from_state_dict(
(WorkerDict pid=3637328) /home/cxr/miniconda3/envs/vllm/lib/python3.11/site-packages/torch/nn/modules/module.py:2589: UserWarning: for base_model.model.model.layers.25.mlp.down_proj.lora_B.default.weight: copying from a non-meta parameter in the checkpoint to a meta parameter in the current model, which is a no-op. (Did you mean to pass `assign=True` to assign items in the state dictionary to their corresponding key in the module instead of copying them in place?)
(WorkerDict pid=3637328)   module._load_from_state_dict(
(WorkerDict pid=3637328) /home/cxr/miniconda3/envs/vllm/lib/python3.11/site-packages/torch/nn/modules/module.py:2589: UserWarning: for base_model.model.model.layers.26.self_attn.q_proj.lora_A.default.weight: copying from a non-meta parameter in the checkpoint to a meta parameter in the current model, which is a no-op. (Did you mean to pass `assign=True` to assign items in the state dictionary to their corresponding key in the module instead of copying them in place?)
(WorkerDict pid=3637328)   module._load_from_state_dict(
(WorkerDict pid=3637328) /home/cxr/miniconda3/envs/vllm/lib/python3.11/site-packages/torch/nn/modules/module.py:2589: UserWarning: for base_model.model.model.layers.26.self_attn.q_proj.lora_B.default.weight: copying from a non-meta parameter in the checkpoint to a meta parameter in the current model, which is a no-op. (Did you mean to pass `assign=True` to assign items in the state dictionary to their corresponding key in the module instead of copying them in place?)
(WorkerDict pid=3637328)   module._load_from_state_dict(
(WorkerDict pid=3637328) /home/cxr/miniconda3/envs/vllm/lib/python3.11/site-packages/torch/nn/modules/module.py:2589: UserWarning: for base_model.model.model.layers.26.self_attn.k_proj.lora_A.default.weight: copying from a non-meta parameter in the checkpoint to a meta parameter in the current model, which is a no-op. (Did you mean to pass `assign=True` to assign items in the state dictionary to their corresponding key in the module instead of copying them in place?)
(WorkerDict pid=3637328)   module._load_from_state_dict(
(WorkerDict pid=3637328) /home/cxr/miniconda3/envs/vllm/lib/python3.11/site-packages/torch/nn/modules/module.py:2589: UserWarning: for base_model.model.model.layers.26.self_attn.k_proj.lora_B.default.weight: copying from a non-meta parameter in the checkpoint to a meta parameter in the current model, which is a no-op. (Did you mean to pass `assign=True` to assign items in the state dictionary to their corresponding key in the module instead of copying them in place?)
(WorkerDict pid=3637328)   module._load_from_state_dict(
(WorkerDict pid=3637328) /home/cxr/miniconda3/envs/vllm/lib/python3.11/site-packages/torch/nn/modules/module.py:2589: UserWarning: for base_model.model.model.layers.26.self_attn.v_proj.lora_A.default.weight: copying from a non-meta parameter in the checkpoint to a meta parameter in the current model, which is a no-op. (Did you mean to pass `assign=True` to assign items in the state dictionary to their corresponding key in the module instead of copying them in place?)
(WorkerDict pid=3637328)   module._load_from_state_dict(
(WorkerDict pid=3637328) /home/cxr/miniconda3/envs/vllm/lib/python3.11/site-packages/torch/nn/modules/module.py:2589: UserWarning: for base_model.model.model.layers.26.self_attn.v_proj.lora_B.default.weight: copying from a non-meta parameter in the checkpoint to a meta parameter in the current model, which is a no-op. (Did you mean to pass `assign=True` to assign items in the state dictionary to their corresponding key in the module instead of copying them in place?)
(WorkerDict pid=3637328)   module._load_from_state_dict(
(WorkerDict pid=3637328) /home/cxr/miniconda3/envs/vllm/lib/python3.11/site-packages/torch/nn/modules/module.py:2589: UserWarning: for base_model.model.model.layers.26.self_attn.o_proj.lora_A.default.weight: copying from a non-meta parameter in the checkpoint to a meta parameter in the current model, which is a no-op. (Did you mean to pass `assign=True` to assign items in the state dictionary to their corresponding key in the module instead of copying them in place?)
(WorkerDict pid=3637328)   module._load_from_state_dict(
(WorkerDict pid=3637328) /home/cxr/miniconda3/envs/vllm/lib/python3.11/site-packages/torch/nn/modules/module.py:2589: UserWarning: for base_model.model.model.layers.26.self_attn.o_proj.lora_B.default.weight: copying from a non-meta parameter in the checkpoint to a meta parameter in the current model, which is a no-op. (Did you mean to pass `assign=True` to assign items in the state dictionary to their corresponding key in the module instead of copying them in place?)
(WorkerDict pid=3637328)   module._load_from_state_dict(
(WorkerDict pid=3637328) /home/cxr/miniconda3/envs/vllm/lib/python3.11/site-packages/torch/nn/modules/module.py:2589: UserWarning: for base_model.model.model.layers.26.mlp.gate_proj.lora_A.default.weight: copying from a non-meta parameter in the checkpoint to a meta parameter in the current model, which is a no-op. (Did you mean to pass `assign=True` to assign items in the state dictionary to their corresponding key in the module instead of copying them in place?)
(WorkerDict pid=3637328)   module._load_from_state_dict(
(WorkerDict pid=3637328) /home/cxr/miniconda3/envs/vllm/lib/python3.11/site-packages/torch/nn/modules/module.py:2589: UserWarning: for base_model.model.model.layers.26.mlp.gate_proj.lora_B.default.weight: copying from a non-meta parameter in the checkpoint to a meta parameter in the current model, which is a no-op. (Did you mean to pass `assign=True` to assign items in the state dictionary to their corresponding key in the module instead of copying them in place?)
(WorkerDict pid=3637328)   module._load_from_state_dict(
(WorkerDict pid=3637328) /home/cxr/miniconda3/envs/vllm/lib/python3.11/site-packages/torch/nn/modules/module.py:2589: UserWarning: for base_model.model.model.layers.26.mlp.up_proj.lora_A.default.weight: copying from a non-meta parameter in the checkpoint to a meta parameter in the current model, which is a no-op. (Did you mean to pass `assign=True` to assign items in the state dictionary to their corresponding key in the module instead of copying them in place?)
(WorkerDict pid=3637328)   module._load_from_state_dict(
(WorkerDict pid=3637328) /home/cxr/miniconda3/envs/vllm/lib/python3.11/site-packages/torch/nn/modules/module.py:2589: UserWarning: for base_model.model.model.layers.26.mlp.up_proj.lora_B.default.weight: copying from a non-meta parameter in the checkpoint to a meta parameter in the current model, which is a no-op. (Did you mean to pass `assign=True` to assign items in the state dictionary to their corresponding key in the module instead of copying them in place?)
(WorkerDict pid=3637328)   module._load_from_state_dict(
(WorkerDict pid=3637328) /home/cxr/miniconda3/envs/vllm/lib/python3.11/site-packages/torch/nn/modules/module.py:2589: UserWarning: for base_model.model.model.layers.26.mlp.down_proj.lora_A.default.weight: copying from a non-meta parameter in the checkpoint to a meta parameter in the current model, which is a no-op. (Did you mean to pass `assign=True` to assign items in the state dictionary to their corresponding key in the module instead of copying them in place?)
(WorkerDict pid=3637328)   module._load_from_state_dict(
(WorkerDict pid=3637328) /home/cxr/miniconda3/envs/vllm/lib/python3.11/site-packages/torch/nn/modules/module.py:2589: UserWarning: for base_model.model.model.layers.26.mlp.down_proj.lora_B.default.weight: copying from a non-meta parameter in the checkpoint to a meta parameter in the current model, which is a no-op. (Did you mean to pass `assign=True` to assign items in the state dictionary to their corresponding key in the module instead of copying them in place?)
(WorkerDict pid=3637328)   module._load_from_state_dict(
(WorkerDict pid=3637328) /home/cxr/miniconda3/envs/vllm/lib/python3.11/site-packages/torch/nn/modules/module.py:2589: UserWarning: for base_model.model.model.layers.27.self_attn.q_proj.lora_A.default.weight: copying from a non-meta parameter in the checkpoint to a meta parameter in the current model, which is a no-op. (Did you mean to pass `assign=True` to assign items in the state dictionary to their corresponding key in the module instead of copying them in place?)
(WorkerDict pid=3637328)   module._load_from_state_dict(
(WorkerDict pid=3637328) /home/cxr/miniconda3/envs/vllm/lib/python3.11/site-packages/torch/nn/modules/module.py:2589: UserWarning: for base_model.model.model.layers.27.self_attn.q_proj.lora_B.default.weight: copying from a non-meta parameter in the checkpoint to a meta parameter in the current model, which is a no-op. (Did you mean to pass `assign=True` to assign items in the state dictionary to their corresponding key in the module instead of copying them in place?)
(WorkerDict pid=3637328)   module._load_from_state_dict(
(WorkerDict pid=3637328) /home/cxr/miniconda3/envs/vllm/lib/python3.11/site-packages/torch/nn/modules/module.py:2589: UserWarning: for base_model.model.model.layers.27.self_attn.k_proj.lora_A.default.weight: copying from a non-meta parameter in the checkpoint to a meta parameter in the current model, which is a no-op. (Did you mean to pass `assign=True` to assign items in the state dictionary to their corresponding key in the module instead of copying them in place?)
(WorkerDict pid=3637328)   module._load_from_state_dict(
(WorkerDict pid=3637328) /home/cxr/miniconda3/envs/vllm/lib/python3.11/site-packages/torch/nn/modules/module.py:2589: UserWarning: for base_model.model.model.layers.27.self_attn.k_proj.lora_B.default.weight: copying from a non-meta parameter in the checkpoint to a meta parameter in the current model, which is a no-op. (Did you mean to pass `assign=True` to assign items in the state dictionary to their corresponding key in the module instead of copying them in place?)
(WorkerDict pid=3637328)   module._load_from_state_dict(
(WorkerDict pid=3637328) /home/cxr/miniconda3/envs/vllm/lib/python3.11/site-packages/torch/nn/modules/module.py:2589: UserWarning: for base_model.model.model.layers.27.self_attn.v_proj.lora_A.default.weight: copying from a non-meta parameter in the checkpoint to a meta parameter in the current model, which is a no-op. (Did you mean to pass `assign=True` to assign items in the state dictionary to their corresponding key in the module instead of copying them in place?)
(WorkerDict pid=3637328)   module._load_from_state_dict(
(WorkerDict pid=3637328) /home/cxr/miniconda3/envs/vllm/lib/python3.11/site-packages/torch/nn/modules/module.py:2589: UserWarning: for base_model.model.model.layers.27.self_attn.v_proj.lora_B.default.weight: copying from a non-meta parameter in the checkpoint to a meta parameter in the current model, which is a no-op. (Did you mean to pass `assign=True` to assign items in the state dictionary to their corresponding key in the module instead of copying them in place?)
(WorkerDict pid=3637328)   module._load_from_state_dict(
(WorkerDict pid=3637328) /home/cxr/miniconda3/envs/vllm/lib/python3.11/site-packages/torch/nn/modules/module.py:2589: UserWarning: for base_model.model.model.layers.27.self_attn.o_proj.lora_A.default.weight: copying from a non-meta parameter in the checkpoint to a meta parameter in the current model, which is a no-op. (Did you mean to pass `assign=True` to assign items in the state dictionary to their corresponding key in the module instead of copying them in place?)
(WorkerDict pid=3637328)   module._load_from_state_dict(
(WorkerDict pid=3637328) /home/cxr/miniconda3/envs/vllm/lib/python3.11/site-packages/torch/nn/modules/module.py:2589: UserWarning: for base_model.model.model.layers.27.self_attn.o_proj.lora_B.default.weight: copying from a non-meta parameter in the checkpoint to a meta parameter in the current model, which is a no-op. (Did you mean to pass `assign=True` to assign items in the state dictionary to their corresponding key in the module instead of copying them in place?)
(WorkerDict pid=3637328)   module._load_from_state_dict(
(WorkerDict pid=3637328) /home/cxr/miniconda3/envs/vllm/lib/python3.11/site-packages/torch/nn/modules/module.py:2589: UserWarning: for base_model.model.model.layers.27.mlp.gate_proj.lora_A.default.weight: copying from a non-meta parameter in the checkpoint to a meta parameter in the current model, which is a no-op. (Did you mean to pass `assign=True` to assign items in the state dictionary to their corresponding key in the module instead of copying them in place?)
(WorkerDict pid=3637328)   module._load_from_state_dict(
(WorkerDict pid=3637328) /home/cxr/miniconda3/envs/vllm/lib/python3.11/site-packages/torch/nn/modules/module.py:2589: UserWarning: for base_model.model.model.layers.27.mlp.gate_proj.lora_B.default.weight: copying from a non-meta parameter in the checkpoint to a meta parameter in the current model, which is a no-op. (Did you mean to pass `assign=True` to assign items in the state dictionary to their corresponding key in the module instead of copying them in place?)
(WorkerDict pid=3637328)   module._load_from_state_dict(
(WorkerDict pid=3637328) /home/cxr/miniconda3/envs/vllm/lib/python3.11/site-packages/torch/nn/modules/module.py:2589: UserWarning: for base_model.model.model.layers.27.mlp.up_proj.lora_A.default.weight: copying from a non-meta parameter in the checkpoint to a meta parameter in the current model, which is a no-op. (Did you mean to pass `assign=True` to assign items in the state dictionary to their corresponding key in the module instead of copying them in place?)
(WorkerDict pid=3637328)   module._load_from_state_dict(
(WorkerDict pid=3637328) /home/cxr/miniconda3/envs/vllm/lib/python3.11/site-packages/torch/nn/modules/module.py:2589: UserWarning: for base_model.model.model.layers.27.mlp.up_proj.lora_B.default.weight: copying from a non-meta parameter in the checkpoint to a meta parameter in the current model, which is a no-op. (Did you mean to pass `assign=True` to assign items in the state dictionary to their corresponding key in the module instead of copying them in place?)
(WorkerDict pid=3637328)   module._load_from_state_dict(
(WorkerDict pid=3637328) /home/cxr/miniconda3/envs/vllm/lib/python3.11/site-packages/torch/nn/modules/module.py:2589: UserWarning: for base_model.model.model.layers.27.mlp.down_proj.lora_A.default.weight: copying from a non-meta parameter in the checkpoint to a meta parameter in the current model, which is a no-op. (Did you mean to pass `assign=True` to assign items in the state dictionary to their corresponding key in the module instead of copying them in place?)
(WorkerDict pid=3637328)   module._load_from_state_dict(
(WorkerDict pid=3637328) /home/cxr/miniconda3/envs/vllm/lib/python3.11/site-packages/torch/nn/modules/module.py:2589: UserWarning: for base_model.model.model.layers.27.mlp.down_proj.lora_B.default.weight: copying from a non-meta parameter in the checkpoint to a meta parameter in the current model, which is a no-op. (Did you mean to pass `assign=True` to assign items in the state dictionary to their corresponding key in the module instead of copying them in place?)
(WorkerDict pid=3637328)   module._load_from_state_dict(
(WorkerDict pid=3637328) /home/cxr/miniconda3/envs/vllm/lib/python3.11/site-packages/torch/nn/modules/module.py:2589: UserWarning: for base_model.model.model.layers.28.self_attn.q_proj.lora_A.default.weight: copying from a non-meta parameter in the checkpoint to a meta parameter in the current model, which is a no-op. (Did you mean to pass `assign=True` to assign items in the state dictionary to their corresponding key in the module instead of copying them in place?)
(WorkerDict pid=3637328)   module._load_from_state_dict(
(WorkerDict pid=3637328) /home/cxr/miniconda3/envs/vllm/lib/python3.11/site-packages/torch/nn/modules/module.py:2589: UserWarning: for base_model.model.model.layers.28.self_attn.q_proj.lora_B.default.weight: copying from a non-meta parameter in the checkpoint to a meta parameter in the current model, which is a no-op. (Did you mean to pass `assign=True` to assign items in the state dictionary to their corresponding key in the module instead of copying them in place?)
(WorkerDict pid=3637328)   module._load_from_state_dict(
(WorkerDict pid=3637328) /home/cxr/miniconda3/envs/vllm/lib/python3.11/site-packages/torch/nn/modules/module.py:2589: UserWarning: for base_model.model.model.layers.28.self_attn.k_proj.lora_A.default.weight: copying from a non-meta parameter in the checkpoint to a meta parameter in the current model, which is a no-op. (Did you mean to pass `assign=True` to assign items in the state dictionary to their corresponding key in the module instead of copying them in place?)
(WorkerDict pid=3637328)   module._load_from_state_dict(
(WorkerDict pid=3637328) /home/cxr/miniconda3/envs/vllm/lib/python3.11/site-packages/torch/nn/modules/module.py:2589: UserWarning: for base_model.model.model.layers.28.self_attn.k_proj.lora_B.default.weight: copying from a non-meta parameter in the checkpoint to a meta parameter in the current model, which is a no-op. (Did you mean to pass `assign=True` to assign items in the state dictionary to their corresponding key in the module instead of copying them in place?)
(WorkerDict pid=3637328)   module._load_from_state_dict(
(WorkerDict pid=3637328) /home/cxr/miniconda3/envs/vllm/lib/python3.11/site-packages/torch/nn/modules/module.py:2589: UserWarning: for base_model.model.model.layers.28.self_attn.v_proj.lora_A.default.weight: copying from a non-meta parameter in the checkpoint to a meta parameter in the current model, which is a no-op. (Did you mean to pass `assign=True` to assign items in the state dictionary to their corresponding key in the module instead of copying them in place?)
(WorkerDict pid=3637328)   module._load_from_state_dict(
(WorkerDict pid=3637328) /home/cxr/miniconda3/envs/vllm/lib/python3.11/site-packages/torch/nn/modules/module.py:2589: UserWarning: for base_model.model.model.layers.28.self_attn.v_proj.lora_B.default.weight: copying from a non-meta parameter in the checkpoint to a meta parameter in the current model, which is a no-op. (Did you mean to pass `assign=True` to assign items in the state dictionary to their corresponding key in the module instead of copying them in place?)
(WorkerDict pid=3637328)   module._load_from_state_dict(
(WorkerDict pid=3637328) /home/cxr/miniconda3/envs/vllm/lib/python3.11/site-packages/torch/nn/modules/module.py:2589: UserWarning: for base_model.model.model.layers.28.self_attn.o_proj.lora_A.default.weight: copying from a non-meta parameter in the checkpoint to a meta parameter in the current model, which is a no-op. (Did you mean to pass `assign=True` to assign items in the state dictionary to their corresponding key in the module instead of copying them in place?)
(WorkerDict pid=3637328)   module._load_from_state_dict(
(WorkerDict pid=3637328) /home/cxr/miniconda3/envs/vllm/lib/python3.11/site-packages/torch/nn/modules/module.py:2589: UserWarning: for base_model.model.model.layers.28.self_attn.o_proj.lora_B.default.weight: copying from a non-meta parameter in the checkpoint to a meta parameter in the current model, which is a no-op. (Did you mean to pass `assign=True` to assign items in the state dictionary to their corresponding key in the module instead of copying them in place?)
(WorkerDict pid=3637328)   module._load_from_state_dict(
(WorkerDict pid=3637328) /home/cxr/miniconda3/envs/vllm/lib/python3.11/site-packages/torch/nn/modules/module.py:2589: UserWarning: for base_model.model.model.layers.28.mlp.gate_proj.lora_A.default.weight: copying from a non-meta parameter in the checkpoint to a meta parameter in the current model, which is a no-op. (Did you mean to pass `assign=True` to assign items in the state dictionary to their corresponding key in the module instead of copying them in place?)
(WorkerDict pid=3637328)   module._load_from_state_dict(
(WorkerDict pid=3637328) /home/cxr/miniconda3/envs/vllm/lib/python3.11/site-packages/torch/nn/modules/module.py:2589: UserWarning: for base_model.model.model.layers.28.mlp.gate_proj.lora_B.default.weight: copying from a non-meta parameter in the checkpoint to a meta parameter in the current model, which is a no-op. (Did you mean to pass `assign=True` to assign items in the state dictionary to their corresponding key in the module instead of copying them in place?)
(WorkerDict pid=3637328)   module._load_from_state_dict(
(WorkerDict pid=3637328) /home/cxr/miniconda3/envs/vllm/lib/python3.11/site-packages/torch/nn/modules/module.py:2589: UserWarning: for base_model.model.model.layers.28.mlp.up_proj.lora_A.default.weight: copying from a non-meta parameter in the checkpoint to a meta parameter in the current model, which is a no-op. (Did you mean to pass `assign=True` to assign items in the state dictionary to their corresponding key in the module instead of copying them in place?)
(WorkerDict pid=3637328)   module._load_from_state_dict(
(WorkerDict pid=3637328) /home/cxr/miniconda3/envs/vllm/lib/python3.11/site-packages/torch/nn/modules/module.py:2589: UserWarning: for base_model.model.model.layers.28.mlp.up_proj.lora_B.default.weight: copying from a non-meta parameter in the checkpoint to a meta parameter in the current model, which is a no-op. (Did you mean to pass `assign=True` to assign items in the state dictionary to their corresponding key in the module instead of copying them in place?)
(WorkerDict pid=3637328)   module._load_from_state_dict(
(WorkerDict pid=3637328) /home/cxr/miniconda3/envs/vllm/lib/python3.11/site-packages/torch/nn/modules/module.py:2589: UserWarning: for base_model.model.model.layers.28.mlp.down_proj.lora_A.default.weight: copying from a non-meta parameter in the checkpoint to a meta parameter in the current model, which is a no-op. (Did you mean to pass `assign=True` to assign items in the state dictionary to their corresponding key in the module instead of copying them in place?)
(WorkerDict pid=3637328)   module._load_from_state_dict(
(WorkerDict pid=3637328) /home/cxr/miniconda3/envs/vllm/lib/python3.11/site-packages/torch/nn/modules/module.py:2589: UserWarning: for base_model.model.model.layers.28.mlp.down_proj.lora_B.default.weight: copying from a non-meta parameter in the checkpoint to a meta parameter in the current model, which is a no-op. (Did you mean to pass `assign=True` to assign items in the state dictionary to their corresponding key in the module instead of copying them in place?)
(WorkerDict pid=3637328)   module._load_from_state_dict(
(WorkerDict pid=3637328) /home/cxr/miniconda3/envs/vllm/lib/python3.11/site-packages/torch/nn/modules/module.py:2589: UserWarning: for base_model.model.model.layers.29.self_attn.q_proj.lora_A.default.weight: copying from a non-meta parameter in the checkpoint to a meta parameter in the current model, which is a no-op. (Did you mean to pass `assign=True` to assign items in the state dictionary to their corresponding key in the module instead of copying them in place?)
(WorkerDict pid=3637328)   module._load_from_state_dict(
(WorkerDict pid=3637328) /home/cxr/miniconda3/envs/vllm/lib/python3.11/site-packages/torch/nn/modules/module.py:2589: UserWarning: for base_model.model.model.layers.29.self_attn.q_proj.lora_B.default.weight: copying from a non-meta parameter in the checkpoint to a meta parameter in the current model, which is a no-op. (Did you mean to pass `assign=True` to assign items in the state dictionary to their corresponding key in the module instead of copying them in place?)
(WorkerDict pid=3637328)   module._load_from_state_dict(
(WorkerDict pid=3637328) /home/cxr/miniconda3/envs/vllm/lib/python3.11/site-packages/torch/nn/modules/module.py:2589: UserWarning: for base_model.model.model.layers.29.self_attn.k_proj.lora_A.default.weight: copying from a non-meta parameter in the checkpoint to a meta parameter in the current model, which is a no-op. (Did you mean to pass `assign=True` to assign items in the state dictionary to their corresponding key in the module instead of copying them in place?)
(WorkerDict pid=3637328)   module._load_from_state_dict(
(WorkerDict pid=3637328) /home/cxr/miniconda3/envs/vllm/lib/python3.11/site-packages/torch/nn/modules/module.py:2589: UserWarning: for base_model.model.model.layers.29.self_attn.k_proj.lora_B.default.weight: copying from a non-meta parameter in the checkpoint to a meta parameter in the current model, which is a no-op. (Did you mean to pass `assign=True` to assign items in the state dictionary to their corresponding key in the module instead of copying them in place?)
(WorkerDict pid=3637328)   module._load_from_state_dict(
(WorkerDict pid=3637328) /home/cxr/miniconda3/envs/vllm/lib/python3.11/site-packages/torch/nn/modules/module.py:2589: UserWarning: for base_model.model.model.layers.29.self_attn.v_proj.lora_A.default.weight: copying from a non-meta parameter in the checkpoint to a meta parameter in the current model, which is a no-op. (Did you mean to pass `assign=True` to assign items in the state dictionary to their corresponding key in the module instead of copying them in place?)
(WorkerDict pid=3637328)   module._load_from_state_dict(
(WorkerDict pid=3637328) /home/cxr/miniconda3/envs/vllm/lib/python3.11/site-packages/torch/nn/modules/module.py:2589: UserWarning: for base_model.model.model.layers.29.self_attn.v_proj.lora_B.default.weight: copying from a non-meta parameter in the checkpoint to a meta parameter in the current model, which is a no-op. (Did you mean to pass `assign=True` to assign items in the state dictionary to their corresponding key in the module instead of copying them in place?)
(WorkerDict pid=3637328)   module._load_from_state_dict(
(WorkerDict pid=3637328) /home/cxr/miniconda3/envs/vllm/lib/python3.11/site-packages/torch/nn/modules/module.py:2589: UserWarning: for base_model.model.model.layers.29.self_attn.o_proj.lora_A.default.weight: copying from a non-meta parameter in the checkpoint to a meta parameter in the current model, which is a no-op. (Did you mean to pass `assign=True` to assign items in the state dictionary to their corresponding key in the module instead of copying them in place?)
(WorkerDict pid=3637328)   module._load_from_state_dict(
(WorkerDict pid=3637328) /home/cxr/miniconda3/envs/vllm/lib/python3.11/site-packages/torch/nn/modules/module.py:2589: UserWarning: for base_model.model.model.layers.29.self_attn.o_proj.lora_B.default.weight: copying from a non-meta parameter in the checkpoint to a meta parameter in the current model, which is a no-op. (Did you mean to pass `assign=True` to assign items in the state dictionary to their corresponding key in the module instead of copying them in place?)
(WorkerDict pid=3637328)   module._load_from_state_dict(
(WorkerDict pid=3637328) /home/cxr/miniconda3/envs/vllm/lib/python3.11/site-packages/torch/nn/modules/module.py:2589: UserWarning: for base_model.model.model.layers.29.mlp.gate_proj.lora_A.default.weight: copying from a non-meta parameter in the checkpoint to a meta parameter in the current model, which is a no-op. (Did you mean to pass `assign=True` to assign items in the state dictionary to their corresponding key in the module instead of copying them in place?)
(WorkerDict pid=3637328)   module._load_from_state_dict(
(WorkerDict pid=3637328) /home/cxr/miniconda3/envs/vllm/lib/python3.11/site-packages/torch/nn/modules/module.py:2589: UserWarning: for base_model.model.model.layers.29.mlp.gate_proj.lora_B.default.weight: copying from a non-meta parameter in the checkpoint to a meta parameter in the current model, which is a no-op. (Did you mean to pass `assign=True` to assign items in the state dictionary to their corresponding key in the module instead of copying them in place?)
(WorkerDict pid=3637328)   module._load_from_state_dict(
(WorkerDict pid=3637328) /home/cxr/miniconda3/envs/vllm/lib/python3.11/site-packages/torch/nn/modules/module.py:2589: UserWarning: for base_model.model.model.layers.29.mlp.up_proj.lora_A.default.weight: copying from a non-meta parameter in the checkpoint to a meta parameter in the current model, which is a no-op. (Did you mean to pass `assign=True` to assign items in the state dictionary to their corresponding key in the module instead of copying them in place?)
(WorkerDict pid=3637328)   module._load_from_state_dict(
(WorkerDict pid=3637328) /home/cxr/miniconda3/envs/vllm/lib/python3.11/site-packages/torch/nn/modules/module.py:2589: UserWarning: for base_model.model.model.layers.29.mlp.up_proj.lora_B.default.weight: copying from a non-meta parameter in the checkpoint to a meta parameter in the current model, which is a no-op. (Did you mean to pass `assign=True` to assign items in the state dictionary to their corresponding key in the module instead of copying them in place?)
(WorkerDict pid=3637328)   module._load_from_state_dict(
(WorkerDict pid=3637328) /home/cxr/miniconda3/envs/vllm/lib/python3.11/site-packages/torch/nn/modules/module.py:2589: UserWarning: for base_model.model.model.layers.29.mlp.down_proj.lora_A.default.weight: copying from a non-meta parameter in the checkpoint to a meta parameter in the current model, which is a no-op. (Did you mean to pass `assign=True` to assign items in the state dictionary to their corresponding key in the module instead of copying them in place?)
(WorkerDict pid=3637328)   module._load_from_state_dict(
(WorkerDict pid=3637328) /home/cxr/miniconda3/envs/vllm/lib/python3.11/site-packages/torch/nn/modules/module.py:2589: UserWarning: for base_model.model.model.layers.29.mlp.down_proj.lora_B.default.weight: copying from a non-meta parameter in the checkpoint to a meta parameter in the current model, which is a no-op. (Did you mean to pass `assign=True` to assign items in the state dictionary to their corresponding key in the module instead of copying them in place?)
(WorkerDict pid=3637328)   module._load_from_state_dict(
(WorkerDict pid=3637328) /home/cxr/miniconda3/envs/vllm/lib/python3.11/site-packages/torch/nn/modules/module.py:2589: UserWarning: for base_model.model.model.layers.30.self_attn.q_proj.lora_A.default.weight: copying from a non-meta parameter in the checkpoint to a meta parameter in the current model, which is a no-op. (Did you mean to pass `assign=True` to assign items in the state dictionary to their corresponding key in the module instead of copying them in place?)
(WorkerDict pid=3637328)   module._load_from_state_dict(
(WorkerDict pid=3637328) /home/cxr/miniconda3/envs/vllm/lib/python3.11/site-packages/torch/nn/modules/module.py:2589: UserWarning: for base_model.model.model.layers.30.self_attn.q_proj.lora_B.default.weight: copying from a non-meta parameter in the checkpoint to a meta parameter in the current model, which is a no-op. (Did you mean to pass `assign=True` to assign items in the state dictionary to their corresponding key in the module instead of copying them in place?)
(WorkerDict pid=3637328)   module._load_from_state_dict(
(WorkerDict pid=3637328) /home/cxr/miniconda3/envs/vllm/lib/python3.11/site-packages/torch/nn/modules/module.py:2589: UserWarning: for base_model.model.model.layers.30.self_attn.k_proj.lora_A.default.weight: copying from a non-meta parameter in the checkpoint to a meta parameter in the current model, which is a no-op. (Did you mean to pass `assign=True` to assign items in the state dictionary to their corresponding key in the module instead of copying them in place?)
(WorkerDict pid=3637328)   module._load_from_state_dict(
(WorkerDict pid=3637328) /home/cxr/miniconda3/envs/vllm/lib/python3.11/site-packages/torch/nn/modules/module.py:2589: UserWarning: for base_model.model.model.layers.30.self_attn.k_proj.lora_B.default.weight: copying from a non-meta parameter in the checkpoint to a meta parameter in the current model, which is a no-op. (Did you mean to pass `assign=True` to assign items in the state dictionary to their corresponding key in the module instead of copying them in place?)
(WorkerDict pid=3637328)   module._load_from_state_dict(
(WorkerDict pid=3637328) /home/cxr/miniconda3/envs/vllm/lib/python3.11/site-packages/torch/nn/modules/module.py:2589: UserWarning: for base_model.model.model.layers.30.self_attn.v_proj.lora_A.default.weight: copying from a non-meta parameter in the checkpoint to a meta parameter in the current model, which is a no-op. (Did you mean to pass `assign=True` to assign items in the state dictionary to their corresponding key in the module instead of copying them in place?)
(WorkerDict pid=3637328)   module._load_from_state_dict(
(WorkerDict pid=3637328) /home/cxr/miniconda3/envs/vllm/lib/python3.11/site-packages/torch/nn/modules/module.py:2589: UserWarning: for base_model.model.model.layers.30.self_attn.v_proj.lora_B.default.weight: copying from a non-meta parameter in the checkpoint to a meta parameter in the current model, which is a no-op. (Did you mean to pass `assign=True` to assign items in the state dictionary to their corresponding key in the module instead of copying them in place?)
(WorkerDict pid=3637328)   module._load_from_state_dict(
(WorkerDict pid=3637328) /home/cxr/miniconda3/envs/vllm/lib/python3.11/site-packages/torch/nn/modules/module.py:2589: UserWarning: for base_model.model.model.layers.30.self_attn.o_proj.lora_A.default.weight: copying from a non-meta parameter in the checkpoint to a meta parameter in the current model, which is a no-op. (Did you mean to pass `assign=True` to assign items in the state dictionary to their corresponding key in the module instead of copying them in place?)
(WorkerDict pid=3637328)   module._load_from_state_dict(
(WorkerDict pid=3637328) /home/cxr/miniconda3/envs/vllm/lib/python3.11/site-packages/torch/nn/modules/module.py:2589: UserWarning: for base_model.model.model.layers.30.self_attn.o_proj.lora_B.default.weight: copying from a non-meta parameter in the checkpoint to a meta parameter in the current model, which is a no-op. (Did you mean to pass `assign=True` to assign items in the state dictionary to their corresponding key in the module instead of copying them in place?)
(WorkerDict pid=3637328)   module._load_from_state_dict(
(WorkerDict pid=3637328) /home/cxr/miniconda3/envs/vllm/lib/python3.11/site-packages/torch/nn/modules/module.py:2589: UserWarning: for base_model.model.model.layers.30.mlp.gate_proj.lora_A.default.weight: copying from a non-meta parameter in the checkpoint to a meta parameter in the current model, which is a no-op. (Did you mean to pass `assign=True` to assign items in the state dictionary to their corresponding key in the module instead of copying them in place?)
(WorkerDict pid=3637328)   module._load_from_state_dict(
(WorkerDict pid=3637328) /home/cxr/miniconda3/envs/vllm/lib/python3.11/site-packages/torch/nn/modules/module.py:2589: UserWarning: for base_model.model.model.layers.30.mlp.gate_proj.lora_B.default.weight: copying from a non-meta parameter in the checkpoint to a meta parameter in the current model, which is a no-op. (Did you mean to pass `assign=True` to assign items in the state dictionary to their corresponding key in the module instead of copying them in place?)
(WorkerDict pid=3637328)   module._load_from_state_dict(
(WorkerDict pid=3637328) /home/cxr/miniconda3/envs/vllm/lib/python3.11/site-packages/torch/nn/modules/module.py:2589: UserWarning: for base_model.model.model.layers.30.mlp.up_proj.lora_A.default.weight: copying from a non-meta parameter in the checkpoint to a meta parameter in the current model, which is a no-op. (Did you mean to pass `assign=True` to assign items in the state dictionary to their corresponding key in the module instead of copying them in place?)
(WorkerDict pid=3637328)   module._load_from_state_dict(
(WorkerDict pid=3637328) /home/cxr/miniconda3/envs/vllm/lib/python3.11/site-packages/torch/nn/modules/module.py:2589: UserWarning: for base_model.model.model.layers.30.mlp.up_proj.lora_B.default.weight: copying from a non-meta parameter in the checkpoint to a meta parameter in the current model, which is a no-op. (Did you mean to pass `assign=True` to assign items in the state dictionary to their corresponding key in the module instead of copying them in place?)
(WorkerDict pid=3637328)   module._load_from_state_dict(
(WorkerDict pid=3637328) /home/cxr/miniconda3/envs/vllm/lib/python3.11/site-packages/torch/nn/modules/module.py:2589: UserWarning: for base_model.model.model.layers.30.mlp.down_proj.lora_A.default.weight: copying from a non-meta parameter in the checkpoint to a meta parameter in the current model, which is a no-op. (Did you mean to pass `assign=True` to assign items in the state dictionary to their corresponding key in the module instead of copying them in place?)
(WorkerDict pid=3637328)   module._load_from_state_dict(
(WorkerDict pid=3637328) /home/cxr/miniconda3/envs/vllm/lib/python3.11/site-packages/torch/nn/modules/module.py:2589: UserWarning: for base_model.model.model.layers.30.mlp.down_proj.lora_B.default.weight: copying from a non-meta parameter in the checkpoint to a meta parameter in the current model, which is a no-op. (Did you mean to pass `assign=True` to assign items in the state dictionary to their corresponding key in the module instead of copying them in place?)
(WorkerDict pid=3637328)   module._load_from_state_dict(
(WorkerDict pid=3637328) /home/cxr/miniconda3/envs/vllm/lib/python3.11/site-packages/torch/nn/modules/module.py:2589: UserWarning: for base_model.model.model.layers.31.self_attn.q_proj.lora_A.default.weight: copying from a non-meta parameter in the checkpoint to a meta parameter in the current model, which is a no-op. (Did you mean to pass `assign=True` to assign items in the state dictionary to their corresponding key in the module instead of copying them in place?)
(WorkerDict pid=3637328)   module._load_from_state_dict(
(WorkerDict pid=3637328) /home/cxr/miniconda3/envs/vllm/lib/python3.11/site-packages/torch/nn/modules/module.py:2589: UserWarning: for base_model.model.model.layers.31.self_attn.q_proj.lora_B.default.weight: copying from a non-meta parameter in the checkpoint to a meta parameter in the current model, which is a no-op. (Did you mean to pass `assign=True` to assign items in the state dictionary to their corresponding key in the module instead of copying them in place?)
(WorkerDict pid=3637328)   module._load_from_state_dict(
(WorkerDict pid=3637328) /home/cxr/miniconda3/envs/vllm/lib/python3.11/site-packages/torch/nn/modules/module.py:2589: UserWarning: for base_model.model.model.layers.31.self_attn.k_proj.lora_A.default.weight: copying from a non-meta parameter in the checkpoint to a meta parameter in the current model, which is a no-op. (Did you mean to pass `assign=True` to assign items in the state dictionary to their corresponding key in the module instead of copying them in place?)
(WorkerDict pid=3637328)   module._load_from_state_dict(
(WorkerDict pid=3637328) /home/cxr/miniconda3/envs/vllm/lib/python3.11/site-packages/torch/nn/modules/module.py:2589: UserWarning: for base_model.model.model.layers.31.self_attn.k_proj.lora_B.default.weight: copying from a non-meta parameter in the checkpoint to a meta parameter in the current model, which is a no-op. (Did you mean to pass `assign=True` to assign items in the state dictionary to their corresponding key in the module instead of copying them in place?)
(WorkerDict pid=3637328)   module._load_from_state_dict(
(WorkerDict pid=3637328) /home/cxr/miniconda3/envs/vllm/lib/python3.11/site-packages/torch/nn/modules/module.py:2589: UserWarning: for base_model.model.model.layers.31.self_attn.v_proj.lora_A.default.weight: copying from a non-meta parameter in the checkpoint to a meta parameter in the current model, which is a no-op. (Did you mean to pass `assign=True` to assign items in the state dictionary to their corresponding key in the module instead of copying them in place?)
(WorkerDict pid=3637328)   module._load_from_state_dict(
(WorkerDict pid=3637328) /home/cxr/miniconda3/envs/vllm/lib/python3.11/site-packages/torch/nn/modules/module.py:2589: UserWarning: for base_model.model.model.layers.31.self_attn.v_proj.lora_B.default.weight: copying from a non-meta parameter in the checkpoint to a meta parameter in the current model, which is a no-op. (Did you mean to pass `assign=True` to assign items in the state dictionary to their corresponding key in the module instead of copying them in place?)
(WorkerDict pid=3637328)   module._load_from_state_dict(
(WorkerDict pid=3637328) /home/cxr/miniconda3/envs/vllm/lib/python3.11/site-packages/torch/nn/modules/module.py:2589: UserWarning: for base_model.model.model.layers.31.self_attn.o_proj.lora_A.default.weight: copying from a non-meta parameter in the checkpoint to a meta parameter in the current model, which is a no-op. (Did you mean to pass `assign=True` to assign items in the state dictionary to their corresponding key in the module instead of copying them in place?)
(WorkerDict pid=3637328)   module._load_from_state_dict(
(WorkerDict pid=3637328) /home/cxr/miniconda3/envs/vllm/lib/python3.11/site-packages/torch/nn/modules/module.py:2589: UserWarning: for base_model.model.model.layers.31.self_attn.o_proj.lora_B.default.weight: copying from a non-meta parameter in the checkpoint to a meta parameter in the current model, which is a no-op. (Did you mean to pass `assign=True` to assign items in the state dictionary to their corresponding key in the module instead of copying them in place?)
(WorkerDict pid=3637328)   module._load_from_state_dict(
(WorkerDict pid=3637328) /home/cxr/miniconda3/envs/vllm/lib/python3.11/site-packages/torch/nn/modules/module.py:2589: UserWarning: for base_model.model.model.layers.31.mlp.gate_proj.lora_A.default.weight: copying from a non-meta parameter in the checkpoint to a meta parameter in the current model, which is a no-op. (Did you mean to pass `assign=True` to assign items in the state dictionary to their corresponding key in the module instead of copying them in place?)
(WorkerDict pid=3637328)   module._load_from_state_dict(
(WorkerDict pid=3637328) /home/cxr/miniconda3/envs/vllm/lib/python3.11/site-packages/torch/nn/modules/module.py:2589: UserWarning: for base_model.model.model.layers.31.mlp.gate_proj.lora_B.default.weight: copying from a non-meta parameter in the checkpoint to a meta parameter in the current model, which is a no-op. (Did you mean to pass `assign=True` to assign items in the state dictionary to their corresponding key in the module instead of copying them in place?)
(WorkerDict pid=3637328)   module._load_from_state_dict(
(WorkerDict pid=3637328) /home/cxr/miniconda3/envs/vllm/lib/python3.11/site-packages/torch/nn/modules/module.py:2589: UserWarning: for base_model.model.model.layers.31.mlp.up_proj.lora_A.default.weight: copying from a non-meta parameter in the checkpoint to a meta parameter in the current model, which is a no-op. (Did you mean to pass `assign=True` to assign items in the state dictionary to their corresponding key in the module instead of copying them in place?)
(WorkerDict pid=3637328)   module._load_from_state_dict(
(WorkerDict pid=3637328) /home/cxr/miniconda3/envs/vllm/lib/python3.11/site-packages/torch/nn/modules/module.py:2589: UserWarning: for base_model.model.model.layers.31.mlp.up_proj.lora_B.default.weight: copying from a non-meta parameter in the checkpoint to a meta parameter in the current model, which is a no-op. (Did you mean to pass `assign=True` to assign items in the state dictionary to their corresponding key in the module instead of copying them in place?)
(WorkerDict pid=3637328)   module._load_from_state_dict(
(WorkerDict pid=3637328) /home/cxr/miniconda3/envs/vllm/lib/python3.11/site-packages/torch/nn/modules/module.py:2589: UserWarning: for base_model.model.model.layers.31.mlp.down_proj.lora_A.default.weight: copying from a non-meta parameter in the checkpoint to a meta parameter in the current model, which is a no-op. (Did you mean to pass `assign=True` to assign items in the state dictionary to their corresponding key in the module instead of copying them in place?)
(WorkerDict pid=3637328)   module._load_from_state_dict(
(WorkerDict pid=3637328) /home/cxr/miniconda3/envs/vllm/lib/python3.11/site-packages/torch/nn/modules/module.py:2589: UserWarning: for base_model.model.model.layers.31.mlp.down_proj.lora_B.default.weight: copying from a non-meta parameter in the checkpoint to a meta parameter in the current model, which is a no-op. (Did you mean to pass `assign=True` to assign items in the state dictionary to their corresponding key in the module instead of copying them in place?)
(WorkerDict pid=3637328)   module._load_from_state_dict(
(WorkerDict pid=3637328) /home/cxr/miniconda3/envs/vllm/lib/python3.11/site-packages/torch/nn/modules/module.py:2589: UserWarning: for base_model.model.model.layers.32.self_attn.q_proj.lora_A.default.weight: copying from a non-meta parameter in the checkpoint to a meta parameter in the current model, which is a no-op. (Did you mean to pass `assign=True` to assign items in the state dictionary to their corresponding key in the module instead of copying them in place?)
(WorkerDict pid=3637328)   module._load_from_state_dict(
(WorkerDict pid=3637328) /home/cxr/miniconda3/envs/vllm/lib/python3.11/site-packages/torch/nn/modules/module.py:2589: UserWarning: for base_model.model.model.layers.32.self_attn.q_proj.lora_B.default.weight: copying from a non-meta parameter in the checkpoint to a meta parameter in the current model, which is a no-op. (Did you mean to pass `assign=True` to assign items in the state dictionary to their corresponding key in the module instead of copying them in place?)
(WorkerDict pid=3637328)   module._load_from_state_dict(
(WorkerDict pid=3637328) /home/cxr/miniconda3/envs/vllm/lib/python3.11/site-packages/torch/nn/modules/module.py:2589: UserWarning: for base_model.model.model.layers.32.self_attn.k_proj.lora_A.default.weight: copying from a non-meta parameter in the checkpoint to a meta parameter in the current model, which is a no-op. (Did you mean to pass `assign=True` to assign items in the state dictionary to their corresponding key in the module instead of copying them in place?)
(WorkerDict pid=3637328)   module._load_from_state_dict(
(WorkerDict pid=3637328) /home/cxr/miniconda3/envs/vllm/lib/python3.11/site-packages/torch/nn/modules/module.py:2589: UserWarning: for base_model.model.model.layers.32.self_attn.k_proj.lora_B.default.weight: copying from a non-meta parameter in the checkpoint to a meta parameter in the current model, which is a no-op. (Did you mean to pass `assign=True` to assign items in the state dictionary to their corresponding key in the module instead of copying them in place?)
(WorkerDict pid=3637328)   module._load_from_state_dict(
(WorkerDict pid=3637328) /home/cxr/miniconda3/envs/vllm/lib/python3.11/site-packages/torch/nn/modules/module.py:2589: UserWarning: for base_model.model.model.layers.32.self_attn.v_proj.lora_A.default.weight: copying from a non-meta parameter in the checkpoint to a meta parameter in the current model, which is a no-op. (Did you mean to pass `assign=True` to assign items in the state dictionary to their corresponding key in the module instead of copying them in place?)
(WorkerDict pid=3637328)   module._load_from_state_dict(
(WorkerDict pid=3637328) /home/cxr/miniconda3/envs/vllm/lib/python3.11/site-packages/torch/nn/modules/module.py:2589: UserWarning: for base_model.model.model.layers.32.self_attn.v_proj.lora_B.default.weight: copying from a non-meta parameter in the checkpoint to a meta parameter in the current model, which is a no-op. (Did you mean to pass `assign=True` to assign items in the state dictionary to their corresponding key in the module instead of copying them in place?)
(WorkerDict pid=3637328)   module._load_from_state_dict(
(WorkerDict pid=3637328) /home/cxr/miniconda3/envs/vllm/lib/python3.11/site-packages/torch/nn/modules/module.py:2589: UserWarning: for base_model.model.model.layers.32.self_attn.o_proj.lora_A.default.weight: copying from a non-meta parameter in the checkpoint to a meta parameter in the current model, which is a no-op. (Did you mean to pass `assign=True` to assign items in the state dictionary to their corresponding key in the module instead of copying them in place?)
(WorkerDict pid=3637328)   module._load_from_state_dict(
(WorkerDict pid=3637328) /home/cxr/miniconda3/envs/vllm/lib/python3.11/site-packages/torch/nn/modules/module.py:2589: UserWarning: for base_model.model.model.layers.32.self_attn.o_proj.lora_B.default.weight: copying from a non-meta parameter in the checkpoint to a meta parameter in the current model, which is a no-op. (Did you mean to pass `assign=True` to assign items in the state dictionary to their corresponding key in the module instead of copying them in place?)
(WorkerDict pid=3637328)   module._load_from_state_dict(
(WorkerDict pid=3637328) /home/cxr/miniconda3/envs/vllm/lib/python3.11/site-packages/torch/nn/modules/module.py:2589: UserWarning: for base_model.model.model.layers.32.mlp.gate_proj.lora_A.default.weight: copying from a non-meta parameter in the checkpoint to a meta parameter in the current model, which is a no-op. (Did you mean to pass `assign=True` to assign items in the state dictionary to their corresponding key in the module instead of copying them in place?)
(WorkerDict pid=3637328)   module._load_from_state_dict(
(WorkerDict pid=3637328) /home/cxr/miniconda3/envs/vllm/lib/python3.11/site-packages/torch/nn/modules/module.py:2589: UserWarning: for base_model.model.model.layers.32.mlp.gate_proj.lora_B.default.weight: copying from a non-meta parameter in the checkpoint to a meta parameter in the current model, which is a no-op. (Did you mean to pass `assign=True` to assign items in the state dictionary to their corresponding key in the module instead of copying them in place?)
(WorkerDict pid=3637328)   module._load_from_state_dict(
(WorkerDict pid=3637328) /home/cxr/miniconda3/envs/vllm/lib/python3.11/site-packages/torch/nn/modules/module.py:2589: UserWarning: for base_model.model.model.layers.32.mlp.up_proj.lora_A.default.weight: copying from a non-meta parameter in the checkpoint to a meta parameter in the current model, which is a no-op. (Did you mean to pass `assign=True` to assign items in the state dictionary to their corresponding key in the module instead of copying them in place?)
(WorkerDict pid=3637328)   module._load_from_state_dict(
(WorkerDict pid=3637328) /home/cxr/miniconda3/envs/vllm/lib/python3.11/site-packages/torch/nn/modules/module.py:2589: UserWarning: for base_model.model.model.layers.32.mlp.up_proj.lora_B.default.weight: copying from a non-meta parameter in the checkpoint to a meta parameter in the current model, which is a no-op. (Did you mean to pass `assign=True` to assign items in the state dictionary to their corresponding key in the module instead of copying them in place?)
(WorkerDict pid=3637328)   module._load_from_state_dict(
(WorkerDict pid=3637328) /home/cxr/miniconda3/envs/vllm/lib/python3.11/site-packages/torch/nn/modules/module.py:2589: UserWarning: for base_model.model.model.layers.32.mlp.down_proj.lora_A.default.weight: copying from a non-meta parameter in the checkpoint to a meta parameter in the current model, which is a no-op. (Did you mean to pass `assign=True` to assign items in the state dictionary to their corresponding key in the module instead of copying them in place?)
(WorkerDict pid=3637328)   module._load_from_state_dict(
(WorkerDict pid=3637328) /home/cxr/miniconda3/envs/vllm/lib/python3.11/site-packages/torch/nn/modules/module.py:2589: UserWarning: for base_model.model.model.layers.32.mlp.down_proj.lora_B.default.weight: copying from a non-meta parameter in the checkpoint to a meta parameter in the current model, which is a no-op. (Did you mean to pass `assign=True` to assign items in the state dictionary to their corresponding key in the module instead of copying them in place?)
(WorkerDict pid=3637328)   module._load_from_state_dict(
(WorkerDict pid=3637328) /home/cxr/miniconda3/envs/vllm/lib/python3.11/site-packages/torch/nn/modules/module.py:2589: UserWarning: for base_model.model.model.layers.33.self_attn.q_proj.lora_A.default.weight: copying from a non-meta parameter in the checkpoint to a meta parameter in the current model, which is a no-op. (Did you mean to pass `assign=True` to assign items in the state dictionary to their corresponding key in the module instead of copying them in place?)
(WorkerDict pid=3637328)   module._load_from_state_dict(
(WorkerDict pid=3637328) /home/cxr/miniconda3/envs/vllm/lib/python3.11/site-packages/torch/nn/modules/module.py:2589: UserWarning: for base_model.model.model.layers.33.self_attn.q_proj.lora_B.default.weight: copying from a non-meta parameter in the checkpoint to a meta parameter in the current model, which is a no-op. (Did you mean to pass `assign=True` to assign items in the state dictionary to their corresponding key in the module instead of copying them in place?)
(WorkerDict pid=3637328)   module._load_from_state_dict(
(WorkerDict pid=3637328) /home/cxr/miniconda3/envs/vllm/lib/python3.11/site-packages/torch/nn/modules/module.py:2589: UserWarning: for base_model.model.model.layers.33.self_attn.k_proj.lora_A.default.weight: copying from a non-meta parameter in the checkpoint to a meta parameter in the current model, which is a no-op. (Did you mean to pass `assign=True` to assign items in the state dictionary to their corresponding key in the module instead of copying them in place?)
(WorkerDict pid=3637328)   module._load_from_state_dict(
(WorkerDict pid=3637328) /home/cxr/miniconda3/envs/vllm/lib/python3.11/site-packages/torch/nn/modules/module.py:2589: UserWarning: for base_model.model.model.layers.33.self_attn.k_proj.lora_B.default.weight: copying from a non-meta parameter in the checkpoint to a meta parameter in the current model, which is a no-op. (Did you mean to pass `assign=True` to assign items in the state dictionary to their corresponding key in the module instead of copying them in place?)
(WorkerDict pid=3637328)   module._load_from_state_dict(
(WorkerDict pid=3637328) /home/cxr/miniconda3/envs/vllm/lib/python3.11/site-packages/torch/nn/modules/module.py:2589: UserWarning: for base_model.model.model.layers.33.self_attn.v_proj.lora_A.default.weight: copying from a non-meta parameter in the checkpoint to a meta parameter in the current model, which is a no-op. (Did you mean to pass `assign=True` to assign items in the state dictionary to their corresponding key in the module instead of copying them in place?)
(WorkerDict pid=3637328)   module._load_from_state_dict(
(WorkerDict pid=3637328) /home/cxr/miniconda3/envs/vllm/lib/python3.11/site-packages/torch/nn/modules/module.py:2589: UserWarning: for base_model.model.model.layers.33.self_attn.v_proj.lora_B.default.weight: copying from a non-meta parameter in the checkpoint to a meta parameter in the current model, which is a no-op. (Did you mean to pass `assign=True` to assign items in the state dictionary to their corresponding key in the module instead of copying them in place?)
(WorkerDict pid=3637328)   module._load_from_state_dict(
(WorkerDict pid=3637328) /home/cxr/miniconda3/envs/vllm/lib/python3.11/site-packages/torch/nn/modules/module.py:2589: UserWarning: for base_model.model.model.layers.33.self_attn.o_proj.lora_A.default.weight: copying from a non-meta parameter in the checkpoint to a meta parameter in the current model, which is a no-op. (Did you mean to pass `assign=True` to assign items in the state dictionary to their corresponding key in the module instead of copying them in place?)
(WorkerDict pid=3637328)   module._load_from_state_dict(
(WorkerDict pid=3637328) /home/cxr/miniconda3/envs/vllm/lib/python3.11/site-packages/torch/nn/modules/module.py:2589: UserWarning: for base_model.model.model.layers.33.self_attn.o_proj.lora_B.default.weight: copying from a non-meta parameter in the checkpoint to a meta parameter in the current model, which is a no-op. (Did you mean to pass `assign=True` to assign items in the state dictionary to their corresponding key in the module instead of copying them in place?)
(WorkerDict pid=3637328)   module._load_from_state_dict(
(WorkerDict pid=3637328) /home/cxr/miniconda3/envs/vllm/lib/python3.11/site-packages/torch/nn/modules/module.py:2589: UserWarning: for base_model.model.model.layers.33.mlp.gate_proj.lora_A.default.weight: copying from a non-meta parameter in the checkpoint to a meta parameter in the current model, which is a no-op. (Did you mean to pass `assign=True` to assign items in the state dictionary to their corresponding key in the module instead of copying them in place?)
(WorkerDict pid=3637328)   module._load_from_state_dict(
(WorkerDict pid=3637328) /home/cxr/miniconda3/envs/vllm/lib/python3.11/site-packages/torch/nn/modules/module.py:2589: UserWarning: for base_model.model.model.layers.33.mlp.gate_proj.lora_B.default.weight: copying from a non-meta parameter in the checkpoint to a meta parameter in the current model, which is a no-op. (Did you mean to pass `assign=True` to assign items in the state dictionary to their corresponding key in the module instead of copying them in place?)
(WorkerDict pid=3637328)   module._load_from_state_dict(
(WorkerDict pid=3637328) /home/cxr/miniconda3/envs/vllm/lib/python3.11/site-packages/torch/nn/modules/module.py:2589: UserWarning: for base_model.model.model.layers.33.mlp.up_proj.lora_A.default.weight: copying from a non-meta parameter in the checkpoint to a meta parameter in the current model, which is a no-op. (Did you mean to pass `assign=True` to assign items in the state dictionary to their corresponding key in the module instead of copying them in place?)
(WorkerDict pid=3637328)   module._load_from_state_dict(
(WorkerDict pid=3637328) /home/cxr/miniconda3/envs/vllm/lib/python3.11/site-packages/torch/nn/modules/module.py:2589: UserWarning: for base_model.model.model.layers.33.mlp.up_proj.lora_B.default.weight: copying from a non-meta parameter in the checkpoint to a meta parameter in the current model, which is a no-op. (Did you mean to pass `assign=True` to assign items in the state dictionary to their corresponding key in the module instead of copying them in place?)
(WorkerDict pid=3637328)   module._load_from_state_dict(
(WorkerDict pid=3637328) /home/cxr/miniconda3/envs/vllm/lib/python3.11/site-packages/torch/nn/modules/module.py:2589: UserWarning: for base_model.model.model.layers.33.mlp.down_proj.lora_A.default.weight: copying from a non-meta parameter in the checkpoint to a meta parameter in the current model, which is a no-op. (Did you mean to pass `assign=True` to assign items in the state dictionary to their corresponding key in the module instead of copying them in place?)
(WorkerDict pid=3637328)   module._load_from_state_dict(
(WorkerDict pid=3637328) /home/cxr/miniconda3/envs/vllm/lib/python3.11/site-packages/torch/nn/modules/module.py:2589: UserWarning: for base_model.model.model.layers.33.mlp.down_proj.lora_B.default.weight: copying from a non-meta parameter in the checkpoint to a meta parameter in the current model, which is a no-op. (Did you mean to pass `assign=True` to assign items in the state dictionary to their corresponding key in the module instead of copying them in place?)
(WorkerDict pid=3637328)   module._load_from_state_dict(
(WorkerDict pid=3637328) /home/cxr/miniconda3/envs/vllm/lib/python3.11/site-packages/torch/nn/modules/module.py:2589: UserWarning: for base_model.model.model.layers.34.self_attn.q_proj.lora_A.default.weight: copying from a non-meta parameter in the checkpoint to a meta parameter in the current model, which is a no-op. (Did you mean to pass `assign=True` to assign items in the state dictionary to their corresponding key in the module instead of copying them in place?)
(WorkerDict pid=3637328)   module._load_from_state_dict(
(WorkerDict pid=3637328) /home/cxr/miniconda3/envs/vllm/lib/python3.11/site-packages/torch/nn/modules/module.py:2589: UserWarning: for base_model.model.model.layers.34.self_attn.q_proj.lora_B.default.weight: copying from a non-meta parameter in the checkpoint to a meta parameter in the current model, which is a no-op. (Did you mean to pass `assign=True` to assign items in the state dictionary to their corresponding key in the module instead of copying them in place?)
(WorkerDict pid=3637328)   module._load_from_state_dict(
(WorkerDict pid=3637328) /home/cxr/miniconda3/envs/vllm/lib/python3.11/site-packages/torch/nn/modules/module.py:2589: UserWarning: for base_model.model.model.layers.34.self_attn.k_proj.lora_A.default.weight: copying from a non-meta parameter in the checkpoint to a meta parameter in the current model, which is a no-op. (Did you mean to pass `assign=True` to assign items in the state dictionary to their corresponding key in the module instead of copying them in place?)
(WorkerDict pid=3637328)   module._load_from_state_dict(
(WorkerDict pid=3637328) /home/cxr/miniconda3/envs/vllm/lib/python3.11/site-packages/torch/nn/modules/module.py:2589: UserWarning: for base_model.model.model.layers.34.self_attn.k_proj.lora_B.default.weight: copying from a non-meta parameter in the checkpoint to a meta parameter in the current model, which is a no-op. (Did you mean to pass `assign=True` to assign items in the state dictionary to their corresponding key in the module instead of copying them in place?)
(WorkerDict pid=3637328)   module._load_from_state_dict(
(WorkerDict pid=3637328) /home/cxr/miniconda3/envs/vllm/lib/python3.11/site-packages/torch/nn/modules/module.py:2589: UserWarning: for base_model.model.model.layers.34.self_attn.v_proj.lora_A.default.weight: copying from a non-meta parameter in the checkpoint to a meta parameter in the current model, which is a no-op. (Did you mean to pass `assign=True` to assign items in the state dictionary to their corresponding key in the module instead of copying them in place?)
(WorkerDict pid=3637328)   module._load_from_state_dict(
(WorkerDict pid=3637328) /home/cxr/miniconda3/envs/vllm/lib/python3.11/site-packages/torch/nn/modules/module.py:2589: UserWarning: for base_model.model.model.layers.34.self_attn.v_proj.lora_B.default.weight: copying from a non-meta parameter in the checkpoint to a meta parameter in the current model, which is a no-op. (Did you mean to pass `assign=True` to assign items in the state dictionary to their corresponding key in the module instead of copying them in place?)
(WorkerDict pid=3637328)   module._load_from_state_dict(
(WorkerDict pid=3637328) /home/cxr/miniconda3/envs/vllm/lib/python3.11/site-packages/torch/nn/modules/module.py:2589: UserWarning: for base_model.model.model.layers.34.self_attn.o_proj.lora_A.default.weight: copying from a non-meta parameter in the checkpoint to a meta parameter in the current model, which is a no-op. (Did you mean to pass `assign=True` to assign items in the state dictionary to their corresponding key in the module instead of copying them in place?)
(WorkerDict pid=3637328)   module._load_from_state_dict(
(WorkerDict pid=3637328) /home/cxr/miniconda3/envs/vllm/lib/python3.11/site-packages/torch/nn/modules/module.py:2589: UserWarning: for base_model.model.model.layers.34.self_attn.o_proj.lora_B.default.weight: copying from a non-meta parameter in the checkpoint to a meta parameter in the current model, which is a no-op. (Did you mean to pass `assign=True` to assign items in the state dictionary to their corresponding key in the module instead of copying them in place?)
(WorkerDict pid=3637328)   module._load_from_state_dict(
(WorkerDict pid=3637328) /home/cxr/miniconda3/envs/vllm/lib/python3.11/site-packages/torch/nn/modules/module.py:2589: UserWarning: for base_model.model.model.layers.34.mlp.gate_proj.lora_A.default.weight: copying from a non-meta parameter in the checkpoint to a meta parameter in the current model, which is a no-op. (Did you mean to pass `assign=True` to assign items in the state dictionary to their corresponding key in the module instead of copying them in place?)
(WorkerDict pid=3637328)   module._load_from_state_dict(
(WorkerDict pid=3637328) /home/cxr/miniconda3/envs/vllm/lib/python3.11/site-packages/torch/nn/modules/module.py:2589: UserWarning: for base_model.model.model.layers.34.mlp.gate_proj.lora_B.default.weight: copying from a non-meta parameter in the checkpoint to a meta parameter in the current model, which is a no-op. (Did you mean to pass `assign=True` to assign items in the state dictionary to their corresponding key in the module instead of copying them in place?)
(WorkerDict pid=3637328)   module._load_from_state_dict(
(WorkerDict pid=3637328) /home/cxr/miniconda3/envs/vllm/lib/python3.11/site-packages/torch/nn/modules/module.py:2589: UserWarning: for base_model.model.model.layers.34.mlp.up_proj.lora_A.default.weight: copying from a non-meta parameter in the checkpoint to a meta parameter in the current model, which is a no-op. (Did you mean to pass `assign=True` to assign items in the state dictionary to their corresponding key in the module instead of copying them in place?)
(WorkerDict pid=3637328)   module._load_from_state_dict(
(WorkerDict pid=3637328) /home/cxr/miniconda3/envs/vllm/lib/python3.11/site-packages/torch/nn/modules/module.py:2589: UserWarning: for base_model.model.model.layers.34.mlp.up_proj.lora_B.default.weight: copying from a non-meta parameter in the checkpoint to a meta parameter in the current model, which is a no-op. (Did you mean to pass `assign=True` to assign items in the state dictionary to their corresponding key in the module instead of copying them in place?)
(WorkerDict pid=3637328)   module._load_from_state_dict(
(WorkerDict pid=3637328) /home/cxr/miniconda3/envs/vllm/lib/python3.11/site-packages/torch/nn/modules/module.py:2589: UserWarning: for base_model.model.model.layers.34.mlp.down_proj.lora_A.default.weight: copying from a non-meta parameter in the checkpoint to a meta parameter in the current model, which is a no-op. (Did you mean to pass `assign=True` to assign items in the state dictionary to their corresponding key in the module instead of copying them in place?)
(WorkerDict pid=3637328)   module._load_from_state_dict(
(WorkerDict pid=3637328) /home/cxr/miniconda3/envs/vllm/lib/python3.11/site-packages/torch/nn/modules/module.py:2589: UserWarning: for base_model.model.model.layers.34.mlp.down_proj.lora_B.default.weight: copying from a non-meta parameter in the checkpoint to a meta parameter in the current model, which is a no-op. (Did you mean to pass `assign=True` to assign items in the state dictionary to their corresponding key in the module instead of copying them in place?)
(WorkerDict pid=3637328)   module._load_from_state_dict(
(WorkerDict pid=3637328) /home/cxr/miniconda3/envs/vllm/lib/python3.11/site-packages/torch/nn/modules/module.py:2589: UserWarning: for base_model.model.model.layers.35.self_attn.q_proj.lora_A.default.weight: copying from a non-meta parameter in the checkpoint to a meta parameter in the current model, which is a no-op. (Did you mean to pass `assign=True` to assign items in the state dictionary to their corresponding key in the module instead of copying them in place?)
(WorkerDict pid=3637328)   module._load_from_state_dict(
(WorkerDict pid=3637328) /home/cxr/miniconda3/envs/vllm/lib/python3.11/site-packages/torch/nn/modules/module.py:2589: UserWarning: for base_model.model.model.layers.35.self_attn.q_proj.lora_B.default.weight: copying from a non-meta parameter in the checkpoint to a meta parameter in the current model, which is a no-op. (Did you mean to pass `assign=True` to assign items in the state dictionary to their corresponding key in the module instead of copying them in place?)
(WorkerDict pid=3637328)   module._load_from_state_dict(
(WorkerDict pid=3637328) /home/cxr/miniconda3/envs/vllm/lib/python3.11/site-packages/torch/nn/modules/module.py:2589: UserWarning: for base_model.model.model.layers.35.self_attn.k_proj.lora_A.default.weight: copying from a non-meta parameter in the checkpoint to a meta parameter in the current model, which is a no-op. (Did you mean to pass `assign=True` to assign items in the state dictionary to their corresponding key in the module instead of copying them in place?)
(WorkerDict pid=3637328)   module._load_from_state_dict(
(WorkerDict pid=3637328) /home/cxr/miniconda3/envs/vllm/lib/python3.11/site-packages/torch/nn/modules/module.py:2589: UserWarning: for base_model.model.model.layers.35.self_attn.k_proj.lora_B.default.weight: copying from a non-meta parameter in the checkpoint to a meta parameter in the current model, which is a no-op. (Did you mean to pass `assign=True` to assign items in the state dictionary to their corresponding key in the module instead of copying them in place?)
(WorkerDict pid=3637328)   module._load_from_state_dict(
(WorkerDict pid=3637328) /home/cxr/miniconda3/envs/vllm/lib/python3.11/site-packages/torch/nn/modules/module.py:2589: UserWarning: for base_model.model.model.layers.35.self_attn.v_proj.lora_A.default.weight: copying from a non-meta parameter in the checkpoint to a meta parameter in the current model, which is a no-op. (Did you mean to pass `assign=True` to assign items in the state dictionary to their corresponding key in the module instead of copying them in place?)
(WorkerDict pid=3637328)   module._load_from_state_dict(
(WorkerDict pid=3637328) /home/cxr/miniconda3/envs/vllm/lib/python3.11/site-packages/torch/nn/modules/module.py:2589: UserWarning: for base_model.model.model.layers.35.self_attn.v_proj.lora_B.default.weight: copying from a non-meta parameter in the checkpoint to a meta parameter in the current model, which is a no-op. (Did you mean to pass `assign=True` to assign items in the state dictionary to their corresponding key in the module instead of copying them in place?)
(WorkerDict pid=3637328)   module._load_from_state_dict(
(WorkerDict pid=3637328) /home/cxr/miniconda3/envs/vllm/lib/python3.11/site-packages/torch/nn/modules/module.py:2589: UserWarning: for base_model.model.model.layers.35.self_attn.o_proj.lora_A.default.weight: copying from a non-meta parameter in the checkpoint to a meta parameter in the current model, which is a no-op. (Did you mean to pass `assign=True` to assign items in the state dictionary to their corresponding key in the module instead of copying them in place?)
(WorkerDict pid=3637328)   module._load_from_state_dict(
(WorkerDict pid=3637328) /home/cxr/miniconda3/envs/vllm/lib/python3.11/site-packages/torch/nn/modules/module.py:2589: UserWarning: for base_model.model.model.layers.35.self_attn.o_proj.lora_B.default.weight: copying from a non-meta parameter in the checkpoint to a meta parameter in the current model, which is a no-op. (Did you mean to pass `assign=True` to assign items in the state dictionary to their corresponding key in the module instead of copying them in place?)
(WorkerDict pid=3637328)   module._load_from_state_dict(
(WorkerDict pid=3637328) /home/cxr/miniconda3/envs/vllm/lib/python3.11/site-packages/torch/nn/modules/module.py:2589: UserWarning: for base_model.model.model.layers.35.mlp.gate_proj.lora_A.default.weight: copying from a non-meta parameter in the checkpoint to a meta parameter in the current model, which is a no-op. (Did you mean to pass `assign=True` to assign items in the state dictionary to their corresponding key in the module instead of copying them in place?)
(WorkerDict pid=3637328)   module._load_from_state_dict(
(WorkerDict pid=3637328) /home/cxr/miniconda3/envs/vllm/lib/python3.11/site-packages/torch/nn/modules/module.py:2589: UserWarning: for base_model.model.model.layers.35.mlp.gate_proj.lora_B.default.weight: copying from a non-meta parameter in the checkpoint to a meta parameter in the current model, which is a no-op. (Did you mean to pass `assign=True` to assign items in the state dictionary to their corresponding key in the module instead of copying them in place?)
(WorkerDict pid=3637328)   module._load_from_state_dict(
(WorkerDict pid=3637328) /home/cxr/miniconda3/envs/vllm/lib/python3.11/site-packages/torch/nn/modules/module.py:2589: UserWarning: for base_model.model.model.layers.35.mlp.up_proj.lora_A.default.weight: copying from a non-meta parameter in the checkpoint to a meta parameter in the current model, which is a no-op. (Did you mean to pass `assign=True` to assign items in the state dictionary to their corresponding key in the module instead of copying them in place?)
(WorkerDict pid=3637328)   module._load_from_state_dict(
(WorkerDict pid=3637328) /home/cxr/miniconda3/envs/vllm/lib/python3.11/site-packages/torch/nn/modules/module.py:2589: UserWarning: for base_model.model.model.layers.35.mlp.up_proj.lora_B.default.weight: copying from a non-meta parameter in the checkpoint to a meta parameter in the current model, which is a no-op. (Did you mean to pass `assign=True` to assign items in the state dictionary to their corresponding key in the module instead of copying them in place?)
(WorkerDict pid=3637328)   module._load_from_state_dict(
(WorkerDict pid=3637328) /home/cxr/miniconda3/envs/vllm/lib/python3.11/site-packages/torch/nn/modules/module.py:2589: UserWarning: for base_model.model.model.layers.35.mlp.down_proj.lora_A.default.weight: copying from a non-meta parameter in the checkpoint to a meta parameter in the current model, which is a no-op. (Did you mean to pass `assign=True` to assign items in the state dictionary to their corresponding key in the module instead of copying them in place?)
(WorkerDict pid=3637328)   module._load_from_state_dict(
(WorkerDict pid=3637328) /home/cxr/miniconda3/envs/vllm/lib/python3.11/site-packages/torch/nn/modules/module.py:2589: UserWarning: for base_model.model.model.layers.35.mlp.down_proj.lora_B.default.weight: copying from a non-meta parameter in the checkpoint to a meta parameter in the current model, which is a no-op. (Did you mean to pass `assign=True` to assign items in the state dictionary to their corresponding key in the module instead of copying them in place?)
(WorkerDict pid=3637328)   module._load_from_state_dict(
(WorkerDict pid=3637328) /home/cxr/miniconda3/envs/vllm/lib/python3.11/site-packages/torch/nn/modules/module.py:2589: UserWarning: for base_model.model.model.layers.36.self_attn.q_proj.lora_A.default.weight: copying from a non-meta parameter in the checkpoint to a meta parameter in the current model, which is a no-op. (Did you mean to pass `assign=True` to assign items in the state dictionary to their corresponding key in the module instead of copying them in place?)
(WorkerDict pid=3637328)   module._load_from_state_dict(
(WorkerDict pid=3637328) /home/cxr/miniconda3/envs/vllm/lib/python3.11/site-packages/torch/nn/modules/module.py:2589: UserWarning: for base_model.model.model.layers.36.self_attn.q_proj.lora_B.default.weight: copying from a non-meta parameter in the checkpoint to a meta parameter in the current model, which is a no-op. (Did you mean to pass `assign=True` to assign items in the state dictionary to their corresponding key in the module instead of copying them in place?)
(WorkerDict pid=3637328)   module._load_from_state_dict(
(WorkerDict pid=3637328) /home/cxr/miniconda3/envs/vllm/lib/python3.11/site-packages/torch/nn/modules/module.py:2589: UserWarning: for base_model.model.model.layers.36.self_attn.k_proj.lora_A.default.weight: copying from a non-meta parameter in the checkpoint to a meta parameter in the current model, which is a no-op. (Did you mean to pass `assign=True` to assign items in the state dictionary to their corresponding key in the module instead of copying them in place?)
(WorkerDict pid=3637328)   module._load_from_state_dict(
(WorkerDict pid=3637328) /home/cxr/miniconda3/envs/vllm/lib/python3.11/site-packages/torch/nn/modules/module.py:2589: UserWarning: for base_model.model.model.layers.36.self_attn.k_proj.lora_B.default.weight: copying from a non-meta parameter in the checkpoint to a meta parameter in the current model, which is a no-op. (Did you mean to pass `assign=True` to assign items in the state dictionary to their corresponding key in the module instead of copying them in place?)
(WorkerDict pid=3637328)   module._load_from_state_dict(
(WorkerDict pid=3637328) /home/cxr/miniconda3/envs/vllm/lib/python3.11/site-packages/torch/nn/modules/module.py:2589: UserWarning: for base_model.model.model.layers.36.self_attn.v_proj.lora_A.default.weight: copying from a non-meta parameter in the checkpoint to a meta parameter in the current model, which is a no-op. (Did you mean to pass `assign=True` to assign items in the state dictionary to their corresponding key in the module instead of copying them in place?)
(WorkerDict pid=3637328)   module._load_from_state_dict(
(WorkerDict pid=3637328) /home/cxr/miniconda3/envs/vllm/lib/python3.11/site-packages/torch/nn/modules/module.py:2589: UserWarning: for base_model.model.model.layers.36.self_attn.v_proj.lora_B.default.weight: copying from a non-meta parameter in the checkpoint to a meta parameter in the current model, which is a no-op. (Did you mean to pass `assign=True` to assign items in the state dictionary to their corresponding key in the module instead of copying them in place?)
(WorkerDict pid=3637328)   module._load_from_state_dict(
(WorkerDict pid=3637328) /home/cxr/miniconda3/envs/vllm/lib/python3.11/site-packages/torch/nn/modules/module.py:2589: UserWarning: for base_model.model.model.layers.36.self_attn.o_proj.lora_A.default.weight: copying from a non-meta parameter in the checkpoint to a meta parameter in the current model, which is a no-op. (Did you mean to pass `assign=True` to assign items in the state dictionary to their corresponding key in the module instead of copying them in place?)
(WorkerDict pid=3637328)   module._load_from_state_dict(
(WorkerDict pid=3637328) /home/cxr/miniconda3/envs/vllm/lib/python3.11/site-packages/torch/nn/modules/module.py:2589: UserWarning: for base_model.model.model.layers.36.self_attn.o_proj.lora_B.default.weight: copying from a non-meta parameter in the checkpoint to a meta parameter in the current model, which is a no-op. (Did you mean to pass `assign=True` to assign items in the state dictionary to their corresponding key in the module instead of copying them in place?)
(WorkerDict pid=3637328)   module._load_from_state_dict(
(WorkerDict pid=3637328) /home/cxr/miniconda3/envs/vllm/lib/python3.11/site-packages/torch/nn/modules/module.py:2589: UserWarning: for base_model.model.model.layers.36.mlp.gate_proj.lora_A.default.weight: copying from a non-meta parameter in the checkpoint to a meta parameter in the current model, which is a no-op. (Did you mean to pass `assign=True` to assign items in the state dictionary to their corresponding key in the module instead of copying them in place?)
(WorkerDict pid=3637328)   module._load_from_state_dict(
(WorkerDict pid=3637328) /home/cxr/miniconda3/envs/vllm/lib/python3.11/site-packages/torch/nn/modules/module.py:2589: UserWarning: for base_model.model.model.layers.36.mlp.gate_proj.lora_B.default.weight: copying from a non-meta parameter in the checkpoint to a meta parameter in the current model, which is a no-op. (Did you mean to pass `assign=True` to assign items in the state dictionary to their corresponding key in the module instead of copying them in place?)
(WorkerDict pid=3637328)   module._load_from_state_dict(
(WorkerDict pid=3637328) /home/cxr/miniconda3/envs/vllm/lib/python3.11/site-packages/torch/nn/modules/module.py:2589: UserWarning: for base_model.model.model.layers.36.mlp.up_proj.lora_A.default.weight: copying from a non-meta parameter in the checkpoint to a meta parameter in the current model, which is a no-op. (Did you mean to pass `assign=True` to assign items in the state dictionary to their corresponding key in the module instead of copying them in place?)
(WorkerDict pid=3637328)   module._load_from_state_dict(
(WorkerDict pid=3637328) /home/cxr/miniconda3/envs/vllm/lib/python3.11/site-packages/torch/nn/modules/module.py:2589: UserWarning: for base_model.model.model.layers.36.mlp.up_proj.lora_B.default.weight: copying from a non-meta parameter in the checkpoint to a meta parameter in the current model, which is a no-op. (Did you mean to pass `assign=True` to assign items in the state dictionary to their corresponding key in the module instead of copying them in place?)
(WorkerDict pid=3637328)   module._load_from_state_dict(
(WorkerDict pid=3637328) /home/cxr/miniconda3/envs/vllm/lib/python3.11/site-packages/torch/nn/modules/module.py:2589: UserWarning: for base_model.model.model.layers.36.mlp.down_proj.lora_A.default.weight: copying from a non-meta parameter in the checkpoint to a meta parameter in the current model, which is a no-op. (Did you mean to pass `assign=True` to assign items in the state dictionary to their corresponding key in the module instead of copying them in place?)
(WorkerDict pid=3637328)   module._load_from_state_dict(
(WorkerDict pid=3637328) /home/cxr/miniconda3/envs/vllm/lib/python3.11/site-packages/torch/nn/modules/module.py:2589: UserWarning: for base_model.model.model.layers.36.mlp.down_proj.lora_B.default.weight: copying from a non-meta parameter in the checkpoint to a meta parameter in the current model, which is a no-op. (Did you mean to pass `assign=True` to assign items in the state dictionary to their corresponding key in the module instead of copying them in place?)
(WorkerDict pid=3637328)   module._load_from_state_dict(
(WorkerDict pid=3637328) /home/cxr/miniconda3/envs/vllm/lib/python3.11/site-packages/torch/nn/modules/module.py:2589: UserWarning: for base_model.model.model.layers.37.self_attn.q_proj.lora_A.default.weight: copying from a non-meta parameter in the checkpoint to a meta parameter in the current model, which is a no-op. (Did you mean to pass `assign=True` to assign items in the state dictionary to their corresponding key in the module instead of copying them in place?)
(WorkerDict pid=3637328)   module._load_from_state_dict(
(WorkerDict pid=3637328) /home/cxr/miniconda3/envs/vllm/lib/python3.11/site-packages/torch/nn/modules/module.py:2589: UserWarning: for base_model.model.model.layers.37.self_attn.q_proj.lora_B.default.weight: copying from a non-meta parameter in the checkpoint to a meta parameter in the current model, which is a no-op. (Did you mean to pass `assign=True` to assign items in the state dictionary to their corresponding key in the module instead of copying them in place?)
(WorkerDict pid=3637328)   module._load_from_state_dict(
(WorkerDict pid=3637328) /home/cxr/miniconda3/envs/vllm/lib/python3.11/site-packages/torch/nn/modules/module.py:2589: UserWarning: for base_model.model.model.layers.37.self_attn.k_proj.lora_A.default.weight: copying from a non-meta parameter in the checkpoint to a meta parameter in the current model, which is a no-op. (Did you mean to pass `assign=True` to assign items in the state dictionary to their corresponding key in the module instead of copying them in place?)
(WorkerDict pid=3637328)   module._load_from_state_dict(
(WorkerDict pid=3637328) /home/cxr/miniconda3/envs/vllm/lib/python3.11/site-packages/torch/nn/modules/module.py:2589: UserWarning: for base_model.model.model.layers.37.self_attn.k_proj.lora_B.default.weight: copying from a non-meta parameter in the checkpoint to a meta parameter in the current model, which is a no-op. (Did you mean to pass `assign=True` to assign items in the state dictionary to their corresponding key in the module instead of copying them in place?)
(WorkerDict pid=3637328)   module._load_from_state_dict(
(WorkerDict pid=3637328) /home/cxr/miniconda3/envs/vllm/lib/python3.11/site-packages/torch/nn/modules/module.py:2589: UserWarning: for base_model.model.model.layers.37.self_attn.v_proj.lora_A.default.weight: copying from a non-meta parameter in the checkpoint to a meta parameter in the current model, which is a no-op. (Did you mean to pass `assign=True` to assign items in the state dictionary to their corresponding key in the module instead of copying them in place?)
(WorkerDict pid=3637328)   module._load_from_state_dict(
(WorkerDict pid=3637328) /home/cxr/miniconda3/envs/vllm/lib/python3.11/site-packages/torch/nn/modules/module.py:2589: UserWarning: for base_model.model.model.layers.37.self_attn.v_proj.lora_B.default.weight: copying from a non-meta parameter in the checkpoint to a meta parameter in the current model, which is a no-op. (Did you mean to pass `assign=True` to assign items in the state dictionary to their corresponding key in the module instead of copying them in place?)
(WorkerDict pid=3637328)   module._load_from_state_dict(
(WorkerDict pid=3637328) /home/cxr/miniconda3/envs/vllm/lib/python3.11/site-packages/torch/nn/modules/module.py:2589: UserWarning: for base_model.model.model.layers.37.self_attn.o_proj.lora_A.default.weight: copying from a non-meta parameter in the checkpoint to a meta parameter in the current model, which is a no-op. (Did you mean to pass `assign=True` to assign items in the state dictionary to their corresponding key in the module instead of copying them in place?)
(WorkerDict pid=3637328)   module._load_from_state_dict(
(WorkerDict pid=3637328) /home/cxr/miniconda3/envs/vllm/lib/python3.11/site-packages/torch/nn/modules/module.py:2589: UserWarning: for base_model.model.model.layers.37.self_attn.o_proj.lora_B.default.weight: copying from a non-meta parameter in the checkpoint to a meta parameter in the current model, which is a no-op. (Did you mean to pass `assign=True` to assign items in the state dictionary to their corresponding key in the module instead of copying them in place?)
(WorkerDict pid=3637328)   module._load_from_state_dict(
(WorkerDict pid=3637328) /home/cxr/miniconda3/envs/vllm/lib/python3.11/site-packages/torch/nn/modules/module.py:2589: UserWarning: for base_model.model.model.layers.37.mlp.gate_proj.lora_A.default.weight: copying from a non-meta parameter in the checkpoint to a meta parameter in the current model, which is a no-op. (Did you mean to pass `assign=True` to assign items in the state dictionary to their corresponding key in the module instead of copying them in place?)
(WorkerDict pid=3637328)   module._load_from_state_dict(
(WorkerDict pid=3637328) /home/cxr/miniconda3/envs/vllm/lib/python3.11/site-packages/torch/nn/modules/module.py:2589: UserWarning: for base_model.model.model.layers.37.mlp.gate_proj.lora_B.default.weight: copying from a non-meta parameter in the checkpoint to a meta parameter in the current model, which is a no-op. (Did you mean to pass `assign=True` to assign items in the state dictionary to their corresponding key in the module instead of copying them in place?)
(WorkerDict pid=3637328)   module._load_from_state_dict(
(WorkerDict pid=3637328) /home/cxr/miniconda3/envs/vllm/lib/python3.11/site-packages/torch/nn/modules/module.py:2589: UserWarning: for base_model.model.model.layers.37.mlp.up_proj.lora_A.default.weight: copying from a non-meta parameter in the checkpoint to a meta parameter in the current model, which is a no-op. (Did you mean to pass `assign=True` to assign items in the state dictionary to their corresponding key in the module instead of copying them in place?)
(WorkerDict pid=3637328)   module._load_from_state_dict(
(WorkerDict pid=3637328) /home/cxr/miniconda3/envs/vllm/lib/python3.11/site-packages/torch/nn/modules/module.py:2589: UserWarning: for base_model.model.model.layers.37.mlp.up_proj.lora_B.default.weight: copying from a non-meta parameter in the checkpoint to a meta parameter in the current model, which is a no-op. (Did you mean to pass `assign=True` to assign items in the state dictionary to their corresponding key in the module instead of copying them in place?)
(WorkerDict pid=3637328)   module._load_from_state_dict(
(WorkerDict pid=3637328) /home/cxr/miniconda3/envs/vllm/lib/python3.11/site-packages/torch/nn/modules/module.py:2589: UserWarning: for base_model.model.model.layers.37.mlp.down_proj.lora_A.default.weight: copying from a non-meta parameter in the checkpoint to a meta parameter in the current model, which is a no-op. (Did you mean to pass `assign=True` to assign items in the state dictionary to their corresponding key in the module instead of copying them in place?)
(WorkerDict pid=3637328)   module._load_from_state_dict(
(WorkerDict pid=3637328) /home/cxr/miniconda3/envs/vllm/lib/python3.11/site-packages/torch/nn/modules/module.py:2589: UserWarning: for base_model.model.model.layers.37.mlp.down_proj.lora_B.default.weight: copying from a non-meta parameter in the checkpoint to a meta parameter in the current model, which is a no-op. (Did you mean to pass `assign=True` to assign items in the state dictionary to their corresponding key in the module instead of copying them in place?)
(WorkerDict pid=3637328)   module._load_from_state_dict(
(WorkerDict pid=3637328) /home/cxr/miniconda3/envs/vllm/lib/python3.11/site-packages/torch/nn/modules/module.py:2589: UserWarning: for base_model.model.model.layers.38.self_attn.q_proj.lora_A.default.weight: copying from a non-meta parameter in the checkpoint to a meta parameter in the current model, which is a no-op. (Did you mean to pass `assign=True` to assign items in the state dictionary to their corresponding key in the module instead of copying them in place?)
(WorkerDict pid=3637328)   module._load_from_state_dict(
(WorkerDict pid=3637328) /home/cxr/miniconda3/envs/vllm/lib/python3.11/site-packages/torch/nn/modules/module.py:2589: UserWarning: for base_model.model.model.layers.38.self_attn.q_proj.lora_B.default.weight: copying from a non-meta parameter in the checkpoint to a meta parameter in the current model, which is a no-op. (Did you mean to pass `assign=True` to assign items in the state dictionary to their corresponding key in the module instead of copying them in place?)
(WorkerDict pid=3637328)   module._load_from_state_dict(
(WorkerDict pid=3637328) /home/cxr/miniconda3/envs/vllm/lib/python3.11/site-packages/torch/nn/modules/module.py:2589: UserWarning: for base_model.model.model.layers.38.self_attn.k_proj.lora_A.default.weight: copying from a non-meta parameter in the checkpoint to a meta parameter in the current model, which is a no-op. (Did you mean to pass `assign=True` to assign items in the state dictionary to their corresponding key in the module instead of copying them in place?)
(WorkerDict pid=3637328)   module._load_from_state_dict(
(WorkerDict pid=3637328) /home/cxr/miniconda3/envs/vllm/lib/python3.11/site-packages/torch/nn/modules/module.py:2589: UserWarning: for base_model.model.model.layers.38.self_attn.k_proj.lora_B.default.weight: copying from a non-meta parameter in the checkpoint to a meta parameter in the current model, which is a no-op. (Did you mean to pass `assign=True` to assign items in the state dictionary to their corresponding key in the module instead of copying them in place?)
(WorkerDict pid=3637328)   module._load_from_state_dict(
(WorkerDict pid=3637328) /home/cxr/miniconda3/envs/vllm/lib/python3.11/site-packages/torch/nn/modules/module.py:2589: UserWarning: for base_model.model.model.layers.38.self_attn.v_proj.lora_A.default.weight: copying from a non-meta parameter in the checkpoint to a meta parameter in the current model, which is a no-op. (Did you mean to pass `assign=True` to assign items in the state dictionary to their corresponding key in the module instead of copying them in place?)
(WorkerDict pid=3637328)   module._load_from_state_dict(
(WorkerDict pid=3637328) /home/cxr/miniconda3/envs/vllm/lib/python3.11/site-packages/torch/nn/modules/module.py:2589: UserWarning: for base_model.model.model.layers.38.self_attn.v_proj.lora_B.default.weight: copying from a non-meta parameter in the checkpoint to a meta parameter in the current model, which is a no-op. (Did you mean to pass `assign=True` to assign items in the state dictionary to their corresponding key in the module instead of copying them in place?)
(WorkerDict pid=3637328)   module._load_from_state_dict(
(WorkerDict pid=3637328) /home/cxr/miniconda3/envs/vllm/lib/python3.11/site-packages/torch/nn/modules/module.py:2589: UserWarning: for base_model.model.model.layers.38.self_attn.o_proj.lora_A.default.weight: copying from a non-meta parameter in the checkpoint to a meta parameter in the current model, which is a no-op. (Did you mean to pass `assign=True` to assign items in the state dictionary to their corresponding key in the module instead of copying them in place?)
(WorkerDict pid=3637328)   module._load_from_state_dict(
(WorkerDict pid=3637328) /home/cxr/miniconda3/envs/vllm/lib/python3.11/site-packages/torch/nn/modules/module.py:2589: UserWarning: for base_model.model.model.layers.38.self_attn.o_proj.lora_B.default.weight: copying from a non-meta parameter in the checkpoint to a meta parameter in the current model, which is a no-op. (Did you mean to pass `assign=True` to assign items in the state dictionary to their corresponding key in the module instead of copying them in place?)
(WorkerDict pid=3637328)   module._load_from_state_dict(
(WorkerDict pid=3637328) /home/cxr/miniconda3/envs/vllm/lib/python3.11/site-packages/torch/nn/modules/module.py:2589: UserWarning: for base_model.model.model.layers.38.mlp.gate_proj.lora_A.default.weight: copying from a non-meta parameter in the checkpoint to a meta parameter in the current model, which is a no-op. (Did you mean to pass `assign=True` to assign items in the state dictionary to their corresponding key in the module instead of copying them in place?)
(WorkerDict pid=3637328)   module._load_from_state_dict(
(WorkerDict pid=3637328) /home/cxr/miniconda3/envs/vllm/lib/python3.11/site-packages/torch/nn/modules/module.py:2589: UserWarning: for base_model.model.model.layers.38.mlp.gate_proj.lora_B.default.weight: copying from a non-meta parameter in the checkpoint to a meta parameter in the current model, which is a no-op. (Did you mean to pass `assign=True` to assign items in the state dictionary to their corresponding key in the module instead of copying them in place?)
(WorkerDict pid=3637328)   module._load_from_state_dict(
(WorkerDict pid=3637328) /home/cxr/miniconda3/envs/vllm/lib/python3.11/site-packages/torch/nn/modules/module.py:2589: UserWarning: for base_model.model.model.layers.38.mlp.up_proj.lora_A.default.weight: copying from a non-meta parameter in the checkpoint to a meta parameter in the current model, which is a no-op. (Did you mean to pass `assign=True` to assign items in the state dictionary to their corresponding key in the module instead of copying them in place?)
(WorkerDict pid=3637328)   module._load_from_state_dict(
(WorkerDict pid=3637328) /home/cxr/miniconda3/envs/vllm/lib/python3.11/site-packages/torch/nn/modules/module.py:2589: UserWarning: for base_model.model.model.layers.38.mlp.up_proj.lora_B.default.weight: copying from a non-meta parameter in the checkpoint to a meta parameter in the current model, which is a no-op. (Did you mean to pass `assign=True` to assign items in the state dictionary to their corresponding key in the module instead of copying them in place?)
(WorkerDict pid=3637328)   module._load_from_state_dict(
(WorkerDict pid=3637328) /home/cxr/miniconda3/envs/vllm/lib/python3.11/site-packages/torch/nn/modules/module.py:2589: UserWarning: for base_model.model.model.layers.38.mlp.down_proj.lora_A.default.weight: copying from a non-meta parameter in the checkpoint to a meta parameter in the current model, which is a no-op. (Did you mean to pass `assign=True` to assign items in the state dictionary to their corresponding key in the module instead of copying them in place?)
(WorkerDict pid=3637328)   module._load_from_state_dict(
(WorkerDict pid=3637328) /home/cxr/miniconda3/envs/vllm/lib/python3.11/site-packages/torch/nn/modules/module.py:2589: UserWarning: for base_model.model.model.layers.38.mlp.down_proj.lora_B.default.weight: copying from a non-meta parameter in the checkpoint to a meta parameter in the current model, which is a no-op. (Did you mean to pass `assign=True` to assign items in the state dictionary to their corresponding key in the module instead of copying them in place?)
(WorkerDict pid=3637328)   module._load_from_state_dict(
(WorkerDict pid=3637328) /home/cxr/miniconda3/envs/vllm/lib/python3.11/site-packages/torch/nn/modules/module.py:2589: UserWarning: for base_model.model.model.layers.39.self_attn.q_proj.lora_A.default.weight: copying from a non-meta parameter in the checkpoint to a meta parameter in the current model, which is a no-op. (Did you mean to pass `assign=True` to assign items in the state dictionary to their corresponding key in the module instead of copying them in place?)
(WorkerDict pid=3637328)   module._load_from_state_dict(
(WorkerDict pid=3637328) /home/cxr/miniconda3/envs/vllm/lib/python3.11/site-packages/torch/nn/modules/module.py:2589: UserWarning: for base_model.model.model.layers.39.self_attn.q_proj.lora_B.default.weight: copying from a non-meta parameter in the checkpoint to a meta parameter in the current model, which is a no-op. (Did you mean to pass `assign=True` to assign items in the state dictionary to their corresponding key in the module instead of copying them in place?)
(WorkerDict pid=3637328)   module._load_from_state_dict(
(WorkerDict pid=3637328) /home/cxr/miniconda3/envs/vllm/lib/python3.11/site-packages/torch/nn/modules/module.py:2589: UserWarning: for base_model.model.model.layers.39.self_attn.k_proj.lora_A.default.weight: copying from a non-meta parameter in the checkpoint to a meta parameter in the current model, which is a no-op. (Did you mean to pass `assign=True` to assign items in the state dictionary to their corresponding key in the module instead of copying them in place?)
(WorkerDict pid=3637328)   module._load_from_state_dict(
(WorkerDict pid=3637328) /home/cxr/miniconda3/envs/vllm/lib/python3.11/site-packages/torch/nn/modules/module.py:2589: UserWarning: for base_model.model.model.layers.39.self_attn.k_proj.lora_B.default.weight: copying from a non-meta parameter in the checkpoint to a meta parameter in the current model, which is a no-op. (Did you mean to pass `assign=True` to assign items in the state dictionary to their corresponding key in the module instead of copying them in place?)
(WorkerDict pid=3637328)   module._load_from_state_dict(
(WorkerDict pid=3637328) /home/cxr/miniconda3/envs/vllm/lib/python3.11/site-packages/torch/nn/modules/module.py:2589: UserWarning: for base_model.model.model.layers.39.self_attn.v_proj.lora_A.default.weight: copying from a non-meta parameter in the checkpoint to a meta parameter in the current model, which is a no-op. (Did you mean to pass `assign=True` to assign items in the state dictionary to their corresponding key in the module instead of copying them in place?)
(WorkerDict pid=3637328)   module._load_from_state_dict(
(WorkerDict pid=3637328) /home/cxr/miniconda3/envs/vllm/lib/python3.11/site-packages/torch/nn/modules/module.py:2589: UserWarning: for base_model.model.model.layers.39.self_attn.v_proj.lora_B.default.weight: copying from a non-meta parameter in the checkpoint to a meta parameter in the current model, which is a no-op. (Did you mean to pass `assign=True` to assign items in the state dictionary to their corresponding key in the module instead of copying them in place?)
(WorkerDict pid=3637328)   module._load_from_state_dict(
(WorkerDict pid=3637328) /home/cxr/miniconda3/envs/vllm/lib/python3.11/site-packages/torch/nn/modules/module.py:2589: UserWarning: for base_model.model.model.layers.39.self_attn.o_proj.lora_A.default.weight: copying from a non-meta parameter in the checkpoint to a meta parameter in the current model, which is a no-op. (Did you mean to pass `assign=True` to assign items in the state dictionary to their corresponding key in the module instead of copying them in place?)
(WorkerDict pid=3637328)   module._load_from_state_dict(
(WorkerDict pid=3637328) /home/cxr/miniconda3/envs/vllm/lib/python3.11/site-packages/torch/nn/modules/module.py:2589: UserWarning: for base_model.model.model.layers.39.self_attn.o_proj.lora_B.default.weight: copying from a non-meta parameter in the checkpoint to a meta parameter in the current model, which is a no-op. (Did you mean to pass `assign=True` to assign items in the state dictionary to their corresponding key in the module instead of copying them in place?)
(WorkerDict pid=3637328)   module._load_from_state_dict(
(WorkerDict pid=3637328) /home/cxr/miniconda3/envs/vllm/lib/python3.11/site-packages/torch/nn/modules/module.py:2589: UserWarning: for base_model.model.model.layers.39.mlp.gate_proj.lora_A.default.weight: copying from a non-meta parameter in the checkpoint to a meta parameter in the current model, which is a no-op. (Did you mean to pass `assign=True` to assign items in the state dictionary to their corresponding key in the module instead of copying them in place?)
(WorkerDict pid=3637328)   module._load_from_state_dict(
(WorkerDict pid=3637328) /home/cxr/miniconda3/envs/vllm/lib/python3.11/site-packages/torch/nn/modules/module.py:2589: UserWarning: for base_model.model.model.layers.39.mlp.gate_proj.lora_B.default.weight: copying from a non-meta parameter in the checkpoint to a meta parameter in the current model, which is a no-op. (Did you mean to pass `assign=True` to assign items in the state dictionary to their corresponding key in the module instead of copying them in place?)
(WorkerDict pid=3637328)   module._load_from_state_dict(
(WorkerDict pid=3637328) /home/cxr/miniconda3/envs/vllm/lib/python3.11/site-packages/torch/nn/modules/module.py:2589: UserWarning: for base_model.model.model.layers.39.mlp.up_proj.lora_A.default.weight: copying from a non-meta parameter in the checkpoint to a meta parameter in the current model, which is a no-op. (Did you mean to pass `assign=True` to assign items in the state dictionary to their corresponding key in the module instead of copying them in place?)
(WorkerDict pid=3637328)   module._load_from_state_dict(
(WorkerDict pid=3637328) /home/cxr/miniconda3/envs/vllm/lib/python3.11/site-packages/torch/nn/modules/module.py:2589: UserWarning: for base_model.model.model.layers.39.mlp.up_proj.lora_B.default.weight: copying from a non-meta parameter in the checkpoint to a meta parameter in the current model, which is a no-op. (Did you mean to pass `assign=True` to assign items in the state dictionary to their corresponding key in the module instead of copying them in place?)
(WorkerDict pid=3637328)   module._load_from_state_dict(
(WorkerDict pid=3637328) /home/cxr/miniconda3/envs/vllm/lib/python3.11/site-packages/torch/nn/modules/module.py:2589: UserWarning: for base_model.model.model.layers.39.mlp.down_proj.lora_A.default.weight: copying from a non-meta parameter in the checkpoint to a meta parameter in the current model, which is a no-op. (Did you mean to pass `assign=True` to assign items in the state dictionary to their corresponding key in the module instead of copying them in place?)
(WorkerDict pid=3637328)   module._load_from_state_dict(
(WorkerDict pid=3637328) /home/cxr/miniconda3/envs/vllm/lib/python3.11/site-packages/torch/nn/modules/module.py:2589: UserWarning: for base_model.model.model.layers.39.mlp.down_proj.lora_B.default.weight: copying from a non-meta parameter in the checkpoint to a meta parameter in the current model, which is a no-op. (Did you mean to pass `assign=True` to assign items in the state dictionary to their corresponding key in the module instead of copying them in place?)
(WorkerDict pid=3637328)   module._load_from_state_dict(
(WorkerDict pid=3637328) /home/cxr/miniconda3/envs/vllm/lib/python3.11/site-packages/torch/nn/modules/module.py:2589: UserWarning: for base_model.model.model.layers.40.self_attn.q_proj.lora_A.default.weight: copying from a non-meta parameter in the checkpoint to a meta parameter in the current model, which is a no-op. (Did you mean to pass `assign=True` to assign items in the state dictionary to their corresponding key in the module instead of copying them in place?)
(WorkerDict pid=3637328)   module._load_from_state_dict(
(WorkerDict pid=3637328) /home/cxr/miniconda3/envs/vllm/lib/python3.11/site-packages/torch/nn/modules/module.py:2589: UserWarning: for base_model.model.model.layers.40.self_attn.q_proj.lora_B.default.weight: copying from a non-meta parameter in the checkpoint to a meta parameter in the current model, which is a no-op. (Did you mean to pass `assign=True` to assign items in the state dictionary to their corresponding key in the module instead of copying them in place?)
(WorkerDict pid=3637328)   module._load_from_state_dict(
(WorkerDict pid=3637328) /home/cxr/miniconda3/envs/vllm/lib/python3.11/site-packages/torch/nn/modules/module.py:2589: UserWarning: for base_model.model.model.layers.40.self_attn.k_proj.lora_A.default.weight: copying from a non-meta parameter in the checkpoint to a meta parameter in the current model, which is a no-op. (Did you mean to pass `assign=True` to assign items in the state dictionary to their corresponding key in the module instead of copying them in place?)
(WorkerDict pid=3637328)   module._load_from_state_dict(
(WorkerDict pid=3637328) /home/cxr/miniconda3/envs/vllm/lib/python3.11/site-packages/torch/nn/modules/module.py:2589: UserWarning: for base_model.model.model.layers.40.self_attn.k_proj.lora_B.default.weight: copying from a non-meta parameter in the checkpoint to a meta parameter in the current model, which is a no-op. (Did you mean to pass `assign=True` to assign items in the state dictionary to their corresponding key in the module instead of copying them in place?)
(WorkerDict pid=3637328)   module._load_from_state_dict(
(WorkerDict pid=3637328) /home/cxr/miniconda3/envs/vllm/lib/python3.11/site-packages/torch/nn/modules/module.py:2589: UserWarning: for base_model.model.model.layers.40.self_attn.v_proj.lora_A.default.weight: copying from a non-meta parameter in the checkpoint to a meta parameter in the current model, which is a no-op. (Did you mean to pass `assign=True` to assign items in the state dictionary to their corresponding key in the module instead of copying them in place?)
(WorkerDict pid=3637328)   module._load_from_state_dict(
(WorkerDict pid=3637328) /home/cxr/miniconda3/envs/vllm/lib/python3.11/site-packages/torch/nn/modules/module.py:2589: UserWarning: for base_model.model.model.layers.40.self_attn.v_proj.lora_B.default.weight: copying from a non-meta parameter in the checkpoint to a meta parameter in the current model, which is a no-op. (Did you mean to pass `assign=True` to assign items in the state dictionary to their corresponding key in the module instead of copying them in place?)
(WorkerDict pid=3637328)   module._load_from_state_dict(
(WorkerDict pid=3637328) /home/cxr/miniconda3/envs/vllm/lib/python3.11/site-packages/torch/nn/modules/module.py:2589: UserWarning: for base_model.model.model.layers.40.self_attn.o_proj.lora_A.default.weight: copying from a non-meta parameter in the checkpoint to a meta parameter in the current model, which is a no-op. (Did you mean to pass `assign=True` to assign items in the state dictionary to their corresponding key in the module instead of copying them in place?)
(WorkerDict pid=3637328)   module._load_from_state_dict(
(WorkerDict pid=3637328) /home/cxr/miniconda3/envs/vllm/lib/python3.11/site-packages/torch/nn/modules/module.py:2589: UserWarning: for base_model.model.model.layers.40.self_attn.o_proj.lora_B.default.weight: copying from a non-meta parameter in the checkpoint to a meta parameter in the current model, which is a no-op. (Did you mean to pass `assign=True` to assign items in the state dictionary to their corresponding key in the module instead of copying them in place?)
(WorkerDict pid=3637328)   module._load_from_state_dict(
(WorkerDict pid=3637328) /home/cxr/miniconda3/envs/vllm/lib/python3.11/site-packages/torch/nn/modules/module.py:2589: UserWarning: for base_model.model.model.layers.40.mlp.gate_proj.lora_A.default.weight: copying from a non-meta parameter in the checkpoint to a meta parameter in the current model, which is a no-op. (Did you mean to pass `assign=True` to assign items in the state dictionary to their corresponding key in the module instead of copying them in place?)
(WorkerDict pid=3637328)   module._load_from_state_dict(
(WorkerDict pid=3637328) /home/cxr/miniconda3/envs/vllm/lib/python3.11/site-packages/torch/nn/modules/module.py:2589: UserWarning: for base_model.model.model.layers.40.mlp.gate_proj.lora_B.default.weight: copying from a non-meta parameter in the checkpoint to a meta parameter in the current model, which is a no-op. (Did you mean to pass `assign=True` to assign items in the state dictionary to their corresponding key in the module instead of copying them in place?)
(WorkerDict pid=3637328)   module._load_from_state_dict(
(WorkerDict pid=3637328) /home/cxr/miniconda3/envs/vllm/lib/python3.11/site-packages/torch/nn/modules/module.py:2589: UserWarning: for base_model.model.model.layers.40.mlp.up_proj.lora_A.default.weight: copying from a non-meta parameter in the checkpoint to a meta parameter in the current model, which is a no-op. (Did you mean to pass `assign=True` to assign items in the state dictionary to their corresponding key in the module instead of copying them in place?)
(WorkerDict pid=3637328)   module._load_from_state_dict(
(WorkerDict pid=3637328) /home/cxr/miniconda3/envs/vllm/lib/python3.11/site-packages/torch/nn/modules/module.py:2589: UserWarning: for base_model.model.model.layers.40.mlp.up_proj.lora_B.default.weight: copying from a non-meta parameter in the checkpoint to a meta parameter in the current model, which is a no-op. (Did you mean to pass `assign=True` to assign items in the state dictionary to their corresponding key in the module instead of copying them in place?)
(WorkerDict pid=3637328)   module._load_from_state_dict(
(WorkerDict pid=3637328) /home/cxr/miniconda3/envs/vllm/lib/python3.11/site-packages/torch/nn/modules/module.py:2589: UserWarning: for base_model.model.model.layers.40.mlp.down_proj.lora_A.default.weight: copying from a non-meta parameter in the checkpoint to a meta parameter in the current model, which is a no-op. (Did you mean to pass `assign=True` to assign items in the state dictionary to their corresponding key in the module instead of copying them in place?)
(WorkerDict pid=3637328)   module._load_from_state_dict(
(WorkerDict pid=3637328) /home/cxr/miniconda3/envs/vllm/lib/python3.11/site-packages/torch/nn/modules/module.py:2589: UserWarning: for base_model.model.model.layers.40.mlp.down_proj.lora_B.default.weight: copying from a non-meta parameter in the checkpoint to a meta parameter in the current model, which is a no-op. (Did you mean to pass `assign=True` to assign items in the state dictionary to their corresponding key in the module instead of copying them in place?)
(WorkerDict pid=3637328)   module._load_from_state_dict(
(WorkerDict pid=3637328) /home/cxr/miniconda3/envs/vllm/lib/python3.11/site-packages/torch/nn/modules/module.py:2589: UserWarning: for base_model.model.model.layers.41.self_attn.q_proj.lora_A.default.weight: copying from a non-meta parameter in the checkpoint to a meta parameter in the current model, which is a no-op. (Did you mean to pass `assign=True` to assign items in the state dictionary to their corresponding key in the module instead of copying them in place?)
(WorkerDict pid=3637328)   module._load_from_state_dict(
(WorkerDict pid=3637328) /home/cxr/miniconda3/envs/vllm/lib/python3.11/site-packages/torch/nn/modules/module.py:2589: UserWarning: for base_model.model.model.layers.41.self_attn.q_proj.lora_B.default.weight: copying from a non-meta parameter in the checkpoint to a meta parameter in the current model, which is a no-op. (Did you mean to pass `assign=True` to assign items in the state dictionary to their corresponding key in the module instead of copying them in place?)
(WorkerDict pid=3637328)   module._load_from_state_dict(
(WorkerDict pid=3637328) /home/cxr/miniconda3/envs/vllm/lib/python3.11/site-packages/torch/nn/modules/module.py:2589: UserWarning: for base_model.model.model.layers.41.self_attn.k_proj.lora_A.default.weight: copying from a non-meta parameter in the checkpoint to a meta parameter in the current model, which is a no-op. (Did you mean to pass `assign=True` to assign items in the state dictionary to their corresponding key in the module instead of copying them in place?)
(WorkerDict pid=3637328)   module._load_from_state_dict(
(WorkerDict pid=3637328) /home/cxr/miniconda3/envs/vllm/lib/python3.11/site-packages/torch/nn/modules/module.py:2589: UserWarning: for base_model.model.model.layers.41.self_attn.k_proj.lora_B.default.weight: copying from a non-meta parameter in the checkpoint to a meta parameter in the current model, which is a no-op. (Did you mean to pass `assign=True` to assign items in the state dictionary to their corresponding key in the module instead of copying them in place?)
(WorkerDict pid=3637328)   module._load_from_state_dict(
(WorkerDict pid=3637328) /home/cxr/miniconda3/envs/vllm/lib/python3.11/site-packages/torch/nn/modules/module.py:2589: UserWarning: for base_model.model.model.layers.41.self_attn.v_proj.lora_A.default.weight: copying from a non-meta parameter in the checkpoint to a meta parameter in the current model, which is a no-op. (Did you mean to pass `assign=True` to assign items in the state dictionary to their corresponding key in the module instead of copying them in place?)
(WorkerDict pid=3637328)   module._load_from_state_dict(
(WorkerDict pid=3637328) /home/cxr/miniconda3/envs/vllm/lib/python3.11/site-packages/torch/nn/modules/module.py:2589: UserWarning: for base_model.model.model.layers.41.self_attn.v_proj.lora_B.default.weight: copying from a non-meta parameter in the checkpoint to a meta parameter in the current model, which is a no-op. (Did you mean to pass `assign=True` to assign items in the state dictionary to their corresponding key in the module instead of copying them in place?)
(WorkerDict pid=3637328)   module._load_from_state_dict(
(WorkerDict pid=3637328) /home/cxr/miniconda3/envs/vllm/lib/python3.11/site-packages/torch/nn/modules/module.py:2589: UserWarning: for base_model.model.model.layers.41.self_attn.o_proj.lora_A.default.weight: copying from a non-meta parameter in the checkpoint to a meta parameter in the current model, which is a no-op. (Did you mean to pass `assign=True` to assign items in the state dictionary to their corresponding key in the module instead of copying them in place?)
(WorkerDict pid=3637328)   module._load_from_state_dict(
(WorkerDict pid=3637328) /home/cxr/miniconda3/envs/vllm/lib/python3.11/site-packages/torch/nn/modules/module.py:2589: UserWarning: for base_model.model.model.layers.41.self_attn.o_proj.lora_B.default.weight: copying from a non-meta parameter in the checkpoint to a meta parameter in the current model, which is a no-op. (Did you mean to pass `assign=True` to assign items in the state dictionary to their corresponding key in the module instead of copying them in place?)
(WorkerDict pid=3637328)   module._load_from_state_dict(
(WorkerDict pid=3637328) /home/cxr/miniconda3/envs/vllm/lib/python3.11/site-packages/torch/nn/modules/module.py:2589: UserWarning: for base_model.model.model.layers.41.mlp.gate_proj.lora_A.default.weight: copying from a non-meta parameter in the checkpoint to a meta parameter in the current model, which is a no-op. (Did you mean to pass `assign=True` to assign items in the state dictionary to their corresponding key in the module instead of copying them in place?)
(WorkerDict pid=3637328)   module._load_from_state_dict(
(WorkerDict pid=3637328) /home/cxr/miniconda3/envs/vllm/lib/python3.11/site-packages/torch/nn/modules/module.py:2589: UserWarning: for base_model.model.model.layers.41.mlp.gate_proj.lora_B.default.weight: copying from a non-meta parameter in the checkpoint to a meta parameter in the current model, which is a no-op. (Did you mean to pass `assign=True` to assign items in the state dictionary to their corresponding key in the module instead of copying them in place?)
(WorkerDict pid=3637328)   module._load_from_state_dict(
(WorkerDict pid=3637328) /home/cxr/miniconda3/envs/vllm/lib/python3.11/site-packages/torch/nn/modules/module.py:2589: UserWarning: for base_model.model.model.layers.41.mlp.up_proj.lora_A.default.weight: copying from a non-meta parameter in the checkpoint to a meta parameter in the current model, which is a no-op. (Did you mean to pass `assign=True` to assign items in the state dictionary to their corresponding key in the module instead of copying them in place?)
(WorkerDict pid=3637328)   module._load_from_state_dict(
(WorkerDict pid=3637328) /home/cxr/miniconda3/envs/vllm/lib/python3.11/site-packages/torch/nn/modules/module.py:2589: UserWarning: for base_model.model.model.layers.41.mlp.up_proj.lora_B.default.weight: copying from a non-meta parameter in the checkpoint to a meta parameter in the current model, which is a no-op. (Did you mean to pass `assign=True` to assign items in the state dictionary to their corresponding key in the module instead of copying them in place?)
(WorkerDict pid=3637328)   module._load_from_state_dict(
(WorkerDict pid=3637328) /home/cxr/miniconda3/envs/vllm/lib/python3.11/site-packages/torch/nn/modules/module.py:2589: UserWarning: for base_model.model.model.layers.41.mlp.down_proj.lora_A.default.weight: copying from a non-meta parameter in the checkpoint to a meta parameter in the current model, which is a no-op. (Did you mean to pass `assign=True` to assign items in the state dictionary to their corresponding key in the module instead of copying them in place?)
(WorkerDict pid=3637328)   module._load_from_state_dict(
(WorkerDict pid=3637328) /home/cxr/miniconda3/envs/vllm/lib/python3.11/site-packages/torch/nn/modules/module.py:2589: UserWarning: for base_model.model.model.layers.41.mlp.down_proj.lora_B.default.weight: copying from a non-meta parameter in the checkpoint to a meta parameter in the current model, which is a no-op. (Did you mean to pass `assign=True` to assign items in the state dictionary to their corresponding key in the module instead of copying them in place?)
(WorkerDict pid=3637328)   module._load_from_state_dict(
(WorkerDict pid=3637328) /home/cxr/miniconda3/envs/vllm/lib/python3.11/site-packages/torch/nn/modules/module.py:2589: UserWarning: for base_model.model.model.layers.42.self_attn.q_proj.lora_A.default.weight: copying from a non-meta parameter in the checkpoint to a meta parameter in the current model, which is a no-op. (Did you mean to pass `assign=True` to assign items in the state dictionary to their corresponding key in the module instead of copying them in place?)
(WorkerDict pid=3637328)   module._load_from_state_dict(
(WorkerDict pid=3637328) /home/cxr/miniconda3/envs/vllm/lib/python3.11/site-packages/torch/nn/modules/module.py:2589: UserWarning: for base_model.model.model.layers.42.self_attn.q_proj.lora_B.default.weight: copying from a non-meta parameter in the checkpoint to a meta parameter in the current model, which is a no-op. (Did you mean to pass `assign=True` to assign items in the state dictionary to their corresponding key in the module instead of copying them in place?)
(WorkerDict pid=3637328)   module._load_from_state_dict(
(WorkerDict pid=3637328) /home/cxr/miniconda3/envs/vllm/lib/python3.11/site-packages/torch/nn/modules/module.py:2589: UserWarning: for base_model.model.model.layers.42.self_attn.k_proj.lora_A.default.weight: copying from a non-meta parameter in the checkpoint to a meta parameter in the current model, which is a no-op. (Did you mean to pass `assign=True` to assign items in the state dictionary to their corresponding key in the module instead of copying them in place?)
(WorkerDict pid=3637328)   module._load_from_state_dict(
(WorkerDict pid=3637328) /home/cxr/miniconda3/envs/vllm/lib/python3.11/site-packages/torch/nn/modules/module.py:2589: UserWarning: for base_model.model.model.layers.42.self_attn.k_proj.lora_B.default.weight: copying from a non-meta parameter in the checkpoint to a meta parameter in the current model, which is a no-op. (Did you mean to pass `assign=True` to assign items in the state dictionary to their corresponding key in the module instead of copying them in place?)
(WorkerDict pid=3637328)   module._load_from_state_dict(
(WorkerDict pid=3637328) /home/cxr/miniconda3/envs/vllm/lib/python3.11/site-packages/torch/nn/modules/module.py:2589: UserWarning: for base_model.model.model.layers.42.self_attn.v_proj.lora_A.default.weight: copying from a non-meta parameter in the checkpoint to a meta parameter in the current model, which is a no-op. (Did you mean to pass `assign=True` to assign items in the state dictionary to their corresponding key in the module instead of copying them in place?)
(WorkerDict pid=3637328)   module._load_from_state_dict(
(WorkerDict pid=3637328) /home/cxr/miniconda3/envs/vllm/lib/python3.11/site-packages/torch/nn/modules/module.py:2589: UserWarning: for base_model.model.model.layers.42.self_attn.v_proj.lora_B.default.weight: copying from a non-meta parameter in the checkpoint to a meta parameter in the current model, which is a no-op. (Did you mean to pass `assign=True` to assign items in the state dictionary to their corresponding key in the module instead of copying them in place?)
(WorkerDict pid=3637328)   module._load_from_state_dict(
(WorkerDict pid=3637328) /home/cxr/miniconda3/envs/vllm/lib/python3.11/site-packages/torch/nn/modules/module.py:2589: UserWarning: for base_model.model.model.layers.42.self_attn.o_proj.lora_A.default.weight: copying from a non-meta parameter in the checkpoint to a meta parameter in the current model, which is a no-op. (Did you mean to pass `assign=True` to assign items in the state dictionary to their corresponding key in the module instead of copying them in place?)
(WorkerDict pid=3637328)   module._load_from_state_dict(
(WorkerDict pid=3637328) /home/cxr/miniconda3/envs/vllm/lib/python3.11/site-packages/torch/nn/modules/module.py:2589: UserWarning: for base_model.model.model.layers.42.self_attn.o_proj.lora_B.default.weight: copying from a non-meta parameter in the checkpoint to a meta parameter in the current model, which is a no-op. (Did you mean to pass `assign=True` to assign items in the state dictionary to their corresponding key in the module instead of copying them in place?)
(WorkerDict pid=3637328)   module._load_from_state_dict(
(WorkerDict pid=3637328) /home/cxr/miniconda3/envs/vllm/lib/python3.11/site-packages/torch/nn/modules/module.py:2589: UserWarning: for base_model.model.model.layers.42.mlp.gate_proj.lora_A.default.weight: copying from a non-meta parameter in the checkpoint to a meta parameter in the current model, which is a no-op. (Did you mean to pass `assign=True` to assign items in the state dictionary to their corresponding key in the module instead of copying them in place?)
(WorkerDict pid=3637328)   module._load_from_state_dict(
(WorkerDict pid=3637328) /home/cxr/miniconda3/envs/vllm/lib/python3.11/site-packages/torch/nn/modules/module.py:2589: UserWarning: for base_model.model.model.layers.42.mlp.gate_proj.lora_B.default.weight: copying from a non-meta parameter in the checkpoint to a meta parameter in the current model, which is a no-op. (Did you mean to pass `assign=True` to assign items in the state dictionary to their corresponding key in the module instead of copying them in place?)
(WorkerDict pid=3637328)   module._load_from_state_dict(
(WorkerDict pid=3637328) /home/cxr/miniconda3/envs/vllm/lib/python3.11/site-packages/torch/nn/modules/module.py:2589: UserWarning: for base_model.model.model.layers.42.mlp.up_proj.lora_A.default.weight: copying from a non-meta parameter in the checkpoint to a meta parameter in the current model, which is a no-op. (Did you mean to pass `assign=True` to assign items in the state dictionary to their corresponding key in the module instead of copying them in place?)
(WorkerDict pid=3637328)   module._load_from_state_dict(
(WorkerDict pid=3637328) /home/cxr/miniconda3/envs/vllm/lib/python3.11/site-packages/torch/nn/modules/module.py:2589: UserWarning: for base_model.model.model.layers.42.mlp.up_proj.lora_B.default.weight: copying from a non-meta parameter in the checkpoint to a meta parameter in the current model, which is a no-op. (Did you mean to pass `assign=True` to assign items in the state dictionary to their corresponding key in the module instead of copying them in place?)
(WorkerDict pid=3637328)   module._load_from_state_dict(
(WorkerDict pid=3637328) /home/cxr/miniconda3/envs/vllm/lib/python3.11/site-packages/torch/nn/modules/module.py:2589: UserWarning: for base_model.model.model.layers.42.mlp.down_proj.lora_A.default.weight: copying from a non-meta parameter in the checkpoint to a meta parameter in the current model, which is a no-op. (Did you mean to pass `assign=True` to assign items in the state dictionary to their corresponding key in the module instead of copying them in place?)
(WorkerDict pid=3637328)   module._load_from_state_dict(
(WorkerDict pid=3637328) /home/cxr/miniconda3/envs/vllm/lib/python3.11/site-packages/torch/nn/modules/module.py:2589: UserWarning: for base_model.model.model.layers.42.mlp.down_proj.lora_B.default.weight: copying from a non-meta parameter in the checkpoint to a meta parameter in the current model, which is a no-op. (Did you mean to pass `assign=True` to assign items in the state dictionary to their corresponding key in the module instead of copying them in place?)
(WorkerDict pid=3637328)   module._load_from_state_dict(
(WorkerDict pid=3637328) /home/cxr/miniconda3/envs/vllm/lib/python3.11/site-packages/torch/nn/modules/module.py:2589: UserWarning: for base_model.model.model.layers.43.self_attn.q_proj.lora_A.default.weight: copying from a non-meta parameter in the checkpoint to a meta parameter in the current model, which is a no-op. (Did you mean to pass `assign=True` to assign items in the state dictionary to their corresponding key in the module instead of copying them in place?)
(WorkerDict pid=3637328)   module._load_from_state_dict(
(WorkerDict pid=3637328) /home/cxr/miniconda3/envs/vllm/lib/python3.11/site-packages/torch/nn/modules/module.py:2589: UserWarning: for base_model.model.model.layers.43.self_attn.q_proj.lora_B.default.weight: copying from a non-meta parameter in the checkpoint to a meta parameter in the current model, which is a no-op. (Did you mean to pass `assign=True` to assign items in the state dictionary to their corresponding key in the module instead of copying them in place?)
(WorkerDict pid=3637328)   module._load_from_state_dict(
(WorkerDict pid=3637328) /home/cxr/miniconda3/envs/vllm/lib/python3.11/site-packages/torch/nn/modules/module.py:2589: UserWarning: for base_model.model.model.layers.43.self_attn.k_proj.lora_A.default.weight: copying from a non-meta parameter in the checkpoint to a meta parameter in the current model, which is a no-op. (Did you mean to pass `assign=True` to assign items in the state dictionary to their corresponding key in the module instead of copying them in place?)
(WorkerDict pid=3637328)   module._load_from_state_dict(
(WorkerDict pid=3637328) /home/cxr/miniconda3/envs/vllm/lib/python3.11/site-packages/torch/nn/modules/module.py:2589: UserWarning: for base_model.model.model.layers.43.self_attn.k_proj.lora_B.default.weight: copying from a non-meta parameter in the checkpoint to a meta parameter in the current model, which is a no-op. (Did you mean to pass `assign=True` to assign items in the state dictionary to their corresponding key in the module instead of copying them in place?)
(WorkerDict pid=3637328)   module._load_from_state_dict(
(WorkerDict pid=3637328) /home/cxr/miniconda3/envs/vllm/lib/python3.11/site-packages/torch/nn/modules/module.py:2589: UserWarning: for base_model.model.model.layers.43.self_attn.v_proj.lora_A.default.weight: copying from a non-meta parameter in the checkpoint to a meta parameter in the current model, which is a no-op. (Did you mean to pass `assign=True` to assign items in the state dictionary to their corresponding key in the module instead of copying them in place?)
(WorkerDict pid=3637328)   module._load_from_state_dict(
(WorkerDict pid=3637328) /home/cxr/miniconda3/envs/vllm/lib/python3.11/site-packages/torch/nn/modules/module.py:2589: UserWarning: for base_model.model.model.layers.43.self_attn.v_proj.lora_B.default.weight: copying from a non-meta parameter in the checkpoint to a meta parameter in the current model, which is a no-op. (Did you mean to pass `assign=True` to assign items in the state dictionary to their corresponding key in the module instead of copying them in place?)
(WorkerDict pid=3637328)   module._load_from_state_dict(
(WorkerDict pid=3637328) /home/cxr/miniconda3/envs/vllm/lib/python3.11/site-packages/torch/nn/modules/module.py:2589: UserWarning: for base_model.model.model.layers.43.self_attn.o_proj.lora_A.default.weight: copying from a non-meta parameter in the checkpoint to a meta parameter in the current model, which is a no-op. (Did you mean to pass `assign=True` to assign items in the state dictionary to their corresponding key in the module instead of copying them in place?)
(WorkerDict pid=3637328)   module._load_from_state_dict(
(WorkerDict pid=3637328) /home/cxr/miniconda3/envs/vllm/lib/python3.11/site-packages/torch/nn/modules/module.py:2589: UserWarning: for base_model.model.model.layers.43.self_attn.o_proj.lora_B.default.weight: copying from a non-meta parameter in the checkpoint to a meta parameter in the current model, which is a no-op. (Did you mean to pass `assign=True` to assign items in the state dictionary to their corresponding key in the module instead of copying them in place?)
(WorkerDict pid=3637328)   module._load_from_state_dict(
(WorkerDict pid=3637328) /home/cxr/miniconda3/envs/vllm/lib/python3.11/site-packages/torch/nn/modules/module.py:2589: UserWarning: for base_model.model.model.layers.43.mlp.gate_proj.lora_A.default.weight: copying from a non-meta parameter in the checkpoint to a meta parameter in the current model, which is a no-op. (Did you mean to pass `assign=True` to assign items in the state dictionary to their corresponding key in the module instead of copying them in place?)
(WorkerDict pid=3637328)   module._load_from_state_dict(
(WorkerDict pid=3637328) /home/cxr/miniconda3/envs/vllm/lib/python3.11/site-packages/torch/nn/modules/module.py:2589: UserWarning: for base_model.model.model.layers.43.mlp.gate_proj.lora_B.default.weight: copying from a non-meta parameter in the checkpoint to a meta parameter in the current model, which is a no-op. (Did you mean to pass `assign=True` to assign items in the state dictionary to their corresponding key in the module instead of copying them in place?)
(WorkerDict pid=3637328)   module._load_from_state_dict(
(WorkerDict pid=3637328) /home/cxr/miniconda3/envs/vllm/lib/python3.11/site-packages/torch/nn/modules/module.py:2589: UserWarning: for base_model.model.model.layers.43.mlp.up_proj.lora_A.default.weight: copying from a non-meta parameter in the checkpoint to a meta parameter in the current model, which is a no-op. (Did you mean to pass `assign=True` to assign items in the state dictionary to their corresponding key in the module instead of copying them in place?)
(WorkerDict pid=3637328)   module._load_from_state_dict(
(WorkerDict pid=3637328) /home/cxr/miniconda3/envs/vllm/lib/python3.11/site-packages/torch/nn/modules/module.py:2589: UserWarning: for base_model.model.model.layers.43.mlp.up_proj.lora_B.default.weight: copying from a non-meta parameter in the checkpoint to a meta parameter in the current model, which is a no-op. (Did you mean to pass `assign=True` to assign items in the state dictionary to their corresponding key in the module instead of copying them in place?)
(WorkerDict pid=3637328)   module._load_from_state_dict(
(WorkerDict pid=3637328) /home/cxr/miniconda3/envs/vllm/lib/python3.11/site-packages/torch/nn/modules/module.py:2589: UserWarning: for base_model.model.model.layers.43.mlp.down_proj.lora_A.default.weight: copying from a non-meta parameter in the checkpoint to a meta parameter in the current model, which is a no-op. (Did you mean to pass `assign=True` to assign items in the state dictionary to their corresponding key in the module instead of copying them in place?)
(WorkerDict pid=3637328)   module._load_from_state_dict(
(WorkerDict pid=3637328) /home/cxr/miniconda3/envs/vllm/lib/python3.11/site-packages/torch/nn/modules/module.py:2589: UserWarning: for base_model.model.model.layers.43.mlp.down_proj.lora_B.default.weight: copying from a non-meta parameter in the checkpoint to a meta parameter in the current model, which is a no-op. (Did you mean to pass `assign=True` to assign items in the state dictionary to their corresponding key in the module instead of copying them in place?)
(WorkerDict pid=3637328)   module._load_from_state_dict(
(WorkerDict pid=3637328) /home/cxr/miniconda3/envs/vllm/lib/python3.11/site-packages/torch/nn/modules/module.py:2589: UserWarning: for base_model.model.model.layers.44.self_attn.q_proj.lora_A.default.weight: copying from a non-meta parameter in the checkpoint to a meta parameter in the current model, which is a no-op. (Did you mean to pass `assign=True` to assign items in the state dictionary to their corresponding key in the module instead of copying them in place?)
(WorkerDict pid=3637328)   module._load_from_state_dict(
(WorkerDict pid=3637328) /home/cxr/miniconda3/envs/vllm/lib/python3.11/site-packages/torch/nn/modules/module.py:2589: UserWarning: for base_model.model.model.layers.44.self_attn.q_proj.lora_B.default.weight: copying from a non-meta parameter in the checkpoint to a meta parameter in the current model, which is a no-op. (Did you mean to pass `assign=True` to assign items in the state dictionary to their corresponding key in the module instead of copying them in place?)
(WorkerDict pid=3637328)   module._load_from_state_dict(
(WorkerDict pid=3637328) /home/cxr/miniconda3/envs/vllm/lib/python3.11/site-packages/torch/nn/modules/module.py:2589: UserWarning: for base_model.model.model.layers.44.self_attn.k_proj.lora_A.default.weight: copying from a non-meta parameter in the checkpoint to a meta parameter in the current model, which is a no-op. (Did you mean to pass `assign=True` to assign items in the state dictionary to their corresponding key in the module instead of copying them in place?)
(WorkerDict pid=3637328)   module._load_from_state_dict(
(WorkerDict pid=3637328) /home/cxr/miniconda3/envs/vllm/lib/python3.11/site-packages/torch/nn/modules/module.py:2589: UserWarning: for base_model.model.model.layers.44.self_attn.k_proj.lora_B.default.weight: copying from a non-meta parameter in the checkpoint to a meta parameter in the current model, which is a no-op. (Did you mean to pass `assign=True` to assign items in the state dictionary to their corresponding key in the module instead of copying them in place?)
(WorkerDict pid=3637328)   module._load_from_state_dict(
(WorkerDict pid=3637328) /home/cxr/miniconda3/envs/vllm/lib/python3.11/site-packages/torch/nn/modules/module.py:2589: UserWarning: for base_model.model.model.layers.44.self_attn.v_proj.lora_A.default.weight: copying from a non-meta parameter in the checkpoint to a meta parameter in the current model, which is a no-op. (Did you mean to pass `assign=True` to assign items in the state dictionary to their corresponding key in the module instead of copying them in place?)
(WorkerDict pid=3637328)   module._load_from_state_dict(
(WorkerDict pid=3637328) /home/cxr/miniconda3/envs/vllm/lib/python3.11/site-packages/torch/nn/modules/module.py:2589: UserWarning: for base_model.model.model.layers.44.self_attn.v_proj.lora_B.default.weight: copying from a non-meta parameter in the checkpoint to a meta parameter in the current model, which is a no-op. (Did you mean to pass `assign=True` to assign items in the state dictionary to their corresponding key in the module instead of copying them in place?)
(WorkerDict pid=3637328)   module._load_from_state_dict(
(WorkerDict pid=3637328) /home/cxr/miniconda3/envs/vllm/lib/python3.11/site-packages/torch/nn/modules/module.py:2589: UserWarning: for base_model.model.model.layers.44.self_attn.o_proj.lora_A.default.weight: copying from a non-meta parameter in the checkpoint to a meta parameter in the current model, which is a no-op. (Did you mean to pass `assign=True` to assign items in the state dictionary to their corresponding key in the module instead of copying them in place?)
(WorkerDict pid=3637328)   module._load_from_state_dict(
(WorkerDict pid=3637328) /home/cxr/miniconda3/envs/vllm/lib/python3.11/site-packages/torch/nn/modules/module.py:2589: UserWarning: for base_model.model.model.layers.44.self_attn.o_proj.lora_B.default.weight: copying from a non-meta parameter in the checkpoint to a meta parameter in the current model, which is a no-op. (Did you mean to pass `assign=True` to assign items in the state dictionary to their corresponding key in the module instead of copying them in place?)
(WorkerDict pid=3637328)   module._load_from_state_dict(
(WorkerDict pid=3637328) /home/cxr/miniconda3/envs/vllm/lib/python3.11/site-packages/torch/nn/modules/module.py:2589: UserWarning: for base_model.model.model.layers.44.mlp.gate_proj.lora_A.default.weight: copying from a non-meta parameter in the checkpoint to a meta parameter in the current model, which is a no-op. (Did you mean to pass `assign=True` to assign items in the state dictionary to their corresponding key in the module instead of copying them in place?)
(WorkerDict pid=3637328)   module._load_from_state_dict(
(WorkerDict pid=3637328) /home/cxr/miniconda3/envs/vllm/lib/python3.11/site-packages/torch/nn/modules/module.py:2589: UserWarning: for base_model.model.model.layers.44.mlp.gate_proj.lora_B.default.weight: copying from a non-meta parameter in the checkpoint to a meta parameter in the current model, which is a no-op. (Did you mean to pass `assign=True` to assign items in the state dictionary to their corresponding key in the module instead of copying them in place?)
(WorkerDict pid=3637328)   module._load_from_state_dict(
(WorkerDict pid=3637328) /home/cxr/miniconda3/envs/vllm/lib/python3.11/site-packages/torch/nn/modules/module.py:2589: UserWarning: for base_model.model.model.layers.44.mlp.up_proj.lora_A.default.weight: copying from a non-meta parameter in the checkpoint to a meta parameter in the current model, which is a no-op. (Did you mean to pass `assign=True` to assign items in the state dictionary to their corresponding key in the module instead of copying them in place?)
(WorkerDict pid=3637328)   module._load_from_state_dict(
(WorkerDict pid=3637328) /home/cxr/miniconda3/envs/vllm/lib/python3.11/site-packages/torch/nn/modules/module.py:2589: UserWarning: for base_model.model.model.layers.44.mlp.up_proj.lora_B.default.weight: copying from a non-meta parameter in the checkpoint to a meta parameter in the current model, which is a no-op. (Did you mean to pass `assign=True` to assign items in the state dictionary to their corresponding key in the module instead of copying them in place?)
(WorkerDict pid=3637328)   module._load_from_state_dict(
(WorkerDict pid=3637328) /home/cxr/miniconda3/envs/vllm/lib/python3.11/site-packages/torch/nn/modules/module.py:2589: UserWarning: for base_model.model.model.layers.44.mlp.down_proj.lora_A.default.weight: copying from a non-meta parameter in the checkpoint to a meta parameter in the current model, which is a no-op. (Did you mean to pass `assign=True` to assign items in the state dictionary to their corresponding key in the module instead of copying them in place?)
(WorkerDict pid=3637328)   module._load_from_state_dict(
(WorkerDict pid=3637328) /home/cxr/miniconda3/envs/vllm/lib/python3.11/site-packages/torch/nn/modules/module.py:2589: UserWarning: for base_model.model.model.layers.44.mlp.down_proj.lora_B.default.weight: copying from a non-meta parameter in the checkpoint to a meta parameter in the current model, which is a no-op. (Did you mean to pass `assign=True` to assign items in the state dictionary to their corresponding key in the module instead of copying them in place?)
(WorkerDict pid=3637328)   module._load_from_state_dict(
(WorkerDict pid=3637328) /home/cxr/miniconda3/envs/vllm/lib/python3.11/site-packages/torch/nn/modules/module.py:2589: UserWarning: for base_model.model.model.layers.45.self_attn.q_proj.lora_A.default.weight: copying from a non-meta parameter in the checkpoint to a meta parameter in the current model, which is a no-op. (Did you mean to pass `assign=True` to assign items in the state dictionary to their corresponding key in the module instead of copying them in place?)
(WorkerDict pid=3637328)   module._load_from_state_dict(
(WorkerDict pid=3637328) /home/cxr/miniconda3/envs/vllm/lib/python3.11/site-packages/torch/nn/modules/module.py:2589: UserWarning: for base_model.model.model.layers.45.self_attn.q_proj.lora_B.default.weight: copying from a non-meta parameter in the checkpoint to a meta parameter in the current model, which is a no-op. (Did you mean to pass `assign=True` to assign items in the state dictionary to their corresponding key in the module instead of copying them in place?)
(WorkerDict pid=3637328)   module._load_from_state_dict(
(WorkerDict pid=3637328) /home/cxr/miniconda3/envs/vllm/lib/python3.11/site-packages/torch/nn/modules/module.py:2589: UserWarning: for base_model.model.model.layers.45.self_attn.k_proj.lora_A.default.weight: copying from a non-meta parameter in the checkpoint to a meta parameter in the current model, which is a no-op. (Did you mean to pass `assign=True` to assign items in the state dictionary to their corresponding key in the module instead of copying them in place?)
(WorkerDict pid=3637328)   module._load_from_state_dict(
(WorkerDict pid=3637328) /home/cxr/miniconda3/envs/vllm/lib/python3.11/site-packages/torch/nn/modules/module.py:2589: UserWarning: for base_model.model.model.layers.45.self_attn.k_proj.lora_B.default.weight: copying from a non-meta parameter in the checkpoint to a meta parameter in the current model, which is a no-op. (Did you mean to pass `assign=True` to assign items in the state dictionary to their corresponding key in the module instead of copying them in place?)
(WorkerDict pid=3637328)   module._load_from_state_dict(
(WorkerDict pid=3637328) /home/cxr/miniconda3/envs/vllm/lib/python3.11/site-packages/torch/nn/modules/module.py:2589: UserWarning: for base_model.model.model.layers.45.self_attn.v_proj.lora_A.default.weight: copying from a non-meta parameter in the checkpoint to a meta parameter in the current model, which is a no-op. (Did you mean to pass `assign=True` to assign items in the state dictionary to their corresponding key in the module instead of copying them in place?)
(WorkerDict pid=3637328)   module._load_from_state_dict(
(WorkerDict pid=3637328) /home/cxr/miniconda3/envs/vllm/lib/python3.11/site-packages/torch/nn/modules/module.py:2589: UserWarning: for base_model.model.model.layers.45.self_attn.v_proj.lora_B.default.weight: copying from a non-meta parameter in the checkpoint to a meta parameter in the current model, which is a no-op. (Did you mean to pass `assign=True` to assign items in the state dictionary to their corresponding key in the module instead of copying them in place?)
(WorkerDict pid=3637328)   module._load_from_state_dict(
(WorkerDict pid=3637328) /home/cxr/miniconda3/envs/vllm/lib/python3.11/site-packages/torch/nn/modules/module.py:2589: UserWarning: for base_model.model.model.layers.45.self_attn.o_proj.lora_A.default.weight: copying from a non-meta parameter in the checkpoint to a meta parameter in the current model, which is a no-op. (Did you mean to pass `assign=True` to assign items in the state dictionary to their corresponding key in the module instead of copying them in place?)
(WorkerDict pid=3637328)   module._load_from_state_dict(
(WorkerDict pid=3637328) /home/cxr/miniconda3/envs/vllm/lib/python3.11/site-packages/torch/nn/modules/module.py:2589: UserWarning: for base_model.model.model.layers.45.self_attn.o_proj.lora_B.default.weight: copying from a non-meta parameter in the checkpoint to a meta parameter in the current model, which is a no-op. (Did you mean to pass `assign=True` to assign items in the state dictionary to their corresponding key in the module instead of copying them in place?)
(WorkerDict pid=3637328)   module._load_from_state_dict(
(WorkerDict pid=3637328) /home/cxr/miniconda3/envs/vllm/lib/python3.11/site-packages/torch/nn/modules/module.py:2589: UserWarning: for base_model.model.model.layers.45.mlp.gate_proj.lora_A.default.weight: copying from a non-meta parameter in the checkpoint to a meta parameter in the current model, which is a no-op. (Did you mean to pass `assign=True` to assign items in the state dictionary to their corresponding key in the module instead of copying them in place?)
(WorkerDict pid=3637328)   module._load_from_state_dict(
(WorkerDict pid=3637328) /home/cxr/miniconda3/envs/vllm/lib/python3.11/site-packages/torch/nn/modules/module.py:2589: UserWarning: for base_model.model.model.layers.45.mlp.gate_proj.lora_B.default.weight: copying from a non-meta parameter in the checkpoint to a meta parameter in the current model, which is a no-op. (Did you mean to pass `assign=True` to assign items in the state dictionary to their corresponding key in the module instead of copying them in place?)
(WorkerDict pid=3637328)   module._load_from_state_dict(
(WorkerDict pid=3637328) /home/cxr/miniconda3/envs/vllm/lib/python3.11/site-packages/torch/nn/modules/module.py:2589: UserWarning: for base_model.model.model.layers.45.mlp.up_proj.lora_A.default.weight: copying from a non-meta parameter in the checkpoint to a meta parameter in the current model, which is a no-op. (Did you mean to pass `assign=True` to assign items in the state dictionary to their corresponding key in the module instead of copying them in place?)
(WorkerDict pid=3637328)   module._load_from_state_dict(
(WorkerDict pid=3637328) /home/cxr/miniconda3/envs/vllm/lib/python3.11/site-packages/torch/nn/modules/module.py:2589: UserWarning: for base_model.model.model.layers.45.mlp.up_proj.lora_B.default.weight: copying from a non-meta parameter in the checkpoint to a meta parameter in the current model, which is a no-op. (Did you mean to pass `assign=True` to assign items in the state dictionary to their corresponding key in the module instead of copying them in place?)
(WorkerDict pid=3637328)   module._load_from_state_dict(
(WorkerDict pid=3637328) /home/cxr/miniconda3/envs/vllm/lib/python3.11/site-packages/torch/nn/modules/module.py:2589: UserWarning: for base_model.model.model.layers.45.mlp.down_proj.lora_A.default.weight: copying from a non-meta parameter in the checkpoint to a meta parameter in the current model, which is a no-op. (Did you mean to pass `assign=True` to assign items in the state dictionary to their corresponding key in the module instead of copying them in place?)
(WorkerDict pid=3637328)   module._load_from_state_dict(
(WorkerDict pid=3637328) /home/cxr/miniconda3/envs/vllm/lib/python3.11/site-packages/torch/nn/modules/module.py:2589: UserWarning: for base_model.model.model.layers.45.mlp.down_proj.lora_B.default.weight: copying from a non-meta parameter in the checkpoint to a meta parameter in the current model, which is a no-op. (Did you mean to pass `assign=True` to assign items in the state dictionary to their corresponding key in the module instead of copying them in place?)
(WorkerDict pid=3637328)   module._load_from_state_dict(
(WorkerDict pid=3637328) /home/cxr/miniconda3/envs/vllm/lib/python3.11/site-packages/torch/nn/modules/module.py:2589: UserWarning: for base_model.model.model.layers.46.self_attn.q_proj.lora_A.default.weight: copying from a non-meta parameter in the checkpoint to a meta parameter in the current model, which is a no-op. (Did you mean to pass `assign=True` to assign items in the state dictionary to their corresponding key in the module instead of copying them in place?)
(WorkerDict pid=3637328)   module._load_from_state_dict(
(WorkerDict pid=3637328) /home/cxr/miniconda3/envs/vllm/lib/python3.11/site-packages/torch/nn/modules/module.py:2589: UserWarning: for base_model.model.model.layers.46.self_attn.q_proj.lora_B.default.weight: copying from a non-meta parameter in the checkpoint to a meta parameter in the current model, which is a no-op. (Did you mean to pass `assign=True` to assign items in the state dictionary to their corresponding key in the module instead of copying them in place?)
(WorkerDict pid=3637328)   module._load_from_state_dict(
(WorkerDict pid=3637328) /home/cxr/miniconda3/envs/vllm/lib/python3.11/site-packages/torch/nn/modules/module.py:2589: UserWarning: for base_model.model.model.layers.46.self_attn.k_proj.lora_A.default.weight: copying from a non-meta parameter in the checkpoint to a meta parameter in the current model, which is a no-op. (Did you mean to pass `assign=True` to assign items in the state dictionary to their corresponding key in the module instead of copying them in place?)
(WorkerDict pid=3637328)   module._load_from_state_dict(
(WorkerDict pid=3637328) /home/cxr/miniconda3/envs/vllm/lib/python3.11/site-packages/torch/nn/modules/module.py:2589: UserWarning: for base_model.model.model.layers.46.self_attn.k_proj.lora_B.default.weight: copying from a non-meta parameter in the checkpoint to a meta parameter in the current model, which is a no-op. (Did you mean to pass `assign=True` to assign items in the state dictionary to their corresponding key in the module instead of copying them in place?)
(WorkerDict pid=3637328)   module._load_from_state_dict(
(WorkerDict pid=3637328) /home/cxr/miniconda3/envs/vllm/lib/python3.11/site-packages/torch/nn/modules/module.py:2589: UserWarning: for base_model.model.model.layers.46.self_attn.v_proj.lora_A.default.weight: copying from a non-meta parameter in the checkpoint to a meta parameter in the current model, which is a no-op. (Did you mean to pass `assign=True` to assign items in the state dictionary to their corresponding key in the module instead of copying them in place?)
(WorkerDict pid=3637328)   module._load_from_state_dict(
(WorkerDict pid=3637328) /home/cxr/miniconda3/envs/vllm/lib/python3.11/site-packages/torch/nn/modules/module.py:2589: UserWarning: for base_model.model.model.layers.46.self_attn.v_proj.lora_B.default.weight: copying from a non-meta parameter in the checkpoint to a meta parameter in the current model, which is a no-op. (Did you mean to pass `assign=True` to assign items in the state dictionary to their corresponding key in the module instead of copying them in place?)
(WorkerDict pid=3637328)   module._load_from_state_dict(
(WorkerDict pid=3637328) /home/cxr/miniconda3/envs/vllm/lib/python3.11/site-packages/torch/nn/modules/module.py:2589: UserWarning: for base_model.model.model.layers.46.self_attn.o_proj.lora_A.default.weight: copying from a non-meta parameter in the checkpoint to a meta parameter in the current model, which is a no-op. (Did you mean to pass `assign=True` to assign items in the state dictionary to their corresponding key in the module instead of copying them in place?)
(WorkerDict pid=3637328)   module._load_from_state_dict(
(WorkerDict pid=3637328) /home/cxr/miniconda3/envs/vllm/lib/python3.11/site-packages/torch/nn/modules/module.py:2589: UserWarning: for base_model.model.model.layers.46.self_attn.o_proj.lora_B.default.weight: copying from a non-meta parameter in the checkpoint to a meta parameter in the current model, which is a no-op. (Did you mean to pass `assign=True` to assign items in the state dictionary to their corresponding key in the module instead of copying them in place?)
(WorkerDict pid=3637328)   module._load_from_state_dict(
(WorkerDict pid=3637328) /home/cxr/miniconda3/envs/vllm/lib/python3.11/site-packages/torch/nn/modules/module.py:2589: UserWarning: for base_model.model.model.layers.46.mlp.gate_proj.lora_A.default.weight: copying from a non-meta parameter in the checkpoint to a meta parameter in the current model, which is a no-op. (Did you mean to pass `assign=True` to assign items in the state dictionary to their corresponding key in the module instead of copying them in place?)
(WorkerDict pid=3637328)   module._load_from_state_dict(
(WorkerDict pid=3637328) /home/cxr/miniconda3/envs/vllm/lib/python3.11/site-packages/torch/nn/modules/module.py:2589: UserWarning: for base_model.model.model.layers.46.mlp.gate_proj.lora_B.default.weight: copying from a non-meta parameter in the checkpoint to a meta parameter in the current model, which is a no-op. (Did you mean to pass `assign=True` to assign items in the state dictionary to their corresponding key in the module instead of copying them in place?)
(WorkerDict pid=3637328)   module._load_from_state_dict(
(WorkerDict pid=3637328) /home/cxr/miniconda3/envs/vllm/lib/python3.11/site-packages/torch/nn/modules/module.py:2589: UserWarning: for base_model.model.model.layers.46.mlp.up_proj.lora_A.default.weight: copying from a non-meta parameter in the checkpoint to a meta parameter in the current model, which is a no-op. (Did you mean to pass `assign=True` to assign items in the state dictionary to their corresponding key in the module instead of copying them in place?)
(WorkerDict pid=3637328)   module._load_from_state_dict(
(WorkerDict pid=3637328) /home/cxr/miniconda3/envs/vllm/lib/python3.11/site-packages/torch/nn/modules/module.py:2589: UserWarning: for base_model.model.model.layers.46.mlp.up_proj.lora_B.default.weight: copying from a non-meta parameter in the checkpoint to a meta parameter in the current model, which is a no-op. (Did you mean to pass `assign=True` to assign items in the state dictionary to their corresponding key in the module instead of copying them in place?)
(WorkerDict pid=3637328)   module._load_from_state_dict(
(WorkerDict pid=3637328) /home/cxr/miniconda3/envs/vllm/lib/python3.11/site-packages/torch/nn/modules/module.py:2589: UserWarning: for base_model.model.model.layers.46.mlp.down_proj.lora_A.default.weight: copying from a non-meta parameter in the checkpoint to a meta parameter in the current model, which is a no-op. (Did you mean to pass `assign=True` to assign items in the state dictionary to their corresponding key in the module instead of copying them in place?)
(WorkerDict pid=3637328)   module._load_from_state_dict(
(WorkerDict pid=3637328) /home/cxr/miniconda3/envs/vllm/lib/python3.11/site-packages/torch/nn/modules/module.py:2589: UserWarning: for base_model.model.model.layers.46.mlp.down_proj.lora_B.default.weight: copying from a non-meta parameter in the checkpoint to a meta parameter in the current model, which is a no-op. (Did you mean to pass `assign=True` to assign items in the state dictionary to their corresponding key in the module instead of copying them in place?)
(WorkerDict pid=3637328)   module._load_from_state_dict(
(WorkerDict pid=3637328) /home/cxr/miniconda3/envs/vllm/lib/python3.11/site-packages/torch/nn/modules/module.py:2589: UserWarning: for base_model.model.model.layers.47.self_attn.q_proj.lora_A.default.weight: copying from a non-meta parameter in the checkpoint to a meta parameter in the current model, which is a no-op. (Did you mean to pass `assign=True` to assign items in the state dictionary to their corresponding key in the module instead of copying them in place?)
(WorkerDict pid=3637328)   module._load_from_state_dict(
(WorkerDict pid=3637328) /home/cxr/miniconda3/envs/vllm/lib/python3.11/site-packages/torch/nn/modules/module.py:2589: UserWarning: for base_model.model.model.layers.47.self_attn.q_proj.lora_B.default.weight: copying from a non-meta parameter in the checkpoint to a meta parameter in the current model, which is a no-op. (Did you mean to pass `assign=True` to assign items in the state dictionary to their corresponding key in the module instead of copying them in place?)
(WorkerDict pid=3637328)   module._load_from_state_dict(
(WorkerDict pid=3637328) /home/cxr/miniconda3/envs/vllm/lib/python3.11/site-packages/torch/nn/modules/module.py:2589: UserWarning: for base_model.model.model.layers.47.self_attn.k_proj.lora_A.default.weight: copying from a non-meta parameter in the checkpoint to a meta parameter in the current model, which is a no-op. (Did you mean to pass `assign=True` to assign items in the state dictionary to their corresponding key in the module instead of copying them in place?)
(WorkerDict pid=3637328)   module._load_from_state_dict(
(WorkerDict pid=3637328) /home/cxr/miniconda3/envs/vllm/lib/python3.11/site-packages/torch/nn/modules/module.py:2589: UserWarning: for base_model.model.model.layers.47.self_attn.k_proj.lora_B.default.weight: copying from a non-meta parameter in the checkpoint to a meta parameter in the current model, which is a no-op. (Did you mean to pass `assign=True` to assign items in the state dictionary to their corresponding key in the module instead of copying them in place?)
(WorkerDict pid=3637328)   module._load_from_state_dict(
(WorkerDict pid=3637328) /home/cxr/miniconda3/envs/vllm/lib/python3.11/site-packages/torch/nn/modules/module.py:2589: UserWarning: for base_model.model.model.layers.47.self_attn.v_proj.lora_A.default.weight: copying from a non-meta parameter in the checkpoint to a meta parameter in the current model, which is a no-op. (Did you mean to pass `assign=True` to assign items in the state dictionary to their corresponding key in the module instead of copying them in place?)
(WorkerDict pid=3637328)   module._load_from_state_dict(
(WorkerDict pid=3637328) /home/cxr/miniconda3/envs/vllm/lib/python3.11/site-packages/torch/nn/modules/module.py:2589: UserWarning: for base_model.model.model.layers.47.self_attn.v_proj.lora_B.default.weight: copying from a non-meta parameter in the checkpoint to a meta parameter in the current model, which is a no-op. (Did you mean to pass `assign=True` to assign items in the state dictionary to their corresponding key in the module instead of copying them in place?)
(WorkerDict pid=3637328)   module._load_from_state_dict(
(WorkerDict pid=3637328) /home/cxr/miniconda3/envs/vllm/lib/python3.11/site-packages/torch/nn/modules/module.py:2589: UserWarning: for base_model.model.model.layers.47.self_attn.o_proj.lora_A.default.weight: copying from a non-meta parameter in the checkpoint to a meta parameter in the current model, which is a no-op. (Did you mean to pass `assign=True` to assign items in the state dictionary to their corresponding key in the module instead of copying them in place?)
(WorkerDict pid=3637328)   module._load_from_state_dict(
(WorkerDict pid=3637328) /home/cxr/miniconda3/envs/vllm/lib/python3.11/site-packages/torch/nn/modules/module.py:2589: UserWarning: for base_model.model.model.layers.47.self_attn.o_proj.lora_B.default.weight: copying from a non-meta parameter in the checkpoint to a meta parameter in the current model, which is a no-op. (Did you mean to pass `assign=True` to assign items in the state dictionary to their corresponding key in the module instead of copying them in place?)
(WorkerDict pid=3637328)   module._load_from_state_dict(
(WorkerDict pid=3637328) /home/cxr/miniconda3/envs/vllm/lib/python3.11/site-packages/torch/nn/modules/module.py:2589: UserWarning: for base_model.model.model.layers.47.mlp.gate_proj.lora_A.default.weight: copying from a non-meta parameter in the checkpoint to a meta parameter in the current model, which is a no-op. (Did you mean to pass `assign=True` to assign items in the state dictionary to their corresponding key in the module instead of copying them in place?)
(WorkerDict pid=3637328)   module._load_from_state_dict(
(WorkerDict pid=3637328) /home/cxr/miniconda3/envs/vllm/lib/python3.11/site-packages/torch/nn/modules/module.py:2589: UserWarning: for base_model.model.model.layers.47.mlp.gate_proj.lora_B.default.weight: copying from a non-meta parameter in the checkpoint to a meta parameter in the current model, which is a no-op. (Did you mean to pass `assign=True` to assign items in the state dictionary to their corresponding key in the module instead of copying them in place?)
(WorkerDict pid=3637328)   module._load_from_state_dict(
(WorkerDict pid=3637328) /home/cxr/miniconda3/envs/vllm/lib/python3.11/site-packages/torch/nn/modules/module.py:2589: UserWarning: for base_model.model.model.layers.47.mlp.up_proj.lora_A.default.weight: copying from a non-meta parameter in the checkpoint to a meta parameter in the current model, which is a no-op. (Did you mean to pass `assign=True` to assign items in the state dictionary to their corresponding key in the module instead of copying them in place?)
(WorkerDict pid=3637328)   module._load_from_state_dict(
(WorkerDict pid=3637328) /home/cxr/miniconda3/envs/vllm/lib/python3.11/site-packages/torch/nn/modules/module.py:2589: UserWarning: for base_model.model.model.layers.47.mlp.up_proj.lora_B.default.weight: copying from a non-meta parameter in the checkpoint to a meta parameter in the current model, which is a no-op. (Did you mean to pass `assign=True` to assign items in the state dictionary to their corresponding key in the module instead of copying them in place?)
(WorkerDict pid=3637328)   module._load_from_state_dict(
(WorkerDict pid=3637328) /home/cxr/miniconda3/envs/vllm/lib/python3.11/site-packages/torch/nn/modules/module.py:2589: UserWarning: for base_model.model.model.layers.47.mlp.down_proj.lora_A.default.weight: copying from a non-meta parameter in the checkpoint to a meta parameter in the current model, which is a no-op. (Did you mean to pass `assign=True` to assign items in the state dictionary to their corresponding key in the module instead of copying them in place?)
(WorkerDict pid=3637328)   module._load_from_state_dict(
(WorkerDict pid=3637328) /home/cxr/miniconda3/envs/vllm/lib/python3.11/site-packages/torch/nn/modules/module.py:2589: UserWarning: for base_model.model.model.layers.47.mlp.down_proj.lora_B.default.weight: copying from a non-meta parameter in the checkpoint to a meta parameter in the current model, which is a no-op. (Did you mean to pass `assign=True` to assign items in the state dictionary to their corresponding key in the module instead of copying them in place?)
(WorkerDict pid=3637328)   module._load_from_state_dict(
(WorkerDict pid=3637328) [transformers] `Qwen2VLImageProcessorFast` is deprecated. The `Fast` suffix for image processors has been removed; use `Qwen2VLImageProcessor` instead.
(WorkerDict pid=3637328) Loading weights:  96%|█████████▌| 556/579 [00:12<00:00, 47.90it/s] [repeated 5x across cluster]
(WorkerDict pid=3637328) Loading weights:  98%|█████████▊| 568/579 [00:12<00:00, 47.81it/s]Loading weights: 100%|██████████| 579/579 [00:12<00:00, 47.01it/s]
(WorkerDict pid=3637327) [transformers] `Qwen2VLImageProcessorFast` is deprecated. The `Fast` suffix for image processors has been removed; use `Qwen2VLImageProcessor` instead.
(pid=3639296) [transformers] `Qwen2VLImageProcessorFast` is deprecated. The `Fast` suffix for image processors has been removed; use `Qwen2VLImageProcessor` instead.
(vLLMHttpServer pid=3639296) [transformers] `Qwen2VLImageProcessorFast` is deprecated. The `Fast` suffix for image processors has been removed; use `Qwen2VLImageProcessor` instead.
(vLLMHttpServer pid=3639296) [transformers] `Qwen2VLImageProcessorFast` is deprecated. The `Fast` suffix for image processors has been removed; use `Qwen2VLImageProcessor` instead.
(vLLMHttpServer pid=3639296) (Worker pid=3640249) /home/cxr/miniconda3/envs/vllm/lib/python3.11/site-packages/torch/library.py:363: UserWarning: Warning only once for all operators,  other operators may also be overridden.
(vLLMHttpServer pid=3639296) (Worker pid=3640249)   Overriding a previously registered kernel for the same operator and the same dispatch key
(vLLMHttpServer pid=3639296) (Worker pid=3640249)   operator: aten::_log_softmax(Tensor self, int dim, bool half_to_float) -> Tensor
(vLLMHttpServer pid=3639296) (Worker pid=3640249)     registered at /pytorch/build/aten/src/ATen/RegisterSchema.cpp:6
(vLLMHttpServer pid=3639296) (Worker pid=3640249)   dispatch key: CUDA
(vLLMHttpServer pid=3639296) (Worker pid=3640249)   previous kernel: registered at /pytorch/build/aten/src/ATen/RegisterCPU_3.cpp:3799
(vLLMHttpServer pid=3639296) (Worker pid=3640249)        new kernel: registered at /home/cxr/ds4-deploy/vllm/vllm/model_executor/layers/batch_invariant.py:913 (Triggered internally at /pytorch/aten/src/ATen/core/dispatch/OperatorEntry.cpp:208.)
(vLLMHttpServer pid=3639296) (Worker pid=3640249)   self.m.impl(
(vLLMHttpServer pid=3639296) [W910 22:51:23.596029800 Context.cpp:541] Warning: torch.backends.cuda.preferred_blas_library is an experimental feature. If you see any error or unexpected behavior when this flag is set please file an issue on GitHub. (function operator())
(vLLMHttpServer pid=3639296) (Worker pid=3640250) /home/cxr/miniconda3/envs/vllm/lib/python3.11/site-packages/torch/library.py:363: UserWarning: Warning only once for all operators,  other operators may also be overridden.
(vLLMHttpServer pid=3639296) (Worker pid=3640250)   Overriding a previously registered kernel for the same operator and the same dispatch key
(vLLMHttpServer pid=3639296) (Worker pid=3640250)   operator: aten::_log_softmax(Tensor self, int dim, bool half_to_float) -> Tensor
(vLLMHttpServer pid=3639296) (Worker pid=3640250)     registered at /pytorch/build/aten/src/ATen/RegisterSchema.cpp:6
(vLLMHttpServer pid=3639296) (Worker pid=3640250)   dispatch key: CUDA
(vLLMHttpServer pid=3639296) (Worker pid=3640250)   previous kernel: registered at /pytorch/build/aten/src/ATen/RegisterCPU_3.cpp:3799
(vLLMHttpServer pid=3639296) (Worker pid=3640250)        new kernel: registered at /home/cxr/ds4-deploy/vllm/vllm/model_executor/layers/batch_invariant.py:913 (Triggered internally at /pytorch/aten/src/ATen/core/dispatch/OperatorEntry.cpp:208.)
(vLLMHttpServer pid=3639296) (Worker pid=3640250)   self.m.impl(
(vLLMHttpServer pid=3639296) [W910 22:51:23.674905349 Context.cpp:541] Warning: torch.backends.cuda.preferred_blas_library is an experimental feature. If you see any error or unexpected behavior when this flag is set please file an issue on GitHub. (function operator())
(vLLMHttpServer pid=3639296) (Worker_TP1 pid=3640250) /home/cxr/ds4-deploy/vllm/vllm/device_allocator/cumem.py:274: FutureWarning: torch.cuda._set_allocator_settings is deprecated. Use torch._C._accelerator_setAllocatorSettings instead.
(vLLMHttpServer pid=3639296) (Worker_TP1 pid=3640250)   torch.cuda.memory._set_allocator_settings("expandable_segments:False")
(vLLMHttpServer pid=3639296) (Worker_TP0 pid=3640249) /home/cxr/ds4-deploy/vllm/vllm/device_allocator/cumem.py:274: FutureWarning: torch.cuda._set_allocator_settings is deprecated. Use torch._C._accelerator_setAllocatorSettings instead.
(vLLMHttpServer pid=3639296) (Worker_TP0 pid=3640249)   torch.cuda.memory._set_allocator_settings("expandable_segments:False")
(vLLMHttpServer pid=3639296) (Worker_TP0 pid=3640249) /home/cxr/ds4-deploy/vllm/vllm/device_allocator/cumem.py:308: FutureWarning: torch.cuda._set_allocator_settings is deprecated. Use torch._C._accelerator_setAllocatorSettings instead.
(vLLMHttpServer pid=3639296) (Worker_TP0 pid=3640249)   torch.cuda.memory._set_allocator_settings("expandable_segments:True")
(vLLMHttpServer pid=3639296) (Worker_TP1 pid=3640250) /home/cxr/ds4-deploy/vllm/vllm/device_allocator/cumem.py:308: FutureWarning: torch.cuda._set_allocator_settings is deprecated. Use torch._C._accelerator_setAllocatorSettings instead.
(vLLMHttpServer pid=3639296) (Worker_TP1 pid=3640250)   torch.cuda.memory._set_allocator_settings("expandable_segments:True")
(vLLMHttpServer pid=3639296) (Worker_TP1 pid=3640250) /home/cxr/miniconda3/envs/vllm/lib/python3.11/site-packages/torch/_dynamo/variables/functions.py:2202: UserWarning: Dynamo detected a call to a `functools.lru_cache`-wrapped function at 'batch_invariant.py:141'. Dynamo ignores the cache wrapper and directly traces the wrapped function. Silent incorrectness is only a *potential* risk, not something we have observed. Enable TORCH_LOGS=+dynamo for a DEBUG stack trace.
(vLLMHttpServer pid=3639296) (Worker_TP0 pid=3640249) /home/cxr/miniconda3/envs/vllm/lib/python3.11/site-packages/torch/_dynamo/variables/functions.py:2202: UserWarning: Dynamo detected a call to a `functools.lru_cache`-wrapped function at 'batch_invariant.py:141'. Dynamo ignores the cache wrapper and directly traces the wrapped function. Silent incorrectness is only a *potential* risk, not something we have observed. Enable TORCH_LOGS=+dynamo for a DEBUG stack trace.
(vLLMHttpServer pid=3639296) (Worker_TP1 pid=3640250) 
(vLLMHttpServer pid=3639296) (Worker_TP1 pid=3640250) This call originates from:
(vLLMHttpServer pid=3639296) (Worker_TP0 pid=3640249) 
(vLLMHttpServer pid=3639296) (Worker_TP1 pid=3640250)   File "/home/cxr/ds4-deploy/vllm/vllm/model_executor/layers/batch_invariant.py", line 141, in matmul_persistent
(vLLMHttpServer pid=3639296) (Worker_TP0 pid=3640249) This call originates from:
(vLLMHttpServer pid=3639296) (Worker_TP1 pid=3640250)     NUM_SMS = num_compute_units(a.device.index)
(vLLMHttpServer pid=3639296) (Worker_TP0 pid=3640249)   File "/home/cxr/ds4-deploy/vllm/vllm/model_executor/layers/batch_invariant.py", line 141, in matmul_persistent
(vLLMHttpServer pid=3639296) (Worker_TP1 pid=3640250) 
(vLLMHttpServer pid=3639296) (Worker_TP0 pid=3640249)     NUM_SMS = num_compute_units(a.device.index)
(vLLMHttpServer pid=3639296) (Worker_TP1 pid=3640250)   torch._dynamo.utils.warn_once(msg)
(vLLMHttpServer pid=3639296) (Worker_TP0 pid=3640249) 
(vLLMHttpServer pid=3639296) (Worker_TP0 pid=3640249)   torch._dynamo.utils.warn_once(msg)
(vLLMHttpServer pid=3639296) (Worker_TP0 pid=3640249) /home/cxr/ds4-deploy/vllm/vllm/device_allocator/cumem.py:274: FutureWarning: torch.cuda._set_allocator_settings is deprecated. Use torch._C._accelerator_setAllocatorSettings instead.
(vLLMHttpServer pid=3639296) (Worker_TP1 pid=3640250) /home/cxr/ds4-deploy/vllm/vllm/device_allocator/cumem.py:274: FutureWarning: torch.cuda._set_allocator_settings is deprecated. Use torch._C._accelerator_setAllocatorSettings instead.
(vLLMHttpServer pid=3639296) (Worker_TP0 pid=3640249)   torch.cuda.memory._set_allocator_settings("expandable_segments:False")
(vLLMHttpServer pid=3639296) (Worker_TP1 pid=3640250)   torch.cuda.memory._set_allocator_settings("expandable_segments:False")
(vLLMHttpServer pid=3639296) (Worker_TP0 pid=3640249) /home/cxr/ds4-deploy/vllm/vllm/device_allocator/cumem.py:308: FutureWarning: torch.cuda._set_allocator_settings is deprecated. Use torch._C._accelerator_setAllocatorSettings instead.
(vLLMHttpServer pid=3639296) (Worker_TP0 pid=3640249)   torch.cuda.memory._set_allocator_settings("expandable_segments:True")
(vLLMHttpServer pid=3639296) (Worker_TP1 pid=3640250) /home/cxr/ds4-deploy/vllm/vllm/device_allocator/cumem.py:308: FutureWarning: torch.cuda._set_allocator_settings is deprecated. Use torch._C._accelerator_setAllocatorSettings instead.
(vLLMHttpServer pid=3639296) (Worker_TP1 pid=3640250)   torch.cuda.memory._set_allocator_settings("expandable_segments:True")
(vLLMHttpServer pid=3639296) (Worker_TP0 pid=3640249) 2026-09-10 22:52:06,192 - INFO - autotuner.py:457 - flashinfer.jit: [Autotuner]: Autotuning process starts ...
(vLLMHttpServer pid=3639296) (Worker_TP1 pid=3640250) 2026-09-10 22:52:06,192 - INFO - autotuner.py:457 - flashinfer.jit: [Autotuner]: Autotuning process starts ...
(vLLMHttpServer pid=3639296) (Worker_TP1 pid=3640250) 2026-09-10 22:52:06,260 - INFO - autotuner.py:466 - flashinfer.jit: [Autotuner]: Autotuning process ends
(vLLMHttpServer pid=3639296) (Worker_TP0 pid=3640249) 2026-09-10 22:52:06,263 - INFO - autotuner.py:466 - flashinfer.jit: [Autotuner]: Autotuning process ends
(vLLMHttpServer pid=3639296) (Worker_TP0 pid=3640249) Capturing CUDA graphs (mixed prefill-decode, PIECEWISE):   0%|          | 0/102 [00:00<?, ?it/s]
(vLLMHttpServer pid=3639296) Capturing CUDA graphs (mixed prefill-decode, PIECEWISE):   1%|          | 1/102 [00:00<00:39,  2.57it/s]
(vLLMHttpServer pid=3639296) Capturing CUDA graphs (mixed prefill-decode, PIECEWISE):   2%|▏         | 2/102 [00:00<00:27,  3.59it/s]
(vLLMHttpServer pid=3639296) Capturing CUDA graphs (mixed prefill-decode, PIECEWISE):   3%|▎         | 3/102 [00:00<00:27,  3.61it/s]
(vLLMHttpServer pid=3639296) Capturing CUDA graphs (mixed prefill-decode, PIECEWISE):   4%|▍         | 4/102 [00:01<00:24,  4.08it/s]
(vLLMHttpServer pid=3639296) Capturing CUDA graphs (mixed prefill-decode, PIECEWISE):   5%|▍         | 5/102 [00:01<00:23,  4.04it/s]
(vLLMHttpServer pid=3639296) Capturing CUDA graphs (mixed prefill-decode, PIECEWISE):   6%|▌         | 6/102 [00:01<00:22,  4.20it/s]
(vLLMHttpServer pid=3639296) Capturing CUDA graphs (mixed prefill-decode, PIECEWISE):   7%|▋         | 7/102 [00:01<00:23,  4.03it/s]
(vLLMHttpServer pid=3639296) Capturing CUDA graphs (mixed prefill-decode, PIECEWISE):   8%|▊         | 8/102 [00:02<00:22,  4.16it/s]
(vLLMHttpServer pid=3639296) Capturing CUDA graphs (mixed prefill-decode, PIECEWISE):   9%|▉         | 9/102 [00:02<00:23,  3.95it/s]
(vLLMHttpServer pid=3639296) Capturing CUDA graphs (mixed prefill-decode, PIECEWISE):  10%|▉         | 10/102 [00:02<00:21,  4.18it/s]
(vLLMHttpServer pid=3639296) Capturing CUDA graphs (mixed prefill-decode, PIECEWISE):  11%|█         | 11/102 [00:02<00:21,  4.24it/s]
(vLLMHttpServer pid=3639296) Capturing CUDA graphs (mixed prefill-decode, PIECEWISE):  12%|█▏        | 12/102 [00:02<00:19,  4.51it/s]
(vLLMHttpServer pid=3639296) Capturing CUDA graphs (mixed prefill-decode, PIECEWISE):  13%|█▎        | 13/102 [00:03<00:20,  4.25it/s]
(vLLMHttpServer pid=3639296) Capturing CUDA graphs (mixed prefill-decode, PIECEWISE):  14%|█▎        | 14/102 [00:03<00:19,  4.41it/s]
(vLLMHttpServer pid=3639296) Capturing CUDA graphs (mixed prefill-decode, PIECEWISE):  15%|█▍        | 15/102 [00:03<00:21,  4.05it/s]
(vLLMHttpServer pid=3639296) Capturing CUDA graphs (mixed prefill-decode, PIECEWISE):  16%|█▌        | 16/102 [00:03<00:21,  4.07it/s]
(vLLMHttpServer pid=3639296) Capturing CUDA graphs (mixed prefill-decode, PIECEWISE):  17%|█▋        | 17/102 [00:04<00:21,  3.98it/s]
(vLLMHttpServer pid=3639296) Capturing CUDA graphs (mixed prefill-decode, PIECEWISE):  18%|█▊        | 18/102 [00:04<00:19,  4.30it/s]
(vLLMHttpServer pid=3639296) Capturing CUDA graphs (mixed prefill-decode, PIECEWISE):  19%|█▊        | 19/102 [00:04<00:19,  4.21it/s]
(vLLMHttpServer pid=3639296) Capturing CUDA graphs (mixed prefill-decode, PIECEWISE):  20%|█▉        | 20/102 [00:04<00:18,  4.54it/s]
(vLLMHttpServer pid=3639296) Capturing CUDA graphs (mixed prefill-decode, PIECEWISE):  21%|██        | 21/102 [00:05<00:18,  4.28it/s]
(vLLMHttpServer pid=3639296) Capturing CUDA graphs (mixed prefill-decode, PIECEWISE):  22%|██▏       | 22/102 [00:05<00:17,  4.60it/s]
(vLLMHttpServer pid=3639296) Capturing CUDA graphs (mixed prefill-decode, PIECEWISE):  23%|██▎       | 23/102 [00:05<00:18,  4.37it/s]
(vLLMHttpServer pid=3639296) Capturing CUDA graphs (mixed prefill-decode, PIECEWISE):  24%|██▎       | 24/102 [00:05<00:16,  4.60it/s]
(vLLMHttpServer pid=3639296) Capturing CUDA graphs (mixed prefill-decode, PIECEWISE):  25%|██▍       | 25/102 [00:05<00:17,  4.35it/s]
(vLLMHttpServer pid=3639296) Capturing CUDA graphs (mixed prefill-decode, PIECEWISE):  25%|██▌       | 26/102 [00:06<00:16,  4.51it/s]
(vLLMHttpServer pid=3639296) Capturing CUDA graphs (mixed prefill-decode, PIECEWISE):  26%|██▋       | 27/102 [00:06<00:17,  4.23it/s]
(vLLMHttpServer pid=3639296) Capturing CUDA graphs (mixed prefill-decode, PIECEWISE):  27%|██▋       | 28/102 [00:06<00:16,  4.43it/s]
(vLLMHttpServer pid=3639296) Capturing CUDA graphs (mixed prefill-decode, PIECEWISE):  28%|██▊       | 29/102 [00:06<00:17,  4.19it/s]
(vLLMHttpServer pid=3639296) Capturing CUDA graphs (mixed prefill-decode, PIECEWISE):  29%|██▉       | 30/102 [00:07<00:16,  4.33it/s]
(vLLMHttpServer pid=3639296) Capturing CUDA graphs (mixed prefill-decode, PIECEWISE):  30%|███       | 31/102 [00:07<00:17,  4.16it/s]
(vLLMHttpServer pid=3639296) Capturing CUDA graphs (mixed prefill-decode, PIECEWISE):  31%|███▏      | 32/102 [00:07<00:16,  4.34it/s]
(vLLMHttpServer pid=3639296) Capturing CUDA graphs (mixed prefill-decode, PIECEWISE):  32%|███▏      | 33/102 [00:07<00:16,  4.14it/s]
(vLLMHttpServer pid=3639296) Capturing CUDA graphs (mixed prefill-decode, PIECEWISE):  33%|███▎      | 34/102 [00:08<00:15,  4.43it/s]
(vLLMHttpServer pid=3639296) Capturing CUDA graphs (mixed prefill-decode, PIECEWISE):  34%|███▍      | 35/102 [00:08<00:16,  4.08it/s]
(vLLMHttpServer pid=3639296) Capturing CUDA graphs (mixed prefill-decode, PIECEWISE):  35%|███▌      | 36/102 [00:08<00:15,  4.31it/s]
(vLLMHttpServer pid=3639296) Capturing CUDA graphs (mixed prefill-decode, PIECEWISE):  36%|███▋      | 37/102 [00:08<00:15,  4.29it/s]
(vLLMHttpServer pid=3639296) Capturing CUDA graphs (mixed prefill-decode, PIECEWISE):  37%|███▋      | 38/102 [00:08<00:14,  4.49it/s]
(vLLMHttpServer pid=3639296) Capturing CUDA graphs (mixed prefill-decode, PIECEWISE):  38%|███▊      | 39/102 [00:09<00:14,  4.28it/s]
(vLLMHttpServer pid=3639296) Capturing CUDA graphs (mixed prefill-decode, PIECEWISE):  39%|███▉      | 40/102 [00:09<00:13,  4.51it/s]
(vLLMHttpServer pid=3639296) Capturing CUDA graphs (mixed prefill-decode, PIECEWISE):  40%|████      | 41/102 [00:09<00:14,  4.25it/s]
(vLLMHttpServer pid=3639296) Capturing CUDA graphs (mixed prefill-decode, PIECEWISE):  41%|████      | 42/102 [00:09<00:13,  4.44it/s]
(vLLMHttpServer pid=3639296) Capturing CUDA graphs (mixed prefill-decode, PIECEWISE):  42%|████▏     | 43/102 [00:10<00:13,  4.27it/s]
(vLLMHttpServer pid=3639296) Capturing CUDA graphs (mixed prefill-decode, PIECEWISE):  43%|████▎     | 44/102 [00:10<00:13,  4.25it/s]
(vLLMHttpServer pid=3639296) Capturing CUDA graphs (mixed prefill-decode, PIECEWISE):  44%|████▍     | 45/102 [00:10<00:13,  4.15it/s]
(vLLMHttpServer pid=3639296) Capturing CUDA graphs (mixed prefill-decode, PIECEWISE):  45%|████▌     | 46/102 [00:10<00:13,  4.26it/s]
(vLLMHttpServer pid=3639296) Capturing CUDA graphs (mixed prefill-decode, PIECEWISE):  46%|████▌     | 47/102 [00:11<00:13,  4.01it/s]
(vLLMHttpServer pid=3639296) Capturing CUDA graphs (mixed prefill-decode, PIECEWISE):  47%|████▋     | 48/102 [00:11<00:12,  4.15it/s]
(vLLMHttpServer pid=3639296) Capturing CUDA graphs (mixed prefill-decode, PIECEWISE):  48%|████▊     | 49/102 [00:11<00:12,  4.15it/s]
(vLLMHttpServer pid=3639296) Capturing CUDA graphs (mixed prefill-decode, PIECEWISE):  49%|████▉     | 50/102 [00:11<00:12,  4.29it/s]
(vLLMHttpServer pid=3639296) Capturing CUDA graphs (mixed prefill-decode, PIECEWISE):  50%|█████     | 51/102 [00:12<00:12,  4.12it/s]
(vLLMHttpServer pid=3639296) Capturing CUDA graphs (mixed prefill-decode, PIECEWISE):  51%|█████     | 52/102 [00:12<00:11,  4.24it/s]
(vLLMHttpServer pid=3639296) Capturing CUDA graphs (mixed prefill-decode, PIECEWISE):  52%|█████▏    | 53/102 [00:12<00:11,  4.08it/s]
(vLLMHttpServer pid=3639296) Capturing CUDA graphs (mixed prefill-decode, PIECEWISE):  53%|█████▎    | 54/102 [00:12<00:11,  4.13it/s]
(vLLMHttpServer pid=3639296) Capturing CUDA graphs (mixed prefill-decode, PIECEWISE):  54%|█████▍    | 55/102 [00:13<00:11,  3.92it/s]
(vLLMHttpServer pid=3639296) Capturing CUDA graphs (mixed prefill-decode, PIECEWISE):  55%|█████▍    | 56/102 [00:13<00:11,  4.11it/s]
(vLLMHttpServer pid=3639296) Capturing CUDA graphs (mixed prefill-decode, PIECEWISE):  56%|█████▌    | 57/102 [00:13<00:11,  3.96it/s]
(vLLMHttpServer pid=3639296) Capturing CUDA graphs (mixed prefill-decode, PIECEWISE):  57%|█████▋    | 58/102 [00:13<00:11,  3.92it/s]
(vLLMHttpServer pid=3639296) Capturing CUDA graphs (mixed prefill-decode, PIECEWISE):  58%|█████▊    | 59/102 [00:14<00:11,  3.77it/s]
(vLLMHttpServer pid=3639296) Capturing CUDA graphs (mixed prefill-decode, PIECEWISE):  59%|█████▉    | 60/102 [00:14<00:10,  3.97it/s]
(vLLMHttpServer pid=3639296) Capturing CUDA graphs (mixed prefill-decode, PIECEWISE):  60%|█████▉    | 61/102 [00:14<00:10,  3.83it/s]
(vLLMHttpServer pid=3639296) Capturing CUDA graphs (mixed prefill-decode, PIECEWISE):  61%|██████    | 62/102 [00:14<00:10,  3.77it/s]
(vLLMHttpServer pid=3639296) Capturing CUDA graphs (mixed prefill-decode, PIECEWISE):  62%|██████▏   | 63/102 [00:15<00:10,  3.67it/s]
(vLLMHttpServer pid=3639296) Capturing CUDA graphs (mixed prefill-decode, PIECEWISE):  63%|██████▎   | 64/102 [00:15<00:09,  3.83it/s]
(vLLMHttpServer pid=3639296) Capturing CUDA graphs (mixed prefill-decode, PIECEWISE):  64%|██████▎   | 65/102 [00:15<00:09,  3.73it/s]
(vLLMHttpServer pid=3639296) Capturing CUDA graphs (mixed prefill-decode, PIECEWISE):  65%|██████▍   | 66/102 [00:15<00:09,  3.90it/s]
(vLLMHttpServer pid=3639296) Capturing CUDA graphs (mixed prefill-decode, PIECEWISE):  66%|██████▌   | 67/102 [00:16<00:09,  3.81it/s]
(vLLMHttpServer pid=3639296) Capturing CUDA graphs (mixed prefill-decode, PIECEWISE):  67%|██████▋   | 68/102 [00:16<00:08,  3.87it/s]
(vLLMHttpServer pid=3639296) Capturing CUDA graphs (mixed prefill-decode, PIECEWISE):  68%|██████▊   | 69/102 [00:16<00:08,  3.83it/s]
(vLLMHttpServer pid=3639296) Capturing CUDA graphs (mixed prefill-decode, PIECEWISE):  69%|██████▊   | 70/102 [00:16<00:08,  3.96it/s]
(vLLMHttpServer pid=3639296) Capturing CUDA graphs (mixed prefill-decode, PIECEWISE):  70%|██████▉   | 71/102 [00:17<00:07,  3.97it/s]
(vLLMHttpServer pid=3639296) Capturing CUDA graphs (mixed prefill-decode, PIECEWISE):  71%|███████   | 72/102 [00:17<00:07,  4.06it/s]
(vLLMHttpServer pid=3639296) Capturing CUDA graphs (mixed prefill-decode, PIECEWISE):  72%|███████▏  | 73/102 [00:17<00:07,  3.97it/s]
(vLLMHttpServer pid=3639296) Capturing CUDA graphs (mixed prefill-decode, PIECEWISE):  73%|███████▎  | 74/102 [00:17<00:06,  4.06it/s]
(vLLMHttpServer pid=3639296) Capturing CUDA graphs (mixed prefill-decode, PIECEWISE):  74%|███████▎  | 75/102 [00:18<00:06,  3.86it/s]
(vLLMHttpServer pid=3639296) Capturing CUDA graphs (mixed prefill-decode, PIECEWISE):  75%|███████▍  | 76/102 [00:18<00:06,  4.00it/s]
(vLLMHttpServer pid=3639296) Capturing CUDA graphs (mixed prefill-decode, PIECEWISE):  75%|███████▌  | 77/102 [00:18<00:06,  3.87it/s]
(vLLMHttpServer pid=3639296) Capturing CUDA graphs (mixed prefill-decode, PIECEWISE):  76%|███████▋  | 78/102 [00:18<00:05,  4.02it/s]
(vLLMHttpServer pid=3639296) Capturing CUDA graphs (mixed prefill-decode, PIECEWISE):  77%|███████▋  | 79/102 [00:19<00:05,  3.88it/s]
(vLLMHttpServer pid=3639296) Capturing CUDA graphs (mixed prefill-decode, PIECEWISE):  78%|███████▊  | 80/102 [00:19<00:05,  3.98it/s]
(vLLMHttpServer pid=3639296) Capturing CUDA graphs (mixed prefill-decode, PIECEWISE):  79%|███████▉  | 81/102 [00:19<00:05,  3.85it/s]
(vLLMHttpServer pid=3639296) Capturing CUDA graphs (mixed prefill-decode, PIECEWISE):  80%|████████  | 82/102 [00:20<00:05,  3.92it/s]
(vLLMHttpServer pid=3639296) Capturing CUDA graphs (mixed prefill-decode, PIECEWISE):  81%|████████▏ | 83/102 [00:20<00:05,  3.79it/s]
(vLLMHttpServer pid=3639296) Capturing CUDA graphs (mixed prefill-decode, PIECEWISE):  82%|████████▏ | 84/102 [00:20<00:04,  3.89it/s]
(vLLMHttpServer pid=3639296) Capturing CUDA graphs (mixed prefill-decode, PIECEWISE):  83%|████████▎ | 85/102 [00:20<00:04,  3.74it/s]
(vLLMHttpServer pid=3639296) Capturing CUDA graphs (mixed prefill-decode, PIECEWISE):  84%|████████▍ | 86/102 [00:21<00:04,  3.82it/s]
(vLLMHttpServer pid=3639296) Capturing CUDA graphs (mixed prefill-decode, PIECEWISE):  85%|████████▌ | 87/102 [00:21<00:03,  3.76it/s]
(vLLMHttpServer pid=3639296) Capturing CUDA graphs (mixed prefill-decode, PIECEWISE):  86%|████████▋ | 88/102 [00:21<00:03,  3.88it/s]
(vLLMHttpServer pid=3639296) Capturing CUDA graphs (mixed prefill-decode, PIECEWISE):  87%|████████▋ | 89/102 [00:21<00:03,  3.76it/s]
(vLLMHttpServer pid=3639296) Capturing CUDA graphs (mixed prefill-decode, PIECEWISE):  88%|████████▊ | 90/102 [00:22<00:03,  3.84it/s]
(vLLMHttpServer pid=3639296) Capturing CUDA graphs (mixed prefill-decode, PIECEWISE):  89%|████████▉ | 91/102 [00:22<00:02,  3.72it/s]
(vLLMHttpServer pid=3639296) Capturing CUDA graphs (mixed prefill-decode, PIECEWISE):  90%|█████████ | 92/102 [00:22<00:02,  3.82it/s]
(vLLMHttpServer pid=3639296) Capturing CUDA graphs (mixed prefill-decode, PIECEWISE):  91%|█████████ | 93/102 [00:22<00:02,  3.66it/s]
(vLLMHttpServer pid=3639296) Capturing CUDA graphs (mixed prefill-decode, PIECEWISE):  92%|█████████▏| 94/102 [00:23<00:02,  3.73it/s]
(vLLMHttpServer pid=3639296) Capturing CUDA graphs (mixed prefill-decode, PIECEWISE):  93%|█████████▎| 95/102 [00:23<00:01,  3.59it/s]
(vLLMHttpServer pid=3639296) Capturing CUDA graphs (mixed prefill-decode, PIECEWISE):  94%|█████████▍| 96/102 [00:23<00:01,  3.69it/s]
(vLLMHttpServer pid=3639296) Capturing CUDA graphs (mixed prefill-decode, PIECEWISE):  95%|█████████▌| 97/102 [00:24<00:01,  3.59it/s]
(vLLMHttpServer pid=3639296) Capturing CUDA graphs (mixed prefill-decode, PIECEWISE):  96%|█████████▌| 98/102 [00:24<00:01,  3.63it/s]
(vLLMHttpServer pid=3639296) Capturing CUDA graphs (mixed prefill-decode, PIECEWISE):  97%|█████████▋| 99/102 [00:24<00:00,  3.51it/s]
(vLLMHttpServer pid=3639296) Capturing CUDA graphs (mixed prefill-decode, PIECEWISE):  98%|█████████▊| 100/102 [00:24<00:00,  3.53it/s]
(vLLMHttpServer pid=3639296) Capturing CUDA graphs (mixed prefill-decode, PIECEWISE):  99%|█████████▉| 101/102 [00:25<00:00,  3.30it/s]
(vLLMHttpServer pid=3639296) Capturing CUDA graphs (mixed prefill-decode, PIECEWISE): 100%|██████████| 102/102 [00:25<00:00,  3.37it/s]Capturing CUDA graphs (mixed prefill-decode, PIECEWISE): 100%|██████████| 102/102 [00:25<00:00,  3.99it/s]
(vLLMHttpServer pid=3639296) (Worker_TP0 pid=3640249) Capturing CUDA graphs (decode, FULL):   0%|          | 0/102 [00:00<?, ?it/s]
(vLLMHttpServer pid=3639296) Capturing CUDA graphs (decode, FULL):   1%|          | 1/102 [00:00<00:44,  2.26it/s]
(vLLMHttpServer pid=3639296) Capturing CUDA graphs (decode, FULL):   2%|▏         | 2/102 [00:00<00:31,  3.17it/s]
(vLLMHttpServer pid=3639296) Capturing CUDA graphs (decode, FULL):   3%|▎         | 3/102 [00:00<00:27,  3.55it/s]
(vLLMHttpServer pid=3639296) Capturing CUDA graphs (decode, FULL):   4%|▍         | 4/102 [00:01<00:25,  3.80it/s]
(vLLMHttpServer pid=3639296) Capturing CUDA graphs (decode, FULL):   5%|▍         | 5/102 [00:01<00:26,  3.63it/s]
(vLLMHttpServer pid=3639296) Capturing CUDA graphs (decode, FULL):   6%|▌         | 6/102 [00:01<00:25,  3.83it/s]
(vLLMHttpServer pid=3639296) Capturing CUDA graphs (decode, FULL):   7%|▋         | 7/102 [00:01<00:24,  3.87it/s]
(vLLMHttpServer pid=3639296) Capturing CUDA graphs (decode, FULL):   8%|▊         | 8/102 [00:02<00:23,  3.97it/s]
(vLLMHttpServer pid=3639296) Capturing CUDA graphs (decode, FULL):   9%|▉         | 9/102 [00:02<00:24,  3.82it/s]
(vLLMHttpServer pid=3639296) Capturing CUDA graphs (decode, FULL):  10%|▉         | 10/102 [00:02<00:23,  3.92it/s]
(vLLMHttpServer pid=3639296) Capturing CUDA graphs (decode, FULL):  11%|█         | 11/102 [00:02<00:23,  3.90it/s]
(vLLMHttpServer pid=3639296) Capturing CUDA graphs (decode, FULL):  12%|█▏        | 12/102 [00:03<00:21,  4.13it/s]
(vLLMHttpServer pid=3639296) Capturing CUDA graphs (decode, FULL):  13%|█▎        | 13/102 [00:03<00:21,  4.06it/s]
(vLLMHttpServer pid=3639296) Capturing CUDA graphs (decode, FULL):  14%|█▎        | 14/102 [00:03<00:21,  4.09it/s]
(vLLMHttpServer pid=3639296) Capturing CUDA graphs (decode, FULL):  15%|█▍        | 15/102 [00:03<00:22,  3.92it/s]
(vLLMHttpServer pid=3639296) Capturing CUDA graphs (decode, FULL):  16%|█▌        | 16/102 [00:04<00:20,  4.11it/s]
(vLLMHttpServer pid=3639296) Capturing CUDA graphs (decode, FULL):  17%|█▋        | 17/102 [00:04<00:21,  4.04it/s]
(vLLMHttpServer pid=3639296) Capturing CUDA graphs (decode, FULL):  18%|█▊        | 18/102 [00:04<00:19,  4.42it/s]
(vLLMHttpServer pid=3639296) Capturing CUDA graphs (decode, FULL):  19%|█▊        | 19/102 [00:04<00:20,  4.14it/s]
(vLLMHttpServer pid=3639296) Capturing CUDA graphs (decode, FULL):  20%|█▉        | 20/102 [00:05<00:19,  4.27it/s]
(vLLMHttpServer pid=3639296) Capturing CUDA graphs (decode, FULL):  21%|██        | 21/102 [00:05<00:19,  4.06it/s]
(vLLMHttpServer pid=3639296) Capturing CUDA graphs (decode, FULL):  22%|██▏       | 22/102 [00:05<00:18,  4.27it/s]
(vLLMHttpServer pid=3639296) Capturing CUDA graphs (decode, FULL):  23%|██▎       | 23/102 [00:05<00:18,  4.16it/s]
(vLLMHttpServer pid=3639296) Capturing CUDA graphs (decode, FULL):  24%|██▎       | 24/102 [00:06<00:17,  4.39it/s]
(vLLMHttpServer pid=3639296) Capturing CUDA graphs (decode, FULL):  25%|██▍       | 25/102 [00:06<00:18,  4.21it/s]
(vLLMHttpServer pid=3639296) Capturing CUDA graphs (decode, FULL):  25%|██▌       | 26/102 [00:06<00:17,  4.47it/s]
(vLLMHttpServer pid=3639296) Capturing CUDA graphs (decode, FULL):  26%|██▋       | 27/102 [00:06<00:18,  4.15it/s]
(vLLMHttpServer pid=3639296) Capturing CUDA graphs (decode, FULL):  27%|██▋       | 28/102 [00:06<00:16,  4.43it/s]
(vLLMHttpServer pid=3639296) Capturing CUDA graphs (decode, FULL):  28%|██▊       | 29/102 [00:07<00:17,  4.21it/s]
(vLLMHttpServer pid=3639296) Capturing CUDA graphs (decode, FULL):  29%|██▉       | 30/102 [00:07<00:15,  4.56it/s]
(vLLMHttpServer pid=3639296) Capturing CUDA graphs (decode, FULL):  30%|███       | 31/102 [00:07<00:17,  4.05it/s]
(vLLMHttpServer pid=3639296) Capturing CUDA graphs (decode, FULL):  31%|███▏      | 32/102 [00:07<00:16,  4.23it/s]
(vLLMHttpServer pid=3639296) Capturing CUDA graphs (decode, FULL):  32%|███▏      | 33/102 [00:08<00:16,  4.27it/s]
(vLLMHttpServer pid=3639296) Capturing CUDA graphs (decode, FULL):  33%|███▎      | 34/102 [00:08<00:14,  4.56it/s]
(vLLMHttpServer pid=3639296) Capturing CUDA graphs (decode, FULL):  34%|███▍      | 35/102 [00:08<00:15,  4.33it/s]
(vLLMHttpServer pid=3639296) Capturing CUDA graphs (decode, FULL):  35%|███▌      | 36/102 [00:08<00:14,  4.61it/s]
(vLLMHttpServer pid=3639296) Capturing CUDA graphs (decode, FULL):  36%|███▋      | 37/102 [00:08<00:14,  4.57it/s]
(vLLMHttpServer pid=3639296) Capturing CUDA graphs (decode, FULL):  37%|███▋      | 38/102 [00:09<00:13,  4.62it/s]
(vLLMHttpServer pid=3639296) Capturing CUDA graphs (decode, FULL):  38%|███▊      | 39/102 [00:09<00:14,  4.46it/s]
(vLLMHttpServer pid=3639296) Capturing CUDA graphs (decode, FULL):  39%|███▉      | 40/102 [00:09<00:12,  4.78it/s]
(vLLMHttpServer pid=3639296) Capturing CUDA graphs (decode, FULL):  40%|████      | 41/102 [00:09<00:13,  4.54it/s]
(vLLMHttpServer pid=3639296) Capturing CUDA graphs (decode, FULL):  41%|████      | 42/102 [00:10<00:13,  4.61it/s]
(vLLMHttpServer pid=3639296) Capturing CUDA graphs (decode, FULL):  42%|████▏     | 43/102 [00:10<00:13,  4.34it/s]
(vLLMHttpServer pid=3639296) Capturing CUDA graphs (decode, FULL):  43%|████▎     | 44/102 [00:10<00:12,  4.65it/s]
(vLLMHttpServer pid=3639296) Capturing CUDA graphs (decode, FULL):  44%|████▍     | 45/102 [00:10<00:12,  4.49it/s]
(vLLMHttpServer pid=3639296) Capturing CUDA graphs (decode, FULL):  45%|████▌     | 46/102 [00:10<00:11,  4.75it/s]
(vLLMHttpServer pid=3639296) Capturing CUDA graphs (decode, FULL):  46%|████▌     | 47/102 [00:11<00:12,  4.57it/s]
(vLLMHttpServer pid=3639296) Capturing CUDA graphs (decode, FULL):  47%|████▋     | 48/102 [00:11<00:11,  4.87it/s]
(vLLMHttpServer pid=3639296) Capturing CUDA graphs (decode, FULL):  48%|████▊     | 49/102 [00:11<00:11,  4.46it/s]
(vLLMHttpServer pid=3639296) Capturing CUDA graphs (decode, FULL):  49%|████▉     | 50/102 [00:11<00:10,  4.75it/s]
(vLLMHttpServer pid=3639296) Capturing CUDA graphs (decode, FULL):  50%|█████     | 51/102 [00:12<00:11,  4.50it/s]
(vLLMHttpServer pid=3639296) Capturing CUDA graphs (decode, FULL):  51%|█████     | 52/102 [00:12<00:10,  4.76it/s]
(vLLMHttpServer pid=3639296) Capturing CUDA graphs (decode, FULL):  52%|█████▏    | 53/102 [00:12<00:10,  4.52it/s]
(vLLMHttpServer pid=3639296) Capturing CUDA graphs (decode, FULL):  53%|█████▎    | 54/102 [00:12<00:10,  4.69it/s]
(vLLMHttpServer pid=3639296) Capturing CUDA graphs (decode, FULL):  54%|█████▍    | 55/102 [00:12<00:10,  4.31it/s]
(vLLMHttpServer pid=3639296) Capturing CUDA graphs (decode, FULL):  55%|█████▍    | 56/102 [00:13<00:10,  4.24it/s]
(vLLMHttpServer pid=3639296) Capturing CUDA graphs (decode, FULL):  56%|█████▌    | 57/102 [00:13<00:10,  4.22it/s]
(vLLMHttpServer pid=3639296) Capturing CUDA graphs (decode, FULL):  57%|█████▋    | 58/102 [00:13<00:09,  4.59it/s]
(vLLMHttpServer pid=3639296) Capturing CUDA graphs (decode, FULL):  58%|█████▊    | 59/102 [00:13<00:09,  4.41it/s]
(vLLMHttpServer pid=3639296) Capturing CUDA graphs (decode, FULL):  59%|█████▉    | 60/102 [00:14<00:09,  4.65it/s]
(vLLMHttpServer pid=3639296) Capturing CUDA graphs (decode, FULL):  60%|█████▉    | 61/102 [00:14<00:09,  4.41it/s]
(vLLMHttpServer pid=3639296) Capturing CUDA graphs (decode, FULL):  61%|██████    | 62/102 [00:14<00:08,  4.69it/s]
(vLLMHttpServer pid=3639296) Capturing CUDA graphs (decode, FULL):  62%|██████▏   | 63/102 [00:14<00:08,  4.40it/s]
(vLLMHttpServer pid=3639296) Capturing CUDA graphs (decode, FULL):  63%|██████▎   | 64/102 [00:14<00:08,  4.65it/s]
(vLLMHttpServer pid=3639296) Capturing CUDA graphs (decode, FULL):  64%|██████▎   | 65/102 [00:15<00:08,  4.57it/s]
(vLLMHttpServer pid=3639296) Capturing CUDA graphs (decode, FULL):  65%|██████▍   | 66/102 [00:15<00:07,  4.82it/s]
(vLLMHttpServer pid=3639296) Capturing CUDA graphs (decode, FULL):  66%|██████▌   | 67/102 [00:15<00:07,  4.68it/s]
(vLLMHttpServer pid=3639296) Capturing CUDA graphs (decode, FULL):  67%|██████▋   | 68/102 [00:15<00:06,  4.91it/s]
(vLLMHttpServer pid=3639296) Capturing CUDA graphs (decode, FULL):  68%|██████▊   | 69/102 [00:15<00:06,  4.78it/s]
(vLLMHttpServer pid=3639296) Capturing CUDA graphs (decode, FULL):  69%|██████▊   | 70/102 [00:16<00:06,  5.22it/s]
(vLLMHttpServer pid=3639296) Capturing CUDA graphs (decode, FULL):  70%|██████▉   | 71/102 [00:16<00:06,  5.08it/s]
(vLLMHttpServer pid=3639296) Capturing CUDA graphs (decode, FULL):  71%|███████   | 72/102 [00:16<00:05,  5.50it/s]
(vLLMHttpServer pid=3639296) Capturing CUDA graphs (decode, FULL):  72%|███████▏  | 73/102 [00:16<00:05,  5.11it/s]
(vLLMHttpServer pid=3639296) Capturing CUDA graphs (decode, FULL):  73%|███████▎  | 74/102 [00:16<00:05,  5.35it/s]
(vLLMHttpServer pid=3639296) Capturing CUDA graphs (decode, FULL):  74%|███████▎  | 75/102 [00:17<00:05,  5.25it/s]
(vLLMHttpServer pid=3639296) Capturing CUDA graphs (decode, FULL):  75%|███████▍  | 76/102 [00:17<00:04,  5.45it/s]
(vLLMHttpServer pid=3639296) Capturing CUDA graphs (decode, FULL):  75%|███████▌  | 77/102 [00:17<00:04,  5.33it/s]
(vLLMHttpServer pid=3639296) Capturing CUDA graphs (decode, FULL):  76%|███████▋  | 78/102 [00:17<00:04,  5.52it/s]
(vLLMHttpServer pid=3639296) Capturing CUDA graphs (decode, FULL):  77%|███████▋  | 79/102 [00:17<00:04,  5.14it/s]
(vLLMHttpServer pid=3639296) Capturing CUDA graphs (decode, FULL):  78%|███████▊  | 80/102 [00:17<00:04,  5.32it/s]
(vLLMHttpServer pid=3639296) Capturing CUDA graphs (decode, FULL):  79%|███████▉  | 81/102 [00:18<00:04,  5.03it/s]
(vLLMHttpServer pid=3639296) Capturing CUDA graphs (decode, FULL):  80%|████████  | 82/102 [00:18<00:03,  5.24it/s]
(vLLMHttpServer pid=3639296) Capturing CUDA graphs (decode, FULL):  81%|████████▏ | 83/102 [00:18<00:03,  5.09it/s]
(vLLMHttpServer pid=3639296) Capturing CUDA graphs (decode, FULL):  82%|████████▏ | 84/102 [00:18<00:03,  5.26it/s]
(vLLMHttpServer pid=3639296) Capturing CUDA graphs (decode, FULL):  83%|████████▎ | 85/102 [00:18<00:03,  5.19it/s]
(vLLMHttpServer pid=3639296) Capturing CUDA graphs (decode, FULL):  84%|████████▍ | 86/102 [00:19<00:03,  5.28it/s]
(vLLMHttpServer pid=3639296) Capturing CUDA graphs (decode, FULL):  85%|████████▌ | 87/102 [00:19<00:02,  5.16it/s]
(vLLMHttpServer pid=3639296) Capturing CUDA graphs (decode, FULL):  86%|████████▋ | 88/102 [00:19<00:02,  5.29it/s]
(vLLMHttpServer pid=3639296) Capturing CUDA graphs (decode, FULL):  87%|████████▋ | 89/102 [00:19<00:02,  5.09it/s]
(vLLMHttpServer pid=3639296) Capturing CUDA graphs (decode, FULL):  88%|████████▊ | 90/102 [00:19<00:02,  5.26it/s]
(vLLMHttpServer pid=3639296) Capturing CUDA graphs (decode, FULL):  89%|████████▉ | 91/102 [00:20<00:02,  4.94it/s]
(vLLMHttpServer pid=3639296) Capturing CUDA graphs (decode, FULL):  90%|█████████ | 92/102 [00:20<00:01,  5.16it/s]
(vLLMHttpServer pid=3639296) Capturing CUDA graphs (decode, FULL):  91%|█████████ | 93/102 [00:20<00:01,  5.02it/s]
(vLLMHttpServer pid=3639296) Capturing CUDA graphs (decode, FULL):  92%|█████████▏| 94/102 [00:20<00:01,  5.31it/s]
(vLLMHttpServer pid=3639296) Capturing CUDA graphs (decode, FULL):  93%|█████████▎| 95/102 [00:20<00:01,  4.96it/s]
(vLLMHttpServer pid=3639296) Capturing CUDA graphs (decode, FULL):  94%|█████████▍| 96/102 [00:21<00:01,  5.17it/s]
(vLLMHttpServer pid=3639296) Capturing CUDA graphs (decode, FULL):  95%|█████████▌| 97/102 [00:21<00:00,  5.05it/s]
(vLLMHttpServer pid=3639296) Capturing CUDA graphs (decode, FULL):  96%|█████████▌| 98/102 [00:21<00:00,  5.10it/s]
(vLLMHttpServer pid=3639296) Capturing CUDA graphs (decode, FULL):  97%|█████████▋| 99/102 [00:21<00:00,  4.98it/s]
(vLLMHttpServer pid=3639296) Capturing CUDA graphs (decode, FULL):  98%|█████████▊| 100/102 [00:21<00:00,  5.12it/s]
(vLLMHttpServer pid=3639296) Capturing CUDA graphs (decode, FULL):  99%|█████████▉| 101/102 [00:22<00:00,  5.00it/s]
(vLLMHttpServer pid=3639296) Capturing CUDA graphs (decode, FULL): 100%|██████████| 102/102 [00:22<00:00,  5.29it/s]Capturing CUDA graphs (decode, FULL): 100%|██████████| 102/102 [00:22<00:00,  4.58it/s]
(PiAgentLoopWorker pid=3643643) [transformers] `Qwen2VLImageProcessorFast` is deprecated. The `Fast` suffix for image processors has been removed; use `Qwen2VLImageProcessor` instead.
(raylet) [2026-09-10 22:54:56,319 E 3626024 3626024] (raylet) node_manager.cc:3496: 12 Workers (tasks / actors) killed due to memory pressure (OOM), 0 Workers crashed due to other reasons at node (ID: 34e5470f9b9da7ba06579d8d9a1269f42891bea24c7314d942beb11b, IP: 172.17.43.193) over the last time period. To see more information about the Workers killed on this node, use `ray logs raylet.out -ip 172.17.43.193`
(raylet) 
(raylet) Refer to the documentation on how to address the out of memory issue: https://docs.ray.io/en/latest/ray-observability/user-guides/debug-apps/debug-memory.html. Consider provisioning more memory on this node or reducing task parallelism by requesting more CPUs per task. To adjust the kill threshold, set the environment variable `RAY_memory_usage_threshold` when starting Ray. To disable worker killing, set the environment variable `RAY_memory_monitor_refresh_ms` to zero. Since 2.56, Ray updated the oom killing policy to enabling killing multiple workers and selecting workers based on the time since the task start executing. To revert to the legacy policy of determining worker to oom kill based on owner group size or only selecting a single worker to kill at a time, set the environment variable `RAY_worker_killing_policy_by_group` to true before starting Ray. If the idle workers have a non-trivial memory footprint at the time of OOM (check OOM log for non-selected idle workers), consider setting the environment variable `RAY_idle_worker_killing_memory_threshold_bytes` to a lower value to consider idle workers with lower memory footprint for killing.
(PiAgentLoopWorker pid=3643646) [transformers] `Qwen2VLImageProcessorFast` is deprecated. The `Fast` suffix for image processors has been removed; use `Qwen2VLImageProcessor` instead. [repeated 3x across cluster]
*** SIGTERM received at time=1789052113 on cpu 191 ***
PC: @     0x7130c66910d7  (unknown)  (unknown)
    @     0x7130c6642520  (unknown)  (unknown)
    @ ... and at least 1 more frames
[2026-09-10 22:55:13,989 E 3625053 3625053] logging.cc:474: *** SIGTERM received at time=1789052113 on cpu 191 ***
[2026-09-10 22:55:13,989 E 3625053 3625053] logging.cc:474: PC: @     0x7130c66910d7  (unknown)  (unknown)
[2026-09-10 22:55:13,989 E 3625053 3625053] logging.cc:474:     @     0x7130c6642520  (unknown)  (unknown)
[2026-09-10 22:55:13,989 E 3625053 3625053] logging.cc:474:     @ ... and at least 1 more frames

(WorkerDict pid=3637327)     "full_attention",
(WorkerDict pid=3637327)     "full_attention",
(WorkerDict pid=3637327)     "full_attention"
(WorkerDict pid=3637327)   ],
(WorkerDict pid=3637327)   "max_position_embeddings": 32768,
(WorkerDict pid=3637327)   "max_window_layers": 48,
(WorkerDict pid=3637327)   "model_type": "qwen2",
(WorkerDict pid=3637327)   "num_attention_heads": 40,
(WorkerDict pid=3637327)   "num_hidden_layers": 48,
(WorkerDict pid=3637327)   "num_key_value_heads": 8,
(WorkerDict pid=3637327)   "pad_token_id": 151643,
(WorkerDict pid=3637327)   "rms_norm_eps": 1e-06,
(WorkerDict pid=3637327)   "rope_parameters": {
(WorkerDict pid=3637327)     "rope_theta": 1000000.0,
(WorkerDict pid=3637327)     "rope_type": "default"
(WorkerDict pid=3637327)   },
(WorkerDict pid=3637327)   "sliding_window": null,
(WorkerDict pid=3637327)   "tie_word_embeddings": false,
(WorkerDict pid=3637327)   "transformers_version": "5.6.2",
(WorkerDict pid=3637327)   "use_cache": true,
(WorkerDict pid=3637327)   "use_sliding_window": false,
(WorkerDict pid=3637327)   "vocab_size": 152064
(WorkerDict pid=3637327) }
(WorkerDict pid=3637327) 
(WorkerDict pid=3637328) Monkey patch state_dict in AutoModelForCausalLMWithValueHead. 
(WorkerDict pid=3637328) Skipping monkey patch for Qwen2ForCausalLM as use_fused_kernels is False or fused_kernels_backend is torch
(WorkerDict pid=3637328) Applying LoRA to actor module
(WorkerDict pid=3637328) Loading pre-trained LoRA adapter to actor from: /home/cxr/agentic/checkpoints/sft-runs/qwen14b-base-apps-clean-v2/epoch1
(WorkerDict pid=3637327) PeftModelForCausalLM contains 14.80B parameters
(WorkerDict pid=3637327) wrap_policy: functools.partial(<function _or_policy at 0x79a0b08de480>, policies=[functools.partial(<function lambda_auto_wrap_policy at 0x79a0b08dde40>, lambda_fn=<function get_fsdp_wrap_policy.<locals>.lambda_policy_fn at 0x799df18dde40>), functools.partial(<function transformer_auto_wrap_policy at 0x79a0b08de340>, transformer_layer_cls={<class 'transformers.models.qwen2.modeling_qwen2.Qwen2DecoderLayer'>})])
(WorkerDict pid=3637327) Total steps: 1, num_warmup_steps: 0
(WorkerDict pid=3637327) Actor use_remove_padding=False
(WorkerDict pid=3637327) Actor use_fused_kernels=False
(WorkerDict pid=3637327) Actor use_prefix_grouper=False
(WorkerDict pid=3637327) Monkey patch state_dict in AutoModelForCausalLMWithValueHead. 
(WorkerDict pid=3637327) Skipping monkey patch for Qwen2ForCausalLM as use_fused_kernels is False or fused_kernels_backend is torch
(WorkerDict pid=3637327) Applying LoRA to actor module
(WorkerDict pid=3637327) Loading pre-trained LoRA adapter to actor from: /home/cxr/agentic/checkpoints/sft-runs/qwen14b-base-apps-clean-v2/epoch1
(vLLMHttpServer pid=3639296) ['serve',
(vLLMHttpServer pid=3639296)  '/home/cxr/agentic/models/qwen2.5-coder-14b-base',
(vLLMHttpServer pid=3639296)  '--dtype',
(vLLMHttpServer pid=3639296)  'bfloat16',
(vLLMHttpServer pid=3639296)  '--load_format',
(vLLMHttpServer pid=3639296)  'dummy',
(vLLMHttpServer pid=3639296)  '--distributed_executor_backend',
(vLLMHttpServer pid=3639296)  'mp',
(vLLMHttpServer pid=3639296)  '--worker_extension_cls',
(vLLMHttpServer pid=3639296)  'verl.workers.rollout.vllm_rollout.utils.vLLMColocateWorkerExtension',
(vLLMHttpServer pid=3639296)  '--max_model_len',
(vLLMHttpServer pid=3639296)  '6400',
(vLLMHttpServer pid=3639296)  '--max_num_seqs',
(vLLMHttpServer pid=3639296)  '1024',
(vLLMHttpServer pid=3639296)  '--enable_chunked_prefill',
(vLLMHttpServer pid=3639296)  '--max_num_batched_tokens',
(vLLMHttpServer pid=3639296)  '8192',
(vLLMHttpServer pid=3639296)  '--enable_prefix_caching',
(vLLMHttpServer pid=3639296)  '--enable_sleep_mode',
(vLLMHttpServer pid=3639296)  '--logprobs_mode',
(vLLMHttpServer pid=3639296)  'processed_logprobs',
(vLLMHttpServer pid=3639296)  '--gpu_memory_utilization',
(vLLMHttpServer pid=3639296)  '0.3',
(vLLMHttpServer pid=3639296)  '--disable_log_stats',
(vLLMHttpServer pid=3639296)  '--tensor_parallel_size',
(vLLMHttpServer pid=3639296)  '2',
(vLLMHttpServer pid=3639296)  '--seed',
(vLLMHttpServer pid=3639296)  '0',
(vLLMHttpServer pid=3639296)  '--override_generation_config',
(vLLMHttpServer pid=3639296)  '{"temperature": 1.0, "top_k": -1, "top_p": 1, "repetition_penalty": 1.0, '
(vLLMHttpServer pid=3639296)  '"max_new_tokens": 3584}',
(vLLMHttpServer pid=3639296)  '--hf_overrides',
(vLLMHttpServer pid=3639296)  '{}',
(vLLMHttpServer pid=3639296)  '--scheduling_policy',
(vLLMHttpServer pid=3639296)  'fcfs',
(vLLMHttpServer pid=3639296)  '--compilation_config',
(vLLMHttpServer pid=3639296)  '{"cudagraph_mode": "FULL_AND_PIECEWISE"}',
(vLLMHttpServer pid=3639296)  '--enable_lora',
(vLLMHttpServer pid=3639296)  '--max_loras',
(vLLMHttpServer pid=3639296)  '1',
(vLLMHttpServer pid=3639296)  '--max_lora_rank',
(vLLMHttpServer pid=3639296)  '8']
(vLLMHttpServer pid=3639296) WARNING 09-10 22:51:09 [envs.py:2110] Unknown vLLM environment variable detected: VLLM_ATTENTION_BACKEND
(vLLMHttpServer pid=3639296) WARNING 09-10 22:51:11 [system_utils.py:157] We must use the `spawn` multiprocessing start method. Overriding VLLM_WORKER_MULTIPROC_METHOD to 'spawn'. See https://docs.vllm.ai/en/latest/usage/troubleshooting.html#python-multiprocessing for more information. Reasons: In a Ray actor and can only be spawned; CUDA is initialized
(vLLMHttpServer pid=3639296) (Worker_TP0 pid=3640249) WARNING 09-10 22:52:03 [utils.py:279] Using default LoRA kernel configs
(vLLMHttpServer pid=3639296) WARNING 09-10 22:52:57 [api_router.py:30] LoRA dynamic loading & unloading is enabled in the API server. This should ONLY be used for local development!
(vLLMHttpServer pid=3639296) WARNING 09-10 22:52:57 [model.py:1501] Default vLLM sampling parameters have been overridden by the model's `generation_config.json`: `{'repetition_penalty': 1.0, 'temperature': 1.0, 'top_k': -1, 'top_p': 1, 'max_tokens': 3584}`. If this is not intended, please relaunch vLLM instance with `--generation-config vllm`.
(TaskRunner pid=3636680) AgentLoopManager: ['172.17.43.193:34759']
(PiAgentLoopWorker pid=3643643) Using dataset class: RLHFDataset
(TaskRunner pid=3636680) Checkpoint tracker file does not exist: /home/cxr/verl-closeout/verl-pi/verlpi-smoke/checkpoints/latest_checkpointed_iteration.txt
(TaskRunner pid=3636680) Training from scratch
(PiAgentLoopWorker pid=3643646) Using dataset class: RLHFDataset [repeated 3x across cluster]
